design,category,top,recipe,is_winner,cells,area_um2,wns_ns,tns_ns,abc_delay_ps,runtime_s,status,error,final_wns_slow,final_tns_slow,final_area_um2
alu32,datapath,alu32,yosys_default,0,2064,11001.80,-3.402,-29.322,9544.78,0.8,ok,,,,
alu32,datapath,alu32,orfs_speed,0,2064,10884.19,-1.947,-10.541,8501.65,0.9,ok,,,,
alu32,datapath,alu32,delay_choice_deep_v3,0,2051,11124.42,-1.753,-8.024,8391.89,0.9,ok,,,,
alu32,datapath,alu32,delay_choice_deep,0,2064,10895.45,-1.872,-9.672,8565.83,1.0,ok,,,,
alu32,datapath,alu32,delay_map,0,2454,11901.41,0.723,0.000,6432.42,1.0,ok,,,,
alu32,datapath,alu32,delay_syn2,0,2038,11644.92,-1.227,-2.173,7585.55,1.0,ok,,,,
alu32,datapath,alu32,delay_choice_deep_bb,0,2019,10954.26,-1.766,-11.889,8632.31,1.0,ok,,,,
alu32,datapath,alu32,delay_choice_deep_v4,0,2015,11113.16,-1.100,-1.986,7697.92,1.0,ok,,,,
alu32,datapath,alu32,orfs_area,0,2139,12732.21,-0.485,-0.589,6812.25,1.1,ok,,,,
alu32,datapath,alu32,delay_map_resyn,0,2258,11074.37,-1.268,-6.169,8202.29,1.2,ok,,,,
alu32,datapath,alu32,area_classic,0,2004,10765.32,-2.427,-26.962,9112.10,1.2,ok,,,,
alu32,datapath,alu32,balanced_resyn,0,1977,10719.03,-2.508,-15.271,9155.43,1.3,ok,,,,
alu32,datapath,alu32,area_lut6,0,2039,10936.74,-2.555,-25.585,9075.45,1.4,ok,,,,
alu32,datapath,alu32,delay_triple,0,2020,10870.43,-0.922,-2.070,7656.44,1.7,ok,,,,
alu32,datapath,alu32,delay_map@adder=kogge-stone,0,2665,12951.17,1.181,0.000,5960.46,1.1,ok,,,,
alu32,datapath,alu32,balanced_resyn2x,0,1985,10715.28,-2.429,-17.918,9099.93,1.9,ok,,,,
alu32,datapath,alu32,delay_choice_deep_v3@adder=kogge-stone,0,2150,11547.32,-0.563,-1.355,7370.09,1.0,ok,,,,
alu32,datapath,alu32,area_max,0,1985,10830.39,-2.862,-28.902,9540.73,1.9,ok,,,,
alu32,datapath,alu32,delay_choice_deep@adder=kogge-stone,0,2087,11150.69,-1.669,-13.131,8335.92,1.1,ok,,,,
alu32,datapath,alu32,delay_iter_heavy,0,2001,10636.45,-1.628,-5.097,8260.44,2.1,ok,,,,
alu32,datapath,alu32,delay_syn2@adder=kogge-stone,0,2249,12585.82,0.706,0.000,6006.23,1.0,ok,,,,
alu32,datapath,alu32,delay_choice_deep_bb@adder=kogge-stone,0,2126,11474.76,-0.549,-1.505,7392.62,1.1,ok,,,,
alu32,datapath,alu32,delay_map_resyn@adder=kogge-stone,0,2420,11835.10,0.244,0.000,6927.81,1.3,ok,,,,
alu32,datapath,alu32,balanced_resyn@adder=kogge-stone,0,2041,11349.64,-1.380,-7.081,7926.08,1.3,ok,,,,
alu32,datapath,alu32,delay_choice_deep_v4@adder=kogge-stone,0,2184,11693.72,-0.331,-0.480,7246.32,1.1,ok,,,,
alu32,datapath,alu32,area_classic@adder=kogge-stone,0,2074,11188.23,-2.223,-21.871,8615.33,1.3,ok,,,,
alu32,datapath,alu32,delay_aggressive,0,2001,10844.15,-2.724,-27.100,9314.20,2.8,ok,,,,
alu32,datapath,alu32,delay_triple@adder=kogge-stone,0,2070,11408.44,-0.868,-2.413,7405.08,1.9,ok,,,,
alu32,datapath,alu32,yosys_default@adder=kogge-stone,0,2137,11287.08,-1.575,-16.667,8470.54,1.0,ok,,,,
alu32,datapath,alu32,orfs_area@adder=kogge-stone,0,2197,13160.12,-0.233,-0.233,6468.48,1.3,ok,,,,
alu32,datapath,alu32,orfs_speed@adder=kogge-stone,0,2087,11135.68,-1.675,-14.453,8348.71,1.1,ok,,,,
alu32,datapath,alu32,balanced_resyn2x@adder=kogge-stone,0,2034,10779.09,-1.807,-12.368,8716.12,2.0,ok,,,,
alu32,datapath,alu32,delay_map@adder=han-carlson,0,2471,12021.53,0.660,0.000,6468.47,1.1,ok,,,,
alu32,datapath,alu32,delay_choice_deep_v3@adder=han-carlson,0,2087,11021.82,-1.420,-12.938,8348.14,1.1,ok,,,,
alu32,datapath,alu32,area_lut6@adder=kogge-stone,0,2080,11244.53,-1.383,-10.024,7888.87,1.3,ok,,,,
alu32,datapath,alu32,delay_iter_heavy@adder=kogge-stone,0,2052,11115.66,-0.770,-2.852,7452.83,2.3,ok,,,,
alu32,datapath,alu32,delay_map_resyn@adder=han-carlson,1,2416,11596.12,0.487,0.000,6697.21,1.3,ok,,0.470,0.000,11596.12
alu32,datapath,alu32,delay_choice_deep@adder=han-carlson,0,2034,10874.18,-1.282,-3.164,7708.82,1.1,ok,,,,
alu32,datapath,alu32,balanced_resyn@adder=han-carlson,0,2019,10777.84,-1.583,-8.062,8395.62,1.4,ok,,,,
alu32,datapath,alu32,delay_syn2@adder=han-carlson,0,2123,11597.37,-0.181,-0.181,6646.72,1.0,ok,,,,
alu32,datapath,alu32,delay_choice_deep_bb@adder=han-carlson,0,2043,11104.40,-0.901,-3.146,7847.47,1.1,ok,,,,
alu32,datapath,alu32,delay_aggressive@adder=kogge-stone,0,2064,10910.46,-2.984,-37.199,9567.97,2.8,ok,,,,
alu32,datapath,alu32,delay_choice_deep_v4@adder=han-carlson,0,2006,11164.46,-0.606,-1.279,7382.59,1.1,ok,,,,
alu32,datapath,alu32,area_max@adder=kogge-stone,0,2045,10822.88,-2.401,-25.606,8969.12,2.1,ok,,,,
alu32,datapath,alu32,delay_triple@adder=han-carlson,0,1969,10696.51,-1.108,-8.570,8105.05,1.9,ok,,,,
alu32,datapath,alu32,yosys_default@adder=han-carlson,0,2071,11103.15,-1.729,-23.829,8422.22,0.9,ok,,,,
alu32,datapath,alu32,orfs_area@adder=han-carlson,0,2219,12938.66,-0.210,-0.210,6394.26,1.2,ok,,,,
alu32,datapath,alu32,orfs_speed@adder=han-carlson,0,2034,10851.66,-1.259,-3.202,7745.79,1.0,ok,,,,
alu32,datapath,alu32,area_classic@adder=han-carlson,0,2030,11153.20,-2.863,-30.780,9668.64,1.3,ok,,,,
alu32,datapath,alu32,delay_map@adder=sklansky,0,2447,11750.02,0.667,0.000,6324.14,1.0,ok,,,,
alu32,datapath,alu32,delay_iter_heavy@adder=han-carlson,0,1969,10809.12,-0.944,-6.364,7975.55,2.2,ok,,,,
alu32,datapath,alu32,area_lut6@adder=han-carlson,0,2051,11010.56,-2.235,-26.859,9005.64,1.4,ok,,,,
alu32,datapath,alu32,delay_choice_deep_v3@adder=sklansky,0,2095,11030.58,-1.788,-14.325,8692.93,0.9,ok,,,,
alu32,datapath,alu32,balanced_resyn2x@adder=han-carlson,0,1995,10717.78,-1.957,-18.922,8621.04,2.0,ok,,,,
alu32,datapath,alu32,delay_map_resyn@adder=sklansky,0,2284,10955.51,-1.239,-5.780,8234.28,1.3,ok,,,,
alu32,datapath,alu32,delay_syn2@adder=sklansky,0,2045,11539.82,-1.033,-6.240,7733.43,1.0,ok,,,,
alu32,datapath,alu32,delay_choice_deep@adder=sklansky,0,2045,10821.63,-1.702,-15.633,8686.55,1.1,ok,,,,
alu32,datapath,alu32,delay_choice_deep_v4@adder=sklansky,0,2030,11041.84,-0.858,-1.177,7457.09,0.9,ok,,,,
alu32,datapath,alu32,delay_choice_deep_bb@adder=sklansky,0,2018,10968.02,-0.869,-0.906,7583.41,1.0,ok,,,,
alu32,datapath,alu32,balanced_resyn@adder=sklansky,0,1978,10770.33,-2.076,-16.535,8789.65,1.3,ok,,,,
alu32,datapath,alu32,area_max@adder=han-carlson,0,1994,10829.14,-3.134,-34.517,9617.33,2.2,ok,,,,
alu32,datapath,alu32,area_classic@adder=sklansky,0,2053,10800.36,-2.635,-30.486,9404.15,1.3,ok,,,,
alu32,datapath,alu32,orfs_area@adder=sklansky,0,2164,12607.09,0.112,0.000,6489.26,1.1,ok,,,,
alu32,datapath,alu32,delay_triple@adder=sklansky,0,2038,10821.63,-0.755,-2.412,7534.32,1.8,ok,,,,
alu32,datapath,alu32,yosys_default@adder=sklansky,0,2053,10999.30,-2.499,-27.162,9020.77,0.9,ok,,,,
alu32,datapath,alu32,orfs_speed@adder=sklansky,0,2045,10900.45,-1.808,-15.178,8785.92,1.0,ok,,,,
alu32,datapath,alu32,delay_map@booth,0,2454,11901.41,0.723,0.000,6432.42,1.0,ok,,,,
alu32,datapath,alu32,area_lut6@adder=sklansky,0,2021,10941.74,-2.535,-24.494,9176.34,1.4,ok,,,,
alu32,datapath,alu32,delay_aggressive@adder=han-carlson,0,2016,10924.23,-2.749,-27.444,9349.34,3.0,ok,,,,
alu32,datapath,alu32,delay_choice_deep_v3@booth,0,2051,11124.42,-1.753,-8.024,8391.89,0.9,ok,,,,
alu32,datapath,alu32,balanced_resyn2x@adder=sklansky,0,1939,10780.34,-3.076,-27.607,9637.83,2.0,ok,,,,
alu32,datapath,alu32,delay_iter_heavy@adder=sklansky,0,2061,10961.76,-0.777,-2.675,7510.79,2.2,ok,,,,
alu32,datapath,alu32,delay_map_resyn@booth,0,2258,11074.37,-1.268,-6.169,8202.29,1.2,ok,,,,
alu32,datapath,alu32,delay_choice_deep@booth,0,2064,10895.45,-1.872,-9.672,8565.83,1.0,ok,,,,
alu32,datapath,alu32,balanced_resyn@booth,0,1977,10719.03,-2.508,-15.271,9155.43,1.3,ok,,,,
alu32,datapath,alu32,delay_syn2@booth,0,2038,11644.92,-1.227,-2.173,7585.55,1.0,ok,,,,
alu32,datapath,alu32,area_max@adder=sklansky,0,1978,11003.05,-2.735,-29.404,9428.44,2.0,ok,,,,
alu32,datapath,alu32,delay_choice_deep_bb@booth,0,2019,10954.26,-1.766,-11.889,8632.31,1.0,ok,,,,
alu32,datapath,alu32,delay_choice_deep_v4@booth,0,2015,11113.16,-1.100,-1.986,7697.92,1.1,ok,,,,
alu32,datapath,alu32,delay_triple@booth,0,2020,10870.43,-0.922,-2.070,7656.44,1.8,ok,,,,
alu32,datapath,alu32,orfs_area@booth,0,2139,12732.21,-0.485,-0.589,6812.25,1.1,ok,,,,
alu32,datapath,alu32,orfs_speed@booth,0,2064,10884.19,-1.947,-10.541,8501.65,1.0,ok,,,,
alu32,datapath,alu32,delay_aggressive@adder=sklansky,0,1997,10894.20,-3.019,-28.900,9587.29,2.8,ok,,,,
alu32,datapath,alu32,yosys_default@booth,0,2064,11001.80,-3.402,-29.322,9544.78,0.9,ok,,,,
alu32,datapath,alu32,area_classic@booth,0,2004,10765.32,-2.427,-26.962,9112.10,1.2,ok,,,,
alu32,datapath,alu32,area_lut6@booth,0,2039,10936.74,-2.555,-25.585,9075.45,1.4,ok,,,,
alu32,datapath,alu32,delay_iter_heavy@booth,0,2001,10636.45,-1.628,-5.097,8260.44,2.1,ok,,,,
alu32,datapath,alu32,balanced_resyn2x@booth,0,1985,10715.28,-2.429,-17.918,9099.93,1.8,ok,,,,
alu32,datapath,alu32,delay_map@booth+adder=kogge-stone,0,2665,12951.17,1.181,0.000,5960.46,1.2,ok,,,,
alu32,datapath,alu32,delay_choice_deep_v3@booth+adder=kogge-stone,0,2150,11547.32,-0.563,-1.355,7370.09,1.1,ok,,,,
alu32,datapath,alu32,delay_map_resyn@booth+adder=kogge-stone,0,2420,11835.10,0.244,0.000,6927.81,1.4,ok,,,,
alu32,datapath,alu32,balanced_resyn@booth+adder=kogge-stone,0,2041,11349.64,-1.380,-7.081,7926.08,1.4,ok,,,,
alu32,datapath,alu32,delay_syn2@booth+adder=kogge-stone,0,2249,12585.82,0.706,0.000,6006.23,1.1,ok,,,,
alu32,datapath,alu32,area_max@booth,0,1985,10830.39,-2.862,-28.902,9540.73,2.1,ok,,,,
alu32,datapath,alu32,delay_choice_deep@booth+adder=kogge-stone,0,2087,11150.69,-1.669,-13.131,8335.92,1.4,ok,,,,
alu32,datapath,alu32,delay_choice_deep_bb@booth+adder=kogge-stone,0,2126,11474.76,-0.549,-1.505,7392.62,1.2,ok,,,,
alu32,datapath,alu32,delay_choice_deep_v4@booth+adder=kogge-stone,0,2184,11693.72,-0.331,-0.480,7246.32,1.2,ok,,,,
alu32,datapath,alu32,area_classic@booth+adder=kogge-stone,0,2074,11188.23,-2.223,-21.871,8615.33,1.4,ok,,,,
alu32,datapath,alu32,delay_aggressive@booth,0,2001,10844.15,-2.724,-27.100,9314.20,2.8,ok,,,,
alu32,datapath,alu32,orfs_area@booth+adder=kogge-stone,0,2197,13160.12,-0.233,-0.233,6468.48,1.2,ok,,,,
alu32,datapath,alu32,delay_triple@booth+adder=kogge-stone,0,2070,11408.44,-0.868,-2.413,7405.08,2.0,ok,,,,
alu32,datapath,alu32,yosys_default@booth+adder=kogge-stone,0,2137,11287.08,-1.575,-16.667,8470.54,0.9,ok,,,,
alu32,datapath,alu32,orfs_speed@booth+adder=kogge-stone,0,2087,11135.68,-1.675,-14.453,8348.71,1.2,ok,,,,
alu32,datapath,alu32,area_lut6@booth+adder=kogge-stone,0,2080,11244.53,-1.383,-10.024,7888.87,1.4,ok,,,,
alu32,datapath,alu32,delay_iter_heavy@booth+adder=kogge-stone,0,2052,11115.66,-0.770,-2.852,7452.83,2.3,ok,,,,
alu32,datapath,alu32,balanced_resyn2x@booth+adder=kogge-stone,0,2034,10779.09,-1.807,-12.368,8716.12,2.0,ok,,,,
alu32,datapath,alu32,area_max@booth+adder=kogge-stone,0,2045,10822.88,-2.401,-25.606,8969.12,2.0,ok,,,,
alu32,datapath,alu32,delay_aggressive@booth+adder=kogge-stone,0,2064,10910.46,-2.984,-37.199,9567.97,2.8,ok,,,,
mul16_pipe,datapath,mul16_pipe,delay_choice_deep_v3,0,1849,12760.99,-0.667,-2.191,8071.68,0.6,ok,,,,
mul16_pipe,datapath,mul16_pipe,orfs_speed,0,1826,12390.63,-0.435,-1.823,8099.35,0.6,ok,,,,
mul16_pipe,datapath,mul16_pipe,delay_syn2,0,2132,13160.12,-1.688,-5.185,9102.21,0.7,ok,,,,
mul16_pipe,datapath,mul16_pipe,delay_choice_deep,0,1826,12390.63,-0.435,-1.823,8099.35,0.7,ok,,,,
mul16_pipe,datapath,mul16_pipe,yosys_default,0,1898,12383.13,-3.324,-23.927,10892.57,0.7,ok,,,,
mul16_pipe,datapath,mul16_pipe,delay_choice_deep_v4,0,1905,12669.65,-1.699,-7.859,9222.78,0.7,ok,,,,
mul16_pipe,datapath,mul16_pipe,delay_choice_deep_bb,0,1915,12730.96,-1.740,-6.693,9384.23,0.7,ok,,,,
mul16_pipe,datapath,mul16_pipe,delay_map,0,4202,20882.53,0.657,0.000,7225.72,0.9,ok,,,,
mul16_pipe,datapath,mul16_pipe,balanced_resyn,0,1860,12463.20,-0.411,-0.667,8087.58,1.0,ok,,,,
mul16_pipe,datapath,mul16_pipe,orfs_area,0,2122,13609.30,-0.473,-0.694,8022.13,1.0,ok,,,,
mul16_pipe,datapath,mul16_pipe,area_classic,0,1852,12220.47,-3.280,-23.844,10776.83,1.0,ok,,,,
mul16_pipe,datapath,mul16_pipe,delay_map_resyn,0,3000,15598.71,0.574,0.000,7350.71,1.1,ok,,,,
mul16_pipe,datapath,mul16_pipe,area_lut6,0,1851,12265.51,-3.226,-18.560,10799.00,1.1,ok,,,,
mul16_pipe,datapath,mul16_pipe,delay_triple,0,1871,12426.92,-0.706,-3.904,8270.90,1.5,ok,,,,
mul16_pipe,datapath,mul16_pipe,balanced_resyn2x,0,1876,12494.48,-1.179,-4.471,8491.98,1.6,ok,,,,
mul16_pipe,datapath,mul16_pipe,delay_iter_heavy,0,1864,12370.61,-0.550,-2.827,8244.83,1.8,ok,,,,
mul16_pipe,datapath,mul16_pipe,balanced_resyn@adder=kogge-stone,0,1946,13071.29,-0.612,-0.949,7858.77,1.1,ok,,,,
mul16_pipe,datapath,mul16_pipe,area_max,0,1892,12512.00,-3.045,-19.411,10338.18,1.9,ok,,,,
mul16_pipe,datapath,mul16_pipe,delay_map_resyn@adder=kogge-stone,0,3709,18019.78,1.058,0.000,6706.97,1.3,ok,,,,
mul16_pipe,datapath,mul16_pipe,delay_choice_deep_v3@adder=kogge-stone,0,1919,13127.59,-0.262,-0.387,7825.76,1.3,ok,,,,
mul16_pipe,datapath,mul16_pipe,delay_syn2@adder=kogge-stone,0,2288,14916.81,0.311,0.000,7324.98,1.1,ok,,,,
mul16_pipe,datapath,mul16_pipe,delay_choice_deep@adder=kogge-stone,0,1897,12982.45,-0.138,-0.196,7745.51,1.6,ok,,,,
mul16_pipe,datapath,mul16_pipe,area_classic@adder=kogge-stone,0,1911,12588.32,-2.394,-15.834,9872.17,1.2,ok,,,,
mul16_pipe,datapath,mul16_pipe,delay_map@adder=kogge-stone,0,4394,22258.85,1.071,0.000,6874.53,1.8,ok,,,,
mul16_pipe,datapath,mul16_pipe,delay_choice_deep_bb@adder=kogge-stone,0,1981,13352.81,0.018,0.000,7786.45,1.4,ok,,,,
mul16_pipe,datapath,mul16_pipe,delay_choice_deep_v4@adder=kogge-stone,0,1979,13563.01,-0.424,-0.479,7876.79,1.5,ok,,,,
mul16_pipe,datapath,mul16_pipe,yosys_default@adder=kogge-stone,0,1948,12755.98,-1.848,-8.201,9342.38,0.7,ok,,,,
mul16_pipe,datapath,mul16_pipe,orfs_area@adder=kogge-stone,0,2259,14760.41,0.031,0.000,7409.05,1.2,ok,,,,
mul16_pipe,datapath,mul16_pipe,delay_aggressive,0,1875,12533.27,-2.497,-15.905,9955.20,2.7,ok,,,,
mul16_pipe,datapath,mul16_pipe,balanced_resyn2x@adder=kogge-stone,0,1925,12887.36,-0.507,-0.944,7876.34,2.0,ok,,,,
mul16_pipe,datapath,mul16_pipe,area_lut6@adder=kogge-stone,0,1882,12529.52,-2.442,-15.998,9833.38,1.3,ok,,,,
mul16_pipe,datapath,mul16_pipe,delay_choice_deep_v3@adder=han-carlson,0,1872,12872.35,-0.509,-1.166,8010.54,0.9,ok,,,,
mul16_pipe,datapath,mul16_pipe,delay_triple@adder=kogge-stone,0,1965,13081.30,-0.277,-0.341,7768.58,2.5,ok,,,,
mul16_pipe,datapath,mul16_pipe,delay_map_resyn@adder=han-carlson,0,3456,18022.28,0.888,0.000,6987.45,1.3,ok,,,,
mul16_pipe,datapath,mul16_pipe,delay_map@adder=han-carlson,0,4256,21360.49,0.790,0.000,7025.40,1.3,ok,,,,
mul16_pipe,datapath,mul16_pipe,orfs_speed@adder=kogge-stone,0,1897,12918.64,-0.151,-0.249,7837.89,1.5,ok,,,,
mul16_pipe,datapath,mul16_pipe,balanced_resyn@adder=han-carlson,0,1885,12745.97,-0.415,-0.784,7949.67,1.0,ok,,,,
mul16_pipe,datapath,mul16_pipe,delay_choice_deep@adder=han-carlson,0,1864,12730.96,-0.444,-0.653,7915.53,1.1,ok,,,,
mul16_pipe,datapath,mul16_pipe,delay_syn2@adder=han-carlson,0,2164,14486.39,-0.007,-0.007,7466.02,1.0,ok,,,,
mul16_pipe,datapath,mul16_pipe,delay_choice_deep_bb@adder=han-carlson,0,1926,13261.47,-0.219,-0.509,7838.18,1.1,ok,,,,
mul16_pipe,datapath,mul16_pipe,delay_iter_heavy@adder=kogge-stone,0,1955,12933.65,-0.585,-1.739,8059.98,3.1,ok,,,,
mul16_pipe,datapath,mul16_pipe,delay_choice_deep_v4@adder=han-carlson,0,1924,13336.54,-0.242,-0.469,7884.68,1.0,ok,,,,
mul16_pipe,datapath,mul16_pipe,area_max@adder=kogge-stone,0,1926,12633.37,-3.013,-17.523,10408.62,2.2,ok,,,,
mul16_pipe,datapath,mul16_pipe,delay_aggressive@adder=kogge-stone,0,1916,12617.10,-2.359,-13.733,10056.42,2.9,ok,,,,
mul16_pipe,datapath,mul16_pipe,yosys_default@adder=han-carlson,0,1906,12523.26,-2.946,-18.622,10605.16,0.7,ok,,,,
mul16_pipe,datapath,mul16_pipe,orfs_area@adder=han-carlson,0,2193,14351.26,0.111,0.000,7472.26,1.1,ok,,,,
mul16_pipe,datapath,mul16_pipe,area_classic@adder=han-carlson,0,1848,12345.59,-3.105,-22.149,10527.29,1.2,ok,,,,
mul16_pipe,datapath,mul16_pipe,delay_triple@adder=han-carlson,0,1879,12557.04,-0.447,-1.250,8034.59,2.0,ok,,,,
mul16_pipe,datapath,mul16_pipe,orfs_speed@adder=han-carlson,0,1864,12730.96,-0.444,-0.653,7915.53,1.0,ok,,,,
mul16_pipe,datapath,mul16_pipe,balanced_resyn2x@adder=han-carlson,0,1864,12562.05,-0.282,-1.292,7942.75,1.8,ok,,,,
mul16_pipe,datapath,mul16_pipe,area_lut6@adder=han-carlson,0,1851,12298.04,-2.845,-16.608,10445.09,1.3,ok,,,,
mul16_pipe,datapath,mul16_pipe,delay_map@adder=sklansky,0,4355,21817.17,0.903,0.000,7041.50,1.2,ok,,,,
mul16_pipe,datapath,mul16_pipe,delay_choice_deep_v3@adder=sklansky,0,1884,12963.68,-0.357,-0.643,7901.95,1.0,ok,,,,
mul16_pipe,datapath,mul16_pipe,delay_iter_heavy@adder=han-carlson,0,1899,12812.29,-0.708,-3.105,8165.31,2.3,ok,,,,
mul16_pipe,datapath,mul16_pipe,delay_map_resyn@adder=sklansky,0,3185,16161.75,0.740,0.000,7130.20,1.3,ok,,,,
mul16_pipe,datapath,mul16_pipe,balanced_resyn@adder=sklansky,0,1886,12674.66,-0.290,-0.656,7883.88,1.1,ok,,,,
mul16_pipe,datapath,mul16_pipe,delay_choice_deep@adder=sklansky,0,1892,12856.08,-0.194,-0.440,7872.60,1.1,ok,,,,
mul16_pipe,datapath,mul16_pipe,delay_syn2@adder=sklansky,0,2152,13744.43,-0.627,-1.995,8043.17,1.0,ok,,,,
mul16_pipe,datapath,mul16_pipe,delay_choice_deep_bb@adder=sklansky,0,1930,13023.74,-0.595,-3.769,8314.04,0.9,ok,,,,
mul16_pipe,datapath,mul16_pipe,area_max@adder=han-carlson,0,1869,12265.51,-3.586,-25.992,11236.29,2.0,ok,,,,
mul16_pipe,datapath,mul16_pipe,delay_choice_deep_v4@adder=sklansky,0,1923,13427.88,-0.602,-2.632,8089.78,1.1,ok,,,,
mul16_pipe,datapath,mul16_pipe,yosys_default@adder=sklansky,0,1918,12525.76,-2.878,-22.695,10220.66,0.8,ok,,,,
mul16_pipe,datapath,mul16_pipe,delay_aggressive@adder=han-carlson,0,1877,12434.43,-2.901,-16.121,10114.62,2.8,ok,,,,
mul16_pipe,datapath,mul16_pipe,delay_choice_deep_v3@booth,0,1165,9207.58,-0.150,-0.374,7764.32,0.5,ok,,,,
mul16_pipe,datapath,mul16_pipe,orfs_area@adder=sklansky,0,2185,14383.80,-0.239,-0.548,7605.82,1.1,ok,,,,
mul16_pipe,datapath,mul16_pipe,delay_map@booth,0,2437,13839.52,0.817,0.000,7099.19,0.8,ok,,,,
mul16_pipe,datapath,mul16_pipe,area_classic@adder=sklansky,0,1874,12281.78,-2.256,-16.284,10033.57,1.2,ok,,,,
mul16_pipe,datapath,mul16_pipe,delay_triple@adder=sklansky,0,1898,12755.98,-0.455,-0.907,7893.88,2.0,ok,,,,
mul16_pipe,datapath,mul16_pipe,area_lut6@adder=sklansky,0,1857,12311.81,-2.401,-15.937,10036.87,1.3,ok,,,,
mul16_pipe,datapath,mul16_pipe,orfs_speed@adder=sklansky,0,1892,12891.11,-0.182,-0.379,7881.92,1.2,ok,,,,
mul16_pipe,datapath,mul16_pipe,delay_map_resyn@booth,0,2104,11994.00,0.952,0.000,6835.10,0.9,ok,,,,
mul16_pipe,datapath,mul16_pipe,delay_choice_deep@booth,0,1166,9121.25,-0.186,-0.357,7845.64,0.6,ok,,,,
mul16_pipe,datapath,mul16_pipe,balanced_resyn2x@adder=sklansky,0,1879,12495.73,-0.684,-2.587,8151.62,2.1,ok,,,,
mul16_pipe,datapath,mul16_pipe,balanced_resyn@booth,0,1200,9042.42,-0.249,-0.353,7908.92,0.8,ok,,,,
mul16_pipe,datapath,mul16_pipe,delay_choice_deep_bb@booth,0,1165,8928.56,-1.553,-9.306,9026.89,0.6,ok,,,,
mul16_pipe,datapath,mul16_pipe,delay_choice_deep_v4@booth,0,1174,9390.26,-0.778,-3.632,8249.65,0.6,ok,,,,
mul16_pipe,datapath,mul16_pipe,delay_triple@booth,1,1160,9173.80,0.041,0.000,7753.30,1.2,ok,,0.020,0.000,9173.80
mul16_pipe,datapath,mul16_pipe,delay_iter_heavy@adder=sklansky,0,1897,12688.42,-0.837,-2.955,8219.59,2.5,ok,,,,
mul16_pipe,datapath,mul16_pipe,orfs_speed@booth,0,1166,9125.00,-0.127,-0.327,7869.86,0.6,ok,,,,
mul16_pipe,datapath,mul16_pipe,delay_syn2@booth,0,1958,12459.45,0.003,0.000,7490.38,0.9,ok,,,,
mul16_pipe,datapath,mul16_pipe,area_classic@booth,0,1215,8999.88,-3.085,-25.648,10577.32,0.9,ok,,,,
mul16_pipe,datapath,mul16_pipe,delay_iter_heavy@booth,0,1170,9250.12,-0.028,-0.047,7755.07,1.4,ok,,,,
mul16_pipe,datapath,mul16_pipe,yosys_default@booth,0,1203,8934.82,-2.995,-21.463,10516.21,0.5,ok,,,,
mul16_pipe,datapath,mul16_pipe,balanced_resyn2x@booth,0,1197,9182.56,-0.072,-0.115,7706.80,1.2,ok,,,,
mul16_pipe,datapath,mul16_pipe,orfs_area@booth,0,2368,14390.05,0.419,0.000,7181.96,0.9,ok,,,,
mul16_pipe,datapath,mul16_pipe,area_lut6@booth,0,1215,9083.71,-3.383,-27.974,10627.32,1.0,ok,,,,
mul16_pipe,datapath,mul16_pipe,area_max@adder=sklansky,0,1897,12496.99,-2.918,-20.915,10527.42,2.4,ok,,,,
mul16_pipe,datapath,mul16_pipe,delay_map_resyn@booth+adder=kogge-stone,0,2298,12901.12,1.343,0.000,6485.98,1.1,ok,,,,
mul16_pipe,datapath,mul16_pipe,delay_aggressive@adder=sklansky,0,1897,12416.91,-2.941,-19.276,10242.14,3.0,ok,,,,
mul16_pipe,datapath,mul16_pipe,balanced_resyn@booth+adder=kogge-stone,0,1281,9629.24,0.133,0.000,7479.67,1.0,ok,,,,
mul16_pipe,datapath,mul16_pipe,delay_choice_deep_v3@booth+adder=kogge-stone,0,1235,9536.65,-0.082,-0.082,7542.15,1.2,ok,,,,
mul16_pipe,datapath,mul16_pipe,delay_syn2@booth+adder=kogge-stone,0,2046,13217.68,0.617,0.000,6885.29,0.9,ok,,,,
mul16_pipe,datapath,mul16_pipe,area_max@booth,0,1188,9132.51,-3.252,-26.157,10794.67,1.6,ok,,,,
mul16_pipe,datapath,mul16_pipe,delay_map@booth+adder=kogge-stone,0,2701,15089.47,1.116,0.000,6728.49,1.5,ok,,,,
mul16_pipe,datapath,mul16_pipe,delay_aggressive@booth,0,1200,9067.45,-2.767,-20.326,10259.45,2.0,ok,,,,
mul16_pipe,datapath,mul16_pipe,delay_choice_deep_bb@booth+adder=kogge-stone,0,1255,9664.27,0.023,0.000,7505.08,1.1,ok,,,,
mul16_pipe,datapath,mul16_pipe,delay_choice_deep@booth+adder=kogge-stone,0,1235,9550.41,-0.017,-0.017,7614.30,1.2,ok,,,,
mul16_pipe,datapath,mul16_pipe,area_classic@booth+adder=kogge-stone,0,1260,9250.12,-2.161,-17.152,9492.53,1.0,ok,,,,
mul16_pipe,datapath,mul16_pipe,delay_choice_deep_v4@booth+adder=kogge-stone,0,1263,9664.27,-0.090,-0.090,7767.50,1.2,ok,,,,
mul16_pipe,datapath,mul16_pipe,yosys_default@booth+adder=kogge-stone,0,1241,9082.46,-2.715,-19.199,10120.47,0.5,ok,,,,
mul16_pipe,datapath,mul16_pipe,orfs_area@booth+adder=kogge-stone,0,2420,15312.19,0.409,0.000,7004.20,1.1,ok,,,,
mul16_pipe,datapath,mul16_pipe,balanced_resyn2x@booth+adder=kogge-stone,0,1272,9482.84,0.272,0.000,7727.61,1.5,ok,,,,
mul16_pipe,datapath,mul16_pipe,area_lut6@booth+adder=kogge-stone,0,1258,9316.44,-2.553,-18.226,9793.76,1.0,ok,,,,
mul16_pipe,datapath,mul16_pipe,delay_triple@booth+adder=kogge-stone,0,1236,9320.19,-0.120,-0.130,7735.98,1.8,ok,,,,
mul16_pipe,datapath,mul16_pipe,delay_iter_heavy@booth+adder=kogge-stone,0,1245,9290.16,-0.042,-0.083,7716.09,2.1,ok,,,,
mul16_pipe,datapath,mul16_pipe,orfs_speed@booth+adder=kogge-stone,0,1235,9505.37,-0.158,-0.362,7731.91,1.1,ok,,,,
mul16_pipe,datapath,mul16_pipe,delay_aggressive@booth+adder=kogge-stone,0,1234,9121.25,-2.444,-20.059,9974.75,1.9,ok,,,,
mul16_pipe,datapath,mul16_pipe,area_max@booth+adder=kogge-stone,0,1229,9062.44,-2.906,-23.620,10464.28,1.4,ok,,,,
mul32_mac,datapath,mul32_mac,delay_choice_deep_v3,0,6430,39709.33,-1.718,-1.718,10313.23,1.8,ok,,,,
mul32_mac,datapath,mul32_mac,yosys_default,0,6703,39501.64,-5.720,-28.509,14538.89,1.8,ok,,,,
mul32_mac,datapath,mul32_mac,orfs_speed,0,6338,39507.89,-1.725,-1.725,10137.80,1.9,ok,,,,
mul32_mac,datapath,mul32_mac,delay_choice_deep,0,6338,39507.89,-1.725,-1.725,10137.80,2.0,ok,,,,
mul32_mac,datapath,mul32_mac,delay_choice_deep_bb,0,6362,38876.04,-2.623,-2.623,11125.02,2.3,ok,,,,
mul32_mac,datapath,mul32_mac,delay_choice_deep_v4,0,6266,38798.46,-2.593,-2.593,11285.48,2.4,ok,,,,
mul32_mac,datapath,mul32_mac,delay_syn2,0,7467,42518.28,-1.953,-1.953,10506.31,2.4,ok,,,,
mul32_mac,datapath,mul32_mac,orfs_area,0,7448,44025.97,-1.638,-1.638,9988.78,3.0,ok,,,,
mul32_mac,datapath,mul32_mac,balanced_resyn,0,6482,39668.04,-1.584,-1.584,10049.95,3.0,ok,,,,
mul32_mac,datapath,mul32_mac,delay_map,0,13936,66954.21,-0.153,-0.153,8954.23,3.2,ok,,,,
mul32_mac,datapath,mul32_mac,delay_map_resyn,1,12417,56920.84,0.037,0.000,8804.26,3.4,ok,,0.020,0.000,56920.84
mul32_mac,datapath,mul32_mac,area_classic,0,6414,38708.37,-11.960,-116.264,19976.86,3.6,ok,,,,
mul32_mac,datapath,mul32_mac,area_lut6,0,6445,38737.15,-9.429,-73.674,17539.52,3.8,ok,,,,
mul32_mac,datapath,mul32_mac,delay_triple,0,6526,40134.74,-1.809,-1.809,10222.36,5.0,ok,,,,
mul32_mac,datapath,mul32_mac,delay_choice_deep_v3@adder=kogge-stone,0,6700,42231.75,-0.821,-0.821,9423.95,3.3,ok,,,,
mul32_mac,datapath,mul32_mac,delay_map@adder=kogge-stone,0,14914,70266.14,0.222,0.000,8658.50,3.9,ok,,,,
mul32_mac,datapath,mul32_mac,delay_choice_deep@adder=kogge-stone,0,6640,41551.10,-0.939,-0.939,9489.98,3.4,ok,,,,
mul32_mac,datapath,mul32_mac,balanced_resyn2x,0,6527,39804.43,-1.837,-1.837,10224.83,6.2,ok,,,,
mul32_mac,datapath,mul32_mac,balanced_resyn@adder=kogge-stone,0,6739,40914.24,-1.120,-1.120,9695.32,3.8,ok,,,,
mul32_mac,datapath,mul32_mac,delay_iter_heavy,0,6549,39934.55,-1.795,-1.795,10265.77,6.2,ok,,,,
mul32_mac,datapath,mul32_mac,delay_map_resyn@adder=kogge-stone,0,12703,60888.40,0.434,0.000,8352.52,4.6,ok,,,,
mul32_mac,datapath,mul32_mac,area_max,0,6653,39384.02,-12.732,-139.587,20571.91,6.7,ok,,,,
mul32_mac,datapath,mul32_mac,delay_choice_deep_bb@adder=kogge-stone,0,6411,40341.19,-1.358,-1.358,10123.87,3.5,ok,,,,
mul32_mac,datapath,mul32_mac,delay_syn2@adder=kogge-stone,0,8145,47833.38,-0.799,-0.799,9527.86,3.7,ok,,,,
mul32_mac,datapath,mul32_mac,delay_choice_deep_v4@adder=kogge-stone,0,6416,41093.16,-1.375,-1.375,9982.78,3.7,ok,,,,
mul32_mac,datapath,mul32_mac,area_classic@adder=kogge-stone,0,6508,38898.56,-8.186,-62.889,16836.91,4.2,ok,,,,
mul32_mac,datapath,mul32_mac,yosys_default@adder=kogge-stone,0,6805,40430.03,-4.864,-10.922,13617.65,2.3,ok,,,,
mul32_mac,datapath,mul32_mac,orfs_area@adder=kogge-stone,0,7628,45200.85,-0.857,-0.857,9370.50,3.5,ok,,,,
mul32_mac,datapath,mul32_mac,delay_choice_deep_v3@adder=han-carlson,0,6499,40536.38,-1.084,-1.084,9691.06,2.5,ok,,,,
mul32_mac,datapath,mul32_mac,orfs_speed@adder=kogge-stone,0,6640,41551.10,-0.939,-0.939,9489.98,3.4,ok,,,,
mul32_mac,datapath,mul32_mac,area_lut6@adder=kogge-stone,0,6503,39312.70,-9.140,-76.199,17246.34,4.4,ok,,,,
mul32_mac,datapath,mul32_mac,delay_aggressive,0,6562,38916.07,-11.605,-114.107,19445.69,9.9,ok,,,,
mul32_mac,datapath,mul32_mac,delay_map@adder=han-carlson,0,14371,68349.30,0.036,0.000,8803.10,3.7,ok,,,,
mul32_mac,datapath,mul32_mac,delay_choice_deep@adder=han-carlson,0,6505,40651.49,-1.164,-1.164,9649.55,2.9,ok,,,,
mul32_mac,datapath,mul32_mac,delay_triple@adder=kogge-stone,0,6783,41569.87,-0.912,-0.912,9546.30,8.3,ok,,,,
mul32_mac,datapath,mul32_mac,balanced_resyn@adder=han-carlson,0,6529,40278.63,-1.409,-1.409,9765.94,3.7,ok,,,,
mul32_mac,datapath,mul32_mac,balanced_resyn2x@adder=kogge-stone,0,6840,41721.26,-1.201,-1.201,9601.23,7.5,ok,,,,
mul32_mac,datapath,mul32_mac,delay_map_resyn@adder=han-carlson,0,12214,57572.72,0.138,0.000,8605.08,4.4,ok,,,,
mul32_mac,datapath,mul32_mac,delay_choice_deep_bb@adder=han-carlson,0,6236,39899.52,-1.320,-1.320,10043.48,3.1,ok,,,,
mul32_mac,datapath,mul32_mac,delay_syn2@adder=han-carlson,0,8015,47291.61,-1.231,-1.231,9889.71,3.4,ok,,,,
mul32_mac,datapath,mul32_mac,delay_choice_deep_v4@adder=han-carlson,0,6256,39693.07,-1.631,-1.631,10285.90,3.0,ok,,,,
mul32_mac,datapath,mul32_mac,yosys_default@adder=han-carlson,0,6743,39859.48,-7.006,-42.780,15307.22,2.2,ok,,,,
mul32_mac,datapath,mul32_mac,delay_iter_heavy@adder=kogge-stone,0,6839,41688.73,-0.784,-0.784,9501.98,10.4,ok,,,,
mul32_mac,datapath,mul32_mac,orfs_speed@adder=han-carlson,0,6505,40651.49,-1.164,-1.164,9649.55,2.7,ok,,,,
mul32_mac,datapath,mul32_mac,delay_triple@adder=han-carlson,0,6632,40819.15,-0.968,-0.968,9672.63,6.6,ok,,,,
mul32_mac,datapath,mul32_mac,orfs_area@adder=han-carlson,0,7504,44338.77,-1.940,-1.940,10467.38,3.6,ok,,,,
mul32_mac,datapath,mul32_mac,area_max@adder=kogge-stone,0,6692,39467.85,-10.338,-95.645,18504.35,7.9,ok,,,,
mul32_mac,datapath,mul32_mac,area_classic@adder=han-carlson,0,6429,38705.87,-11.128,-117.177,19122.34,4.2,ok,,,,
mul32_mac,datapath,mul32_mac,delay_choice_deep_v3@adder=sklansky,0,6455,40178.53,-1.087,-1.087,9754.03,2.3,ok,,,,
mul32_mac,datapath,mul32_mac,delay_aggressive@adder=kogge-stone,0,6678,39331.47,-9.338,-70.009,17534.37,10.7,ok,,,,
mul32_mac,datapath,mul32_mac,delay_map@adder=sklansky,0,14229,67143.15,0.165,0.000,8740.01,3.6,ok,,,,
mul32_mac,datapath,mul32_mac,area_lut6@adder=han-carlson,0,6409,38687.10,-9.791,-91.041,17913.98,4.7,ok,,,,
mul32_mac,datapath,mul32_mac,delay_map_resyn@adder=sklansky,0,12522,57601.49,0.021,0.000,8829.13,4.1,ok,,,,
mul32_mac,datapath,mul32_mac,balanced_resyn2x@adder=han-carlson,0,6573,40259.86,-1.095,-1.095,9771.86,7.2,ok,,,,
mul32_mac,datapath,mul32_mac,delay_iter_heavy@adder=han-carlson,0,6673,40834.16,-1.097,-1.097,9830.82,8.5,ok,,,,
mul32_mac,datapath,mul32_mac,delay_choice_deep@adder=sklansky,0,6430,40142.25,-1.065,-1.065,9795.73,2.6,ok,,,,
mul32_mac,datapath,mul32_mac,delay_syn2@adder=sklansky,0,7439,43098.84,-2.091,-2.091,10394.29,2.5,ok,,,,
mul32_mac,datapath,mul32_mac,delay_choice_deep_bb@adder=sklansky,0,6396,39009.91,-3.130,-3.130,11641.57,2.9,ok,,,,
mul32_mac,datapath,mul32_mac,balanced_resyn@adder=sklansky,0,6565,40445.04,-1.233,-1.233,9811.23,3.7,ok,,,,
mul32_mac,datapath,mul32_mac,delay_choice_deep_v4@adder=sklansky,0,6185,39369.01,-2.158,-2.158,10610.07,2.7,ok,,,,
mul32_mac,datapath,mul32_mac,orfs_speed@adder=sklansky,0,6430,40142.25,-1.065,-1.065,9795.73,2.3,ok,,,,
mul32_mac,datapath,mul32_mac,orfs_area@adder=sklansky,0,7367,42791.04,-2.709,-2.709,10855.28,3.2,ok,,,,
mul32_mac,datapath,mul32_mac,yosys_default@adder=sklansky,0,6730,39700.58,-5.463,-17.769,14101.66,2.1,ok,,,,
mul32_mac,datapath,mul32_mac,area_max@adder=han-carlson,0,6642,39361.50,-12.542,-138.498,20498.98,7.4,ok,,,,
mul32_mac,datapath,mul32_mac,delay_triple@adder=sklansky,0,6474,39873.24,-1.102,-1.102,9816.33,5.9,ok,,,,
mul32_mac,datapath,mul32_mac,delay_choice_deep_v3@booth,0,4890,33195.59,-3.991,-3.991,12348.13,2.0,ok,,,,
mul32_mac,datapath,mul32_mac,delay_map@booth,0,11163,56123.83,-2.679,-2.679,11427.23,3.0,ok,,,,
mul32_mac,datapath,mul32_mac,area_classic@adder=sklansky,0,6479,38842.25,-5.368,-17.502,13904.48,4.3,ok,,,,
mul32_mac,datapath,mul32_mac,area_lut6@adder=sklansky,0,6449,38819.73,-9.797,-72.371,17932.74,4.5,ok,,,,
mul32_mac,datapath,mul32_mac,delay_map_resyn@booth,0,8584,44047.24,-2.510,-2.510,11112.82,3.5,ok,,,,
mul32_mac,datapath,mul32_mac,delay_aggressive@adder=han-carlson,0,6538,38824.74,-11.559,-117.240,19535.93,10.4,ok,,,,
mul32_mac,datapath,mul32_mac,balanced_resyn2x@adder=sklansky,0,6596,40393.74,-1.704,-1.704,10009.45,6.4,ok,,,,
mul32_mac,datapath,mul32_mac,balanced_resyn@booth,0,5070,32996.65,-4.416,-4.591,12866.78,3.1,ok,,,,
mul32_mac,datapath,mul32_mac,delay_choice_deep@booth,0,4872,33111.76,-3.844,-3.844,12372.85,2.5,ok,,,,
mul32_mac,datapath,mul32_mac,delay_iter_heavy@adder=sklansky,0,6611,40536.38,-1.128,-1.128,9717.49,7.4,ok,,,,
mul32_mac,datapath,mul32_mac,delay_choice_deep_bb@booth,0,4994,33151.80,-4.995,-12.038,13257.70,2.2,ok,,,,
mul32_mac,datapath,mul32_mac,delay_choice_deep_v4@booth,0,5026,33362.00,-4.947,-13.241,13386.69,2.5,ok,,,,
mul32_mac,datapath,mul32_mac,delay_syn2@booth,0,8331,46623.47,-4.916,-9.196,13081.79,3.5,ok,,,,
mul32_mac,datapath,mul32_mac,delay_triple@booth,0,5000,33140.53,-4.145,-4.146,12659.23,5.1,ok,,,,
mul32_mac,datapath,mul32_mac,orfs_speed@booth,0,4872,33160.55,-3.940,-3.940,12532.27,2.0,ok,,,,
mul32_mac,datapath,mul32_mac,yosys_default@booth,0,4990,32864.02,-11.527,-115.482,19543.44,1.9,ok,,,,
mul32_mac,datapath,mul32_mac,area_classic@booth,0,5093,32841.50,-11.122,-108.886,19354.22,3.6,ok,,,,
mul32_mac,datapath,mul32_mac,orfs_area@booth,0,10197,56494.18,-4.365,-5.477,12734.71,3.8,ok,,,,
mul32_mac,datapath,mul32_mac,delay_iter_heavy@booth,0,5026,33250.64,-4.506,-5.338,13010.47,6.3,ok,,,,
mul32_mac,datapath,mul32_mac,balanced_resyn2x@booth,0,5074,33684.81,-4.314,-4.498,12782.49,5.4,ok,,,,
mul32_mac,datapath,mul32_mac,area_lut6@booth,0,4935,32797.71,-11.540,-120.294,19594.47,4.2,ok,,,,
mul32_mac,datapath,mul32_mac,area_max@adder=sklansky,0,6694,39531.66,-5.764,-27.909,14109.62,8.4,ok,,,,
mul32_mac,datapath,mul32_mac,delay_choice_deep_v3@booth+adder=kogge-stone,0,5306,35936.97,-3.221,-3.221,11692.56,4.3,ok,,,,
mul32_mac,datapath,mul32_mac,delay_aggressive@adder=sklansky,0,6619,39064.97,-5.609,-18.834,13693.40,10.5,ok,,,,
mul32_mac,datapath,mul32_mac,delay_map_resyn@booth+adder=kogge-stone,0,10146,50686.11,-1.436,-1.436,10165.50,5.3,ok,,,,
mul32_mac,datapath,mul32_mac,area_max@booth,0,5063,33299.44,-12.153,-149.591,20415.41,6.4,ok,,,,
mul32_mac,datapath,mul32_mac,delay_map@booth+adder=kogge-stone,0,12873,65436.51,-1.551,-1.551,10385.76,6.3,ok,,,,
mul32_mac,datapath,mul32_mac,balanced_resyn@booth+adder=kogge-stone,0,5631,35702.99,-3.221,-3.221,11893.53,5.1,ok,,,,
mul32_mac,datapath,mul32_mac,delay_choice_deep@booth+adder=kogge-stone,0,5353,35854.39,-3.047,-3.047,11515.90,4.8,ok,,,,
mul32_mac,datapath,mul32_mac,delay_aggressive@booth,0,4955,32675.09,-11.616,-128.680,19612.19,8.8,ok,,,,
mul32_mac,datapath,mul32_mac,area_classic@booth+adder=kogge-stone,0,5253,33657.28,-11.229,-121.986,19283.25,4.5,ok,,,,
mul32_mac,datapath,mul32_mac,yosys_default@booth+adder=kogge-stone,0,5205,32956.61,-11.724,-133.645,19608.06,2.3,ok,,,,
mul32_mac,datapath,mul32_mac,area_lut6@booth+adder=kogge-stone,0,5080,33136.78,-10.447,-103.522,18549.84,4.4,ok,,,,
mul32_mac,datapath,mul32_mac,delay_choice_deep_bb@booth+adder=kogge-stone,0,5597,37188.17,-3.165,-3.165,11494.63,5.8,ok,,,,
mul32_mac,datapath,mul32_mac,delay_syn2@booth+adder=kogge-stone,0,8930,51254.16,-2.961,-2.961,11327.47,6.3,ok,,,,
mul32_mac,datapath,mul32_mac,orfs_area@booth+adder=kogge-stone,0,10957,62319.77,-2.977,-2.977,11576.25,4.9,ok,,,,
mul32_mac,datapath,mul32_mac,delay_triple@booth+adder=kogge-stone,0,5440,35331.39,-3.231,-3.231,11986.20,8.3,ok,,,,
mul32_mac,datapath,mul32_mac,delay_choice_deep_v4@booth+adder=kogge-stone,0,5620,37076.81,-3.137,-3.137,11575.13,5.7,ok,,,,
mul32_mac,datapath,mul32_mac,balanced_resyn2x@booth+adder=kogge-stone,0,5650,36140.91,-3.025,-3.025,11797.87,7.0,ok,,,,
mul32_mac,datapath,mul32_mac,orfs_speed@booth+adder=kogge-stone,0,5353,35815.60,-3.070,-3.070,11627.41,4.3,ok,,,,
mul32_mac,datapath,mul32_mac,area_max@booth+adder=kogge-stone,0,5160,33600.98,-10.082,-100.709,18758.39,6.0,ok,,,,
mul32_mac,datapath,mul32_mac,delay_iter_heavy@booth+adder=kogge-stone,0,5429,36028.30,-3.252,-3.252,11642.38,9.6,ok,,,,
mul32_mac,datapath,mul32_mac,delay_aggressive@booth+adder=kogge-stone,0,5129,32846.50,-10.660,-103.353,18695.34,8.5,ok,,,,
fir8,dsp,fir8,delay_choice_deep_v3,0,1734,13527.97,0.180,0.000,10268.75,0.6,ok,,,,
fir8,dsp,fir8,orfs_speed,0,1708,13294.00,0.323,0.000,10362.18,0.6,ok,,,,
fir8,dsp,fir8,yosys_default,0,1691,13205.16,-1.278,-5.543,11953.84,0.6,ok,,,,
fir8,dsp,fir8,delay_choice_deep,0,1708,13291.50,0.323,0.000,10362.18,0.7,ok,,,,
fir8,dsp,fir8,delay_choice_deep_bb,0,1759,13481.68,-0.456,-1.676,11092.90,0.7,ok,,,,
fir8,dsp,fir8,delay_choice_deep_v4,0,1799,13750.69,-0.007,-0.012,10737.30,0.7,ok,,,,
fir8,dsp,fir8,delay_syn2,0,2285,15920.27,0.896,0.000,9373.95,0.8,ok,,,,
fir8,dsp,fir8,delay_map,0,3753,19671.37,1.582,0.000,9241.97,0.8,ok,,,,
fir8,dsp,fir8,balanced_resyn,0,1697,13291.50,0.038,0.000,10497.65,1.0,ok,,,,
fir8,dsp,fir8,area_classic,0,1708,13052.52,-1.433,-7.928,12250.10,1.0,ok,,,,
fir8,dsp,fir8,area_lut6,0,1655,12972.44,-1.153,-5.403,11688.13,1.0,ok,,,,
fir8,dsp,fir8,delay_map_resyn,0,2913,16158.00,1.657,0.000,9112.90,1.0,ok,,,,
fir8,dsp,fir8,orfs_area,0,2466,17301.59,0.752,0.000,9667.86,1.1,ok,,,,
fir8,dsp,fir8,delay_triple,0,1733,13227.69,0.285,0.000,10398.42,1.2,ok,,,,
fir8,dsp,fir8,balanced_resyn2x,0,1660,13012.48,-0.040,-0.121,10522.27,1.4,ok,,,,
fir8,dsp,fir8,delay_choice_deep_v3@adder=kogge-stone,0,1811,13718.16,0.300,0.000,10116.94,0.7,ok,,,,
fir8,dsp,fir8,delay_iter_heavy,0,1740,13439.14,0.223,0.000,10317.25,1.6,ok,,,,
fir8,dsp,fir8,delay_choice_deep@adder=kogge-stone,0,1784,13641.83,0.325,0.000,10078.10,0.8,ok,,,,
fir8,dsp,fir8,area_max,0,1651,12814.79,-1.581,-8.282,12138.20,1.6,ok,,,,
fir8,dsp,fir8,delay_map@adder=kogge-stone,0,4172,21733.34,2.019,0.000,8928.34,1.1,ok,,,,
fir8,dsp,fir8,delay_map_resyn@adder=kogge-stone,0,3403,17973.49,2.185,0.000,8620.41,1.1,ok,,,,
fir8,dsp,fir8,balanced_resyn@adder=kogge-stone,0,1900,14214.88,0.621,0.000,9999.44,1.1,ok,,,,
fir8,dsp,fir8,delay_choice_deep_bb@adder=kogge-stone,0,1843,14609.01,0.202,0.000,10054.27,0.9,ok,,,,
fir8,dsp,fir8,delay_choice_deep_v4@adder=kogge-stone,0,1894,14462.62,0.326,0.000,10268.34,0.9,ok,,,,
fir8,dsp,fir8,delay_syn2@adder=kogge-stone,0,2454,17314.11,1.213,0.000,9180.72,1.1,ok,,,,
fir8,dsp,fir8,delay_triple@adder=kogge-stone,0,1773,13545.49,0.650,0.000,10184.12,1.4,ok,,,,
fir8,dsp,fir8,delay_aggressive,0,1648,12868.59,-1.388,-6.734,11501.64,2.1,ok,,,,
fir8,dsp,fir8,area_classic@adder=kogge-stone,0,1871,13862.04,-0.835,-2.706,11081.01,1.1,ok,,,,
fir8,dsp,fir8,yosys_default@adder=kogge-stone,0,1862,13769.46,-0.749,-3.051,11161.60,0.7,ok,,,,
fir8,dsp,fir8,orfs_speed@adder=kogge-stone,0,1784,13641.83,0.325,0.000,10078.10,0.7,ok,,,,
fir8,dsp,fir8,balanced_resyn2x@adder=kogge-stone,0,1852,13834.52,0.417,0.000,10263.14,1.5,ok,,,,
fir8,dsp,fir8,delay_iter_heavy@adder=kogge-stone,0,1786,13743.18,0.607,0.000,9973.60,1.8,ok,,,,
fir8,dsp,fir8,orfs_area@adder=kogge-stone,0,2672,18407.65,0.781,0.000,9512.15,1.3,ok,,,,
fir8,dsp,fir8,delay_choice_deep_v3@adder=han-carlson,0,1774,13734.42,0.374,0.000,10375.12,0.8,ok,,,,
fir8,dsp,fir8,area_lut6@adder=kogge-stone,0,1780,13588.03,-0.715,-2.188,11065.30,1.2,ok,,,,
fir8,dsp,fir8,delay_map@adder=han-carlson,0,3910,20565.97,1.886,0.000,9006.05,1.0,ok,,,,
fir8,dsp,fir8,delay_choice_deep@adder=han-carlson,0,1738,13466.67,0.121,0.000,10425.06,0.7,ok,,,,
fir8,dsp,fir8,delay_map_resyn@adder=han-carlson,0,3104,16622.19,1.939,0.000,8901.67,1.1,ok,,,,
fir8,dsp,fir8,balanced_resyn@adder=han-carlson,0,1759,13615.56,-0.001,-0.001,10277.53,1.0,ok,,,,
fir8,dsp,fir8,delay_choice_deep_bb@adder=han-carlson,0,1823,13855.79,0.090,0.000,10374.86,0.8,ok,,,,
fir8,dsp,fir8,delay_triple@adder=han-carlson,0,1736,13186.40,-0.178,-0.475,11034.61,1.3,ok,,,,
fir8,dsp,fir8,delay_choice_deep_v4@adder=han-carlson,0,1830,13964.64,0.293,0.000,10437.60,0.8,ok,,,,
fir8,dsp,fir8,delay_syn2@adder=han-carlson,0,2298,16001.60,1.143,0.000,9219.98,1.0,ok,,,,
fir8,dsp,fir8,area_max@adder=kogge-stone,0,1860,13653.09,-0.772,-2.259,11409.04,1.9,ok,,,,
fir8,dsp,fir8,yosys_default@adder=han-carlson,0,1701,13060.03,-1.302,-6.280,11782.50,0.7,ok,,,,
fir8,dsp,fir8,orfs_speed@adder=han-carlson,0,1738,13466.67,0.121,0.000,10425.06,0.7,ok,,,,
fir8,dsp,fir8,area_classic@adder=han-carlson,0,1698,12991.21,-1.432,-6.572,12069.27,1.1,ok,,,,
fir8,dsp,fir8,delay_aggressive@adder=kogge-stone,0,1824,13372.83,-0.506,-2.003,11236.42,2.5,ok,,,,
fir8,dsp,fir8,balanced_resyn2x@adder=han-carlson,0,1652,13098.81,0.016,0.000,10372.86,1.5,ok,,,,
fir8,dsp,fir8,delay_iter_heavy@adder=han-carlson,0,1737,13243.95,0.347,0.000,10187.56,1.7,ok,,,,
fir8,dsp,fir8,delay_map@adder=sklansky,0,3835,19821.51,1.474,0.000,9507.33,0.9,ok,,,,
fir8,dsp,fir8,delay_choice_deep_v3@adder=sklansky,0,1730,13331.54,0.237,0.000,10301.75,0.7,ok,,,,
fir8,dsp,fir8,orfs_area@adder=han-carlson,0,2477,17259.05,0.593,0.000,9802.96,1.3,ok,,,,
fir8,dsp,fir8,area_lut6@adder=han-carlson,0,1672,12852.33,-1.358,-6.583,11576.77,1.2,ok,,,,
fir8,dsp,fir8,delay_map_resyn@adder=sklansky,0,3032,16364.44,1.723,0.000,8944.68,1.2,ok,,,,
fir8,dsp,fir8,delay_choice_deep@adder=sklansky,0,1689,13263.97,0.310,0.000,10300.02,1.0,ok,,,,
fir8,dsp,fir8,delay_choice_deep_bb@adder=sklansky,0,1731,13540.49,0.323,0.000,10301.54,0.8,ok,,,,
fir8,dsp,fir8,balanced_resyn@adder=sklansky,0,1705,13341.55,0.204,0.000,10193.91,1.1,ok,,,,
fir8,dsp,fir8,delay_syn2@adder=sklansky,0,2315,16100.44,1.216,0.000,9219.15,1.0,ok,,,,
fir8,dsp,fir8,area_max@adder=han-carlson,0,1621,12625.86,-1.226,-5.427,11834.17,1.9,ok,,,,
fir8,dsp,fir8,delay_choice_deep_v4@adder=sklansky,0,1815,13914.60,0.007,0.000,10654.04,1.0,ok,,,,
fir8,dsp,fir8,yosys_default@adder=sklansky,0,1710,13392.84,-0.410,-1.228,10857.27,0.7,ok,,,,
fir8,dsp,fir8,orfs_speed@adder=sklansky,0,1689,13286.49,0.310,0.000,10314.71,0.8,ok,,,,
fir8,dsp,fir8,delay_triple@adder=sklansky,0,1695,13140.10,0.457,0.000,10269.39,1.7,ok,,,,
fir8,dsp,fir8,area_classic@adder=sklansky,0,1697,13226.44,-0.605,-2.901,11241.95,1.2,ok,,,,
fir8,dsp,fir8,delay_aggressive@adder=han-carlson,0,1619,12702.18,-0.971,-3.700,11373.87,2.6,ok,,,,
fir8,dsp,fir8,balanced_resyn2x@adder=sklansky,1,1648,13009.98,0.181,0.000,10430.64,1.6,ok,,0.160,0.000,13009.98
fir8,dsp,fir8,area_lut6@adder=sklansky,0,1664,12951.17,-1.082,-4.518,11626.11,1.2,ok,,,,
fir8,dsp,fir8,orfs_area@adder=sklansky,0,2434,17166.46,0.804,0.000,9484.54,1.4,ok,,,,
fir8,dsp,fir8,delay_iter_heavy@adder=sklansky,0,1687,13152.61,0.165,0.000,10383.71,1.9,ok,,,,
fir8,dsp,fir8,delay_choice_deep_v3@booth,0,1882,14412.57,-0.018,-0.038,10439.42,1.0,ok,,,,
fir8,dsp,fir8,delay_map@booth,0,3879,20130.56,1.623,0.000,9194.58,1.3,ok,,,,
fir8,dsp,fir8,delay_choice_deep@booth,0,1877,14341.25,0.340,0.000,10394.05,1.0,ok,,,,
fir8,dsp,fir8,delay_syn2@booth,0,2263,15611.22,0.918,0.000,9706.45,1.0,ok,,,,
fir8,dsp,fir8,delay_map_resyn@booth,0,3205,17361.65,1.726,0.000,9092.18,1.4,ok,,,,
fir8,dsp,fir8,delay_choice_deep_bb@booth,0,1932,14815.46,0.093,0.000,10459.98,1.1,ok,,,,
fir8,dsp,fir8,balanced_resyn@booth,0,1844,14002.18,-0.239,-0.360,10753.72,1.3,ok,,,,
fir8,dsp,fir8,area_max@adder=sklansky,0,1643,12710.94,-1.209,-6.574,11722.38,2.0,ok,,,,
fir8,dsp,fir8,delay_choice_deep_v4@booth,0,1951,14816.71,-0.518,-2.096,11169.28,1.1,ok,,,,
fir8,dsp,fir8,delay_triple@booth,0,1912,14600.25,-0.146,-0.146,10451.80,1.8,ok,,,,
fir8,dsp,fir8,orfs_speed@booth,0,1877,14362.52,0.322,0.000,10363.48,1.0,ok,,,,
fir8,dsp,fir8,yosys_default@booth,0,1852,13985.91,-1.661,-8.755,12139.15,0.8,ok,,,,
fir8,dsp,fir8,area_classic@booth,0,1847,13893.32,-1.326,-6.100,12019.85,1.5,ok,,,,
fir8,dsp,fir8,orfs_area@booth,0,2443,16844.91,-0.097,-0.097,10147.47,1.6,ok,,,,
fir8,dsp,fir8,area_lut6@booth,0,1832,13794.48,-1.150,-6.171,11841.95,1.5,ok,,,,
fir8,dsp,fir8,delay_iter_heavy@booth,0,1912,14281.20,0.079,0.000,10376.57,2.1,ok,,,,
fir8,dsp,fir8,balanced_resyn2x@booth,0,1830,14096.02,-0.171,-0.500,10791.24,2.1,ok,,,,
fir8,dsp,fir8,delay_aggressive@adder=sklansky,0,1668,12816.04,-0.517,-2.039,11008.83,3.2,ok,,,,
fir8,dsp,fir8,delay_choice_deep_v3@booth+adder=kogge-stone,0,2015,15041.93,0.574,0.000,10143.72,1.1,ok,,,,
fir8,dsp,fir8,delay_map@booth+adder=kogge-stone,0,4107,21645.76,1.844,0.000,9064.42,1.5,ok,,,,
fir8,dsp,fir8,delay_choice_deep@booth+adder=kogge-stone,0,1966,14971.86,0.295,0.000,10157.73,1.2,ok,,,,
fir8,dsp,fir8,delay_map_resyn@booth+adder=kogge-stone,0,3519,18047.31,1.708,0.000,9158.51,1.6,ok,,,,
fir8,dsp,fir8,balanced_resyn@booth+adder=kogge-stone,0,1963,14646.55,0.376,0.000,10048.11,1.5,ok,,,,
fir8,dsp,fir8,delay_syn2@booth+adder=kogge-stone,0,2363,16691.01,1.318,0.000,9384.84,1.2,ok,,,,
fir8,dsp,fir8,delay_choice_deep_bb@booth+adder=kogge-stone,0,2040,15471.09,0.467,0.000,9961.97,1.2,ok,,,,
fir8,dsp,fir8,area_max@booth,0,1807,13674.36,-1.281,-7.115,11889.76,2.4,ok,,,,
fir8,dsp,fir8,delay_choice_deep_v4@booth+adder=kogge-stone,0,2066,15563.68,0.425,0.000,9971.23,1.2,ok,,,,
fir8,dsp,fir8,orfs_speed@booth+adder=kogge-stone,0,1966,14829.22,0.467,0.000,10223.36,1.1,ok,,,,
fir8,dsp,fir8,delay_triple@booth+adder=kogge-stone,0,1965,14670.32,0.289,0.000,10156.58,2.0,ok,,,,
fir8,dsp,fir8,delay_aggressive@booth,0,1805,13869.55,-1.102,-4.726,11527.17,3.0,ok,,,,
fir8,dsp,fir8,area_classic@booth+adder=kogge-stone,0,1918,14172.34,-0.728,-3.017,11158.77,1.4,ok,,,,
fir8,dsp,fir8,yosys_default@booth+adder=kogge-stone,0,1978,14382.54,-1.579,-8.871,12337.01,0.9,ok,,,,
fir8,dsp,fir8,orfs_area@booth+adder=kogge-stone,0,2536,17730.76,0.859,0.000,9465.35,1.5,ok,,,,
fir8,dsp,fir8,area_lut6@booth+adder=kogge-stone,0,1927,14249.92,-1.032,-3.342,11311.06,1.5,ok,,,,
fir8,dsp,fir8,delay_iter_heavy@booth+adder=kogge-stone,0,1976,14635.29,0.518,0.000,10171.87,2.4,ok,,,,
fir8,dsp,fir8,balanced_resyn2x@booth+adder=kogge-stone,0,1996,15014.40,0.669,0.000,10128.10,2.1,ok,,,,
fir8,dsp,fir8,area_max@booth+adder=kogge-stone,0,1888,13917.10,-0.713,-2.142,10851.18,1.9,ok,,,,
fir8,dsp,fir8,delay_aggressive@booth+adder=kogge-stone,0,1891,14098.52,-0.391,-1.362,10941.77,2.7,ok,,,,
aes_round,crypto,aes_round,orfs_area,0,11830,67468.46,1.808,0.000,4421.78,4.1,ok,,,,
aes_round,crypto,aes_round,delay_choice_deep_v3,0,9563,57296.20,1.397,0.000,4991.75,4.4,ok,,,,
aes_round,crypto,aes_round,orfs_speed,0,9666,55918.63,1.265,0.000,5190.01,4.4,ok,,,,
aes_round,crypto,aes_round,yosys_default,0,9447,53550.11,1.170,0.000,5047.02,4.4,ok,,,,
aes_round,crypto,aes_round,delay_syn2,0,11136,61712.94,1.639,0.000,4677.07,4.5,ok,,,,
aes_round,crypto,aes_round,delay_choice_deep_v4,0,9477,55151.64,1.010,0.000,5205.92,4.6,ok,,,,
aes_round,crypto,aes_round,delay_choice_deep,0,9666,55986.20,1.272,0.000,5160.23,4.8,ok,,,,
aes_round,crypto,aes_round,delay_choice_deep_bb,0,9440,55429.41,1.047,0.000,5125.37,4.8,ok,,,,
aes_round,crypto,aes_round,delay_map,0,14620,70951.80,1.704,0.000,4818.63,5.4,ok,,,,
aes_round,crypto,aes_round,balanced_resyn,0,9626,52540.39,1.350,0.000,5022.35,5.7,ok,,,,
aes_round,crypto,aes_round,delay_map_resyn,0,14203,69183.85,1.777,0.000,4737.78,5.8,ok,,,,
aes_round,crypto,aes_round,area_classic,1,9273,49650.12,1.001,0.000,5443.96,6.3,ok,,0.960,0.000,49650.12
aes_round,crypto,aes_round,area_lut6,0,9562,51007.67,0.972,0.000,5240.92,7.0,ok,,,,
aes_round,crypto,aes_round,delay_choice_deep_v3@adder=kogge-stone,0,9563,57296.20,1.397,0.000,4991.75,4.8,ok,,,,
aes_round,crypto,aes_round,balanced_resyn2x,0,9475,53537.60,1.422,0.000,4947.16,9.2,ok,,,,
aes_round,crypto,aes_round,delay_map@adder=kogge-stone,0,14620,70951.80,1.704,0.000,4818.63,5.7,ok,,,,
aes_round,crypto,aes_round,delay_choice_deep@adder=kogge-stone,0,9666,55986.20,1.272,0.000,5160.23,5.2,ok,,,,
aes_round,crypto,aes_round,balanced_resyn@adder=kogge-stone,0,9626,52540.39,1.350,0.000,5022.35,5.4,ok,,,,
aes_round,crypto,aes_round,delay_triple,0,9486,53426.24,1.251,0.000,4986.31,10.3,ok,,,,
aes_round,crypto,aes_round,delay_syn2@adder=kogge-stone,0,11136,61712.94,1.639,0.000,4677.07,5.0,ok,,,,
aes_round,crypto,aes_round,delay_map_resyn@adder=kogge-stone,0,14203,69183.85,1.777,0.000,4737.78,6.4,ok,,,,
aes_round,crypto,aes_round,delay_choice_deep_bb@adder=kogge-stone,0,9440,55429.41,1.047,0.000,5125.37,5.1,ok,,,,
aes_round,crypto,aes_round,area_max,0,9237,51076.49,1.392,0.000,4996.23,11.0,ok,,,,
aes_round,crypto,aes_round,delay_choice_deep_v4@adder=kogge-stone,0,9477,55151.64,1.010,0.000,5205.92,5.0,ok,,,,
aes_round,crypto,aes_round,delay_iter_heavy,0,9484,54144.43,1.384,0.000,4917.86,13.2,ok,,,,
aes_round,crypto,aes_round,area_classic@adder=kogge-stone,0,9273,49650.12,1.001,0.000,5443.96,6.2,ok,,,,
aes_round,crypto,aes_round,orfs_area@adder=kogge-stone,0,11830,67468.46,1.808,0.000,4421.78,4.3,ok,,,,
aes_round,crypto,aes_round,orfs_speed@adder=kogge-stone,0,9666,55918.63,1.265,0.000,5190.01,4.5,ok,,,,
aes_round,crypto,aes_round,yosys_default@adder=kogge-stone,0,9447,53550.11,1.170,0.000,5047.02,4.5,ok,,,,
aes_round,crypto,aes_round,delay_triple@adder=kogge-stone,0,9486,53426.24,1.251,0.000,4986.31,10.5,ok,,,,
aes_round,crypto,aes_round,balanced_resyn2x@adder=kogge-stone,0,9475,53537.60,1.422,0.000,4947.16,10.1,ok,,,,
aes_round,crypto,aes_round,delay_aggressive,0,9359,51421.82,1.374,0.000,4982.58,15.4,ok,,,,
aes_round,crypto,aes_round,delay_choice_deep_v3@adder=han-carlson,0,9563,57296.20,1.397,0.000,4991.75,4.8,ok,,,,
aes_round,crypto,aes_round,delay_map@adder=han-carlson,0,14620,70951.80,1.704,0.000,4818.63,5.6,ok,,,,
aes_round,crypto,aes_round,delay_map_resyn@adder=han-carlson,0,14203,69183.85,1.777,0.000,4737.78,6.0,ok,,,,
aes_round,crypto,aes_round,balanced_resyn@adder=han-carlson,0,9626,52540.39,1.350,0.000,5022.35,5.6,ok,,,,
aes_round,crypto,aes_round,area_lut6@adder=kogge-stone,0,9562,51007.67,0.972,0.000,5240.92,7.7,ok,,,,
aes_round,crypto,aes_round,delay_iter_heavy@adder=kogge-stone,0,9484,54144.43,1.384,0.000,4917.86,13.2,ok,,,,
aes_round,crypto,aes_round,delay_choice_deep@adder=han-carlson,0,9666,55986.20,1.272,0.000,5160.23,5.0,ok,,,,
aes_round,crypto,aes_round,delay_syn2@adder=han-carlson,0,11136,61712.94,1.639,0.000,4677.07,4.8,ok,,,,
aes_round,crypto,aes_round,delay_choice_deep_bb@adder=han-carlson,0,9440,55429.41,1.047,0.000,5125.37,5.0,ok,,,,
aes_round,crypto,aes_round,orfs_area@adder=han-carlson,0,11830,67468.46,1.808,0.000,4421.78,4.3,ok,,,,
aes_round,crypto,aes_round,delay_choice_deep_v4@adder=han-carlson,0,9477,55151.64,1.010,0.000,5205.92,5.0,ok,,,,
aes_round,crypto,aes_round,delay_triple@adder=han-carlson,0,9486,53426.24,1.251,0.000,4986.31,10.1,ok,,,,
aes_round,crypto,aes_round,area_max@adder=kogge-stone,0,9237,51076.49,1.392,0.000,4996.23,11.1,ok,,,,
aes_round,crypto,aes_round,orfs_speed@adder=han-carlson,0,9666,55918.63,1.265,0.000,5190.01,4.7,ok,,,,
aes_round,crypto,aes_round,area_classic@adder=han-carlson,0,9273,49650.12,1.001,0.000,5443.96,6.5,ok,,,,
aes_round,crypto,aes_round,yosys_default@adder=han-carlson,0,9447,53550.11,1.170,0.000,5047.02,4.8,ok,,,,
aes_round,crypto,aes_round,delay_map@adder=sklansky,0,14620,70951.80,1.704,0.000,4818.63,5.3,ok,,,,
aes_round,crypto,aes_round,delay_aggressive@adder=kogge-stone,0,9359,51421.82,1.374,0.000,4982.58,16.8,ok,,,,
aes_round,crypto,aes_round,balanced_resyn2x@adder=han-carlson,0,9475,53537.60,1.422,0.000,4947.16,9.5,ok,,,,
aes_round,crypto,aes_round,delay_choice_deep_v3@adder=sklansky,0,9563,57296.20,1.397,0.000,4991.75,4.6,ok,,,,
aes_round,crypto,aes_round,area_lut6@adder=han-carlson,0,9562,51007.67,0.972,0.000,5240.92,7.3,ok,,,,
aes_round,crypto,aes_round,delay_iter_heavy@adder=han-carlson,0,9484,54144.43,1.384,0.000,4917.86,12.8,ok,,,,
aes_round,crypto,aes_round,delay_map_resyn@adder=sklansky,0,14203,69183.85,1.777,0.000,4737.78,6.1,ok,,,,
aes_round,crypto,aes_round,delay_choice_deep@adder=sklansky,0,9666,55986.20,1.272,0.000,5160.23,5.1,ok,,,,
aes_round,crypto,aes_round,balanced_resyn@adder=sklansky,0,9626,52540.39,1.350,0.000,5022.35,5.9,ok,,,,
aes_round,crypto,aes_round,delay_syn2@adder=sklansky,0,11136,61712.94,1.639,0.000,4677.07,5.1,ok,,,,
aes_round,crypto,aes_round,delay_choice_deep_bb@adder=sklansky,0,9440,55429.41,1.047,0.000,5125.37,4.9,ok,,,,
aes_round,crypto,aes_round,delay_choice_deep_v4@adder=sklansky,0,9477,55151.64,1.010,0.000,5205.92,5.1,ok,,,,
aes_round,crypto,aes_round,orfs_area@adder=sklansky,0,11830,67468.46,1.808,0.000,4421.78,4.4,ok,,,,
aes_round,crypto,aes_round,area_max@adder=han-carlson,0,9237,51076.49,1.392,0.000,4996.23,11.3,ok,,,,
aes_round,crypto,aes_round,orfs_speed@adder=sklansky,0,9666,55918.63,1.265,0.000,5190.01,4.9,ok,,,,
aes_round,crypto,aes_round,yosys_default@adder=sklansky,0,9447,53550.11,1.170,0.000,5047.02,4.6,ok,,,,
aes_round,crypto,aes_round,delay_triple@adder=sklansky,0,9486,53426.24,1.251,0.000,4986.31,10.5,ok,,,,
aes_round,crypto,aes_round,area_classic@adder=sklansky,0,9273,49650.12,1.001,0.000,5443.96,6.6,ok,,,,
aes_round,crypto,aes_round,delay_map@booth,0,14620,70951.80,1.704,0.000,4818.63,5.5,ok,,,,
aes_round,crypto,aes_round,delay_choice_deep_v3@booth,0,9563,57296.20,1.397,0.000,4991.75,4.7,ok,,,,
aes_round,crypto,aes_round,area_lut6@adder=sklansky,0,9562,51007.67,0.972,0.000,5240.92,7.8,ok,,,,
aes_round,crypto,aes_round,delay_aggressive@adder=han-carlson,0,9359,51421.82,1.374,0.000,4982.58,16.5,ok,,,,
aes_round,crypto,aes_round,delay_map_resyn@booth,0,14203,69183.85,1.777,0.000,4737.78,6.1,ok,,,,
aes_round,crypto,aes_round,balanced_resyn2x@adder=sklansky,0,9475,53537.60,1.422,0.000,4947.16,10.7,ok,,,,
aes_round,crypto,aes_round,delay_choice_deep@booth,0,9666,55986.20,1.272,0.000,5160.23,5.2,ok,,,,
aes_round,crypto,aes_round,delay_syn2@booth,0,11136,61712.94,1.639,0.000,4677.07,5.1,ok,,,,
aes_round,crypto,aes_round,balanced_resyn@booth,0,9626,52540.39,1.350,0.000,5022.35,6.4,ok,,,,
aes_round,crypto,aes_round,delay_iter_heavy@adder=sklansky,0,9484,54144.43,1.384,0.000,4917.86,13.8,ok,,,,
aes_round,crypto,aes_round,delay_choice_deep_bb@booth,0,9440,55429.41,1.047,0.000,5125.37,5.4,ok,,,,
aes_round,crypto,aes_round,delay_choice_deep_v4@booth,0,9477,55151.64,1.010,0.000,5205.92,5.3,ok,,,,
aes_round,crypto,aes_round,area_max@adder=sklansky,0,9237,51076.49,1.392,0.000,4996.23,11.9,ok,,,,
aes_round,crypto,aes_round,orfs_area@booth,0,11830,67468.46,1.808,0.000,4421.78,4.7,ok,,,,
aes_round,crypto,aes_round,area_classic@booth,0,9273,49650.12,1.001,0.000,5443.96,6.5,ok,,,,
aes_round,crypto,aes_round,orfs_speed@booth,0,9666,55918.63,1.265,0.000,5190.01,4.8,ok,,,,
aes_round,crypto,aes_round,yosys_default@booth,0,9447,53550.11,1.170,0.000,5047.02,4.5,ok,,,,
aes_round,crypto,aes_round,balanced_resyn2x@booth,0,9475,53537.60,1.422,0.000,4947.16,10.0,ok,,,,
aes_round,crypto,aes_round,delay_triple@booth,0,9486,53426.24,1.251,0.000,4986.31,11.3,ok,,,,
aes_round,crypto,aes_round,delay_choice_deep_v3@booth+adder=kogge-stone,0,9563,57296.20,1.397,0.000,4991.75,5.0,ok,,,,
aes_round,crypto,aes_round,delay_map@booth+adder=kogge-stone,0,14620,70951.80,1.704,0.000,4818.63,6.0,ok,,,,
aes_round,crypto,aes_round,area_lut6@booth,0,9562,51007.67,0.972,0.000,5240.92,7.8,ok,,,,
aes_round,crypto,aes_round,delay_aggressive@adder=sklansky,0,9359,51421.82,1.374,0.000,4982.58,17.6,ok,,,,
aes_round,crypto,aes_round,delay_map_resyn@booth+adder=kogge-stone,0,14203,69183.85,1.777,0.000,4737.78,6.8,ok,,,,
aes_round,crypto,aes_round,delay_iter_heavy@booth,0,9484,54144.43,1.384,0.000,4917.86,13.8,ok,,,,
aes_round,crypto,aes_round,delay_choice_deep@booth+adder=kogge-stone,0,9666,55986.20,1.272,0.000,5160.23,5.5,ok,,,,
aes_round,crypto,aes_round,balanced_resyn@booth+adder=kogge-stone,0,9626,52540.39,1.350,0.000,5022.35,6.4,ok,,,,
aes_round,crypto,aes_round,delay_syn2@booth+adder=kogge-stone,0,11136,61712.94,1.639,0.000,4677.07,5.2,ok,,,,
aes_round,crypto,aes_round,delay_choice_deep_bb@booth+adder=kogge-stone,0,9440,55429.41,1.047,0.000,5125.37,5.5,ok,,,,
aes_round,crypto,aes_round,delay_choice_deep_v4@booth+adder=kogge-stone,0,9477,55151.64,1.010,0.000,5205.92,5.4,ok,,,,
aes_round,crypto,aes_round,orfs_area@booth+adder=kogge-stone,0,11830,67468.46,1.808,0.000,4421.78,4.6,ok,,,,
aes_round,crypto,aes_round,area_max@booth,0,9237,51076.49,1.392,0.000,4996.23,12.1,ok,,,,
aes_round,crypto,aes_round,orfs_speed@booth+adder=kogge-stone,0,9666,55918.63,1.265,0.000,5190.01,4.7,ok,,,,
aes_round,crypto,aes_round,area_classic@booth+adder=kogge-stone,0,9273,49650.12,1.001,0.000,5443.96,6.5,ok,,,,
aes_round,crypto,aes_round,yosys_default@booth+adder=kogge-stone,0,9447,53550.11,1.170,0.000,5047.02,4.2,ok,,,,
aes_round,crypto,aes_round,delay_triple@booth+adder=kogge-stone,0,9486,53426.24,1.251,0.000,4986.31,11.0,ok,,,,
aes_round,crypto,aes_round,balanced_resyn2x@booth+adder=kogge-stone,0,9475,53537.60,1.422,0.000,4947.16,9.2,ok,,,,
aes_round,crypto,aes_round,delay_aggressive@booth,0,9359,51421.82,1.374,0.000,4982.58,16.4,ok,,,,
aes_round,crypto,aes_round,area_lut6@booth+adder=kogge-stone,0,9562,51007.67,0.972,0.000,5240.92,7.1,ok,,,,
aes_round,crypto,aes_round,delay_iter_heavy@booth+adder=kogge-stone,0,9484,54144.43,1.384,0.000,4917.86,12.5,ok,,,,
aes_round,crypto,aes_round,area_max@booth+adder=kogge-stone,0,9237,51076.49,1.392,0.000,4996.23,9.2,ok,,,,
aes_round,crypto,aes_round,delay_aggressive@booth+adder=kogge-stone,0,9359,51421.82,1.374,0.000,4982.58,12.9,ok,,,,
sha256_core,crypto,sha256_core,delay_syn2,0,9121,68393.09,-1.482,-6.428,12575.78,3.3,ok,,,,
sha256_core,crypto,sha256_core,delay_choice_deep_v3,0,8930,68291.75,-0.484,-1.484,11768.57,3.3,ok,,,,
sha256_core,crypto,sha256_core,yosys_default,0,8274,66212.25,-3.267,-64.325,14701.58,3.5,ok,,,,
sha256_core,crypto,sha256_core,orfs_speed,0,8788,67689.92,-0.214,-0.446,11735.33,3.7,ok,,,,
sha256_core,crypto,sha256_core,delay_choice_deep_bb,0,8532,66825.34,-1.847,-22.759,13274.88,3.8,ok,,,,
sha256_core,crypto,sha256_core,delay_choice_deep_v4,0,8538,66718.99,-1.967,-24.974,13231.75,3.8,ok,,,,
sha256_core,crypto,sha256_core,orfs_area,0,9579,74512.71,-0.634,-2.455,11972.23,4.0,ok,,,,
sha256_core,crypto,sha256_core,delay_choice_deep,0,8788,67689.92,-0.214,-0.446,11735.33,4.0,ok,,,,
sha256_core,crypto,sha256_core,delay_map,0,11714,75924.07,1.399,0.000,10370.97,4.0,ok,,,,
sha256_core,crypto,sha256_core,delay_map_resyn,0,10601,71335.92,0.368,0.000,11224.52,5.1,ok,,,,
sha256_core,crypto,sha256_core,balanced_resyn,0,8685,66829.09,-0.807,-2.780,12056.30,5.5,ok,,,,
sha256_core,crypto,sha256_core,area_classic,0,8156,64475.59,-3.120,-63.994,14529.24,5.8,ok,,,,
sha256_core,crypto,sha256_core,area_lut6,0,7821,63659.80,-3.070,-64.615,14413.62,6.2,ok,,,,
sha256_core,crypto,sha256_core,delay_triple,0,8316,65979.53,-0.074,-0.074,11686.03,7.5,ok,,,,
sha256_core,crypto,sha256_core,delay_choice_deep_v3@adder=kogge-stone,0,9516,72031.58,0.176,0.000,11137.19,4.6,ok,,,,
sha256_core,crypto,sha256_core,delay_syn2@adder=kogge-stone,0,9906,72995.01,0.455,0.000,10798.45,4.5,ok,,,,
sha256_core,crypto,sha256_core,balanced_resyn2x,0,8673,66343.63,-0.887,-5.257,12123.46,8.6,ok,,,,
sha256_core,crypto,sha256_core,delay_choice_deep@adder=kogge-stone,0,9298,71056.90,0.313,0.000,10984.67,5.1,ok,,,,
sha256_core,crypto,sha256_core,delay_map@adder=kogge-stone,0,14117,87796.70,2.047,0.000,9765.94,5.8,ok,,,,
sha256_core,crypto,sha256_core,area_max,0,8090,63821.21,-3.038,-54.237,14436.90,9.4,ok,,,,
sha256_core,crypto,sha256_core,delay_map_resyn@adder=kogge-stone,0,12171,78435.23,2.218,0.000,9598.88,6.2,ok,,,,
sha256_core,crypto,sha256_core,delay_choice_deep_bb@adder=kogge-stone,0,9174,70428.80,0.236,0.000,11024.82,5.1,ok,,,,
sha256_core,crypto,sha256_core,balanced_resyn@adder=kogge-stone,0,8900,68230.44,0.760,0.000,10873.47,6.6,ok,,,,
sha256_core,crypto,sha256_core,delay_iter_heavy,0,8304,65625.44,-0.334,-0.835,11677.99,10.7,ok,,,,
sha256_core,crypto,sha256_core,delay_choice_deep_v4@adder=kogge-stone,0,9204,70789.14,-0.244,-0.244,11132.42,5.1,ok,,,,
sha256_core,crypto,sha256_core,area_classic@adder=kogge-stone,0,8215,65043.63,-2.297,-34.565,13776.26,6.4,ok,,,,
sha256_core,crypto,sha256_core,orfs_area@adder=kogge-stone,0,10151,77595.67,0.378,0.000,10995.33,5.5,ok,,,,
sha256_core,crypto,sha256_core,orfs_speed@adder=kogge-stone,0,9298,70630.24,0.255,0.000,11177.53,4.6,ok,,,,
sha256_core,crypto,sha256_core,yosys_default@adder=kogge-stone,0,8706,67370.86,-2.662,-39.774,13880.59,4.2,ok,,,,
sha256_core,crypto,sha256_core,balanced_resyn2x@adder=kogge-stone,0,8785,68434.38,0.426,0.000,10998.44,9.4,ok,,,,
sha256_core,crypto,sha256_core,delay_choice_deep_v3@adder=han-carlson,0,9033,69103.78,-0.182,-0.359,11582.30,4.0,ok,,,,
sha256_core,crypto,sha256_core,delay_aggressive,0,8036,63905.04,-2.727,-43.457,14245.06,13.6,ok,,,,
sha256_core,crypto,sha256_core,delay_triple@adder=kogge-stone,0,8805,69202.62,0.490,0.000,10968.83,9.9,ok,,,,
sha256_core,crypto,sha256_core,delay_map@adder=han-carlson,0,12746,80843.79,1.676,0.000,10146.30,4.6,ok,,,,
sha256_core,crypto,sha256_core,area_lut6@adder=kogge-stone,0,8049,64748.35,-2.723,-49.422,14123.77,6.8,ok,,,,
sha256_core,crypto,sha256_core,delay_map_resyn@adder=han-carlson,0,11311,73317.82,1.298,0.000,10440.27,5.9,ok,,,,
sha256_core,crypto,sha256_core,delay_choice_deep@adder=han-carlson,0,8954,68378.08,-0.131,-0.402,11584.44,4.7,ok,,,,
sha256_core,crypto,sha256_core,balanced_resyn@adder=han-carlson,0,8870,67983.95,0.210,0.000,11359.61,5.7,ok,,,,
sha256_core,crypto,sha256_core,delay_iter_heavy@adder=kogge-stone,0,8711,68488.19,0.415,0.000,11269.40,13.3,ok,,,,
sha256_core,crypto,sha256_core,delay_syn2@adder=han-carlson,0,9432,70771.63,0.100,0.000,11051.17,4.5,ok,,,,
sha256_core,crypto,sha256_core,delay_choice_deep_bb@adder=han-carlson,0,8694,67796.27,0.025,0.000,11352.73,4.7,ok,,,,
sha256_core,crypto,sha256_core,delay_choice_deep_v4@adder=han-carlson,0,8798,68849.78,-0.222,-0.364,11422.29,5.1,ok,,,,
sha256_core,crypto,sha256_core,orfs_area@adder=han-carlson,0,9884,76912.52,-0.362,-0.756,11645.01,5.3,ok,,,,
sha256_core,crypto,sha256_core,area_classic@adder=han-carlson,0,8107,65056.14,-2.860,-48.280,14535.58,5.8,ok,,,,
sha256_core,crypto,sha256_core,yosys_default@adder=han-carlson,0,8383,66170.96,-3.136,-57.297,14645.93,4.0,ok,,,,
sha256_core,crypto,sha256_core,orfs_speed@adder=han-carlson,0,8954,68385.59,-0.131,-0.402,11584.44,4.5,ok,,,,
sha256_core,crypto,sha256_core,delay_triple@adder=han-carlson,0,8389,66907.92,-0.200,-0.280,11588.45,9.6,ok,,,,
sha256_core,crypto,sha256_core,area_lut6@adder=han-carlson,0,8082,64623.23,-3.107,-57.486,14615.98,6.5,ok,,,,
sha256_core,crypto,sha256_core,area_max@adder=kogge-stone,0,8063,64714.57,-2.926,-51.458,14222.81,11.6,ok,,,,
sha256_core,crypto,sha256_core,delay_map@adder=sklansky,0,12863,81469.39,1.858,0.000,9919.40,5.0,ok,,,,
sha256_core,crypto,sha256_core,delay_choice_deep_v3@adder=sklansky,0,9162,70109.74,0.025,0.000,11340.86,4.3,ok,,,,
sha256_core,crypto,sha256_core,delay_aggressive@adder=kogge-stone,0,8084,63985.12,-3.003,-53.165,14389.96,16.2,ok,,,,
sha256_core,crypto,sha256_core,balanced_resyn2x@adder=han-carlson,0,8796,67100.60,-0.141,-0.257,11522.05,9.6,ok,,,,
sha256_core,crypto,sha256_core,delay_map_resyn@adder=sklansky,0,11286,73628.12,1.318,0.000,10501.29,5.9,ok,,,,
sha256_core,crypto,sha256_core,delay_iter_heavy@adder=han-carlson,1,8382,66182.22,0.116,0.000,11680.08,11.9,ok,,0.060,0.000,66182.22
sha256_core,crypto,sha256_core,delay_syn2@adder=sklansky,0,9318,70054.69,-0.620,-2.342,11852.40,4.0,ok,,,,
sha256_core,crypto,sha256_core,area_max@adder=han-carlson,0,8081,64011.39,-2.919,-60.422,14336.36,10.1,ok,,,,
sha256_core,crypto,sha256_core,delay_choice_deep@adder=sklansky,0,9165,69643.04,-0.147,-0.147,11452.98,4.9,ok,,,,
sha256_core,crypto,sha256_core,delay_choice_deep_bb@adder=sklansky,0,8813,68022.74,-2.096,-28.666,13255.71,4.9,ok,,,,
sha256_core,crypto,sha256_core,balanced_resyn@adder=sklansky,0,8927,68013.98,0.089,0.000,11394.08,6.0,ok,,,,
sha256_core,crypto,sha256_core,delay_choice_deep_v4@adder=sklansky,0,8803,68473.17,-0.805,-2.313,11918.69,4.7,ok,,,,
sha256_core,crypto,sha256_core,orfs_area@adder=sklansky,0,9768,75985.38,-0.187,-0.490,11422.68,5.0,ok,,,,
sha256_core,crypto,sha256_core,orfs_speed@adder=sklansky,0,9165,69665.56,-0.147,-0.147,11452.98,4.2,ok,,,,
sha256_core,crypto,sha256_core,area_classic@adder=sklansky,0,8169,64700.80,-2.925,-51.179,14237.57,6.4,ok,,,,
sha256_core,crypto,sha256_core,yosys_default@adder=sklansky,0,8539,67913.88,-2.986,-56.017,14645.13,4.4,ok,,,,
sha256_core,crypto,sha256_core,delay_triple@adder=sklansky,0,8490,67069.32,-0.134,-0.243,11547.19,9.6,ok,,,,
sha256_core,crypto,sha256_core,delay_choice_deep_v3@booth,0,8930,68291.75,-0.484,-1.484,11768.57,3.6,ok,,,,
sha256_core,crypto,sha256_core,delay_map@booth,0,11714,75924.07,1.399,0.000,10370.97,4.9,ok,,,,
sha256_core,crypto,sha256_core,delay_aggressive@adder=han-carlson,0,8055,64325.44,-2.636,-41.200,14165.45,14.5,ok,,,,
sha256_core,crypto,sha256_core,area_lut6@adder=sklansky,0,7998,64445.56,-3.002,-56.126,14341.04,7.0,ok,,,,
sha256_core,crypto,sha256_core,delay_map_resyn@booth,0,10601,71335.92,0.368,0.000,11224.52,6.0,ok,,,,
sha256_core,crypto,sha256_core,delay_iter_heavy@adder=sklansky,0,8510,67265.76,-0.112,-0.168,11490.55,11.8,ok,,,,
sha256_core,crypto,sha256_core,delay_choice_deep@booth,0,8788,67689.92,-0.214,-0.446,11735.33,4.9,ok,,,,
sha256_core,crypto,sha256_core,balanced_resyn2x@adder=sklansky,0,8889,67323.32,-0.215,-0.460,11547.11,10.9,ok,,,,
sha256_core,crypto,sha256_core,balanced_resyn@booth,0,8685,66829.09,-0.807,-2.780,12056.30,5.9,ok,,,,
sha256_core,crypto,sha256_core,delay_syn2@booth,0,9121,68393.09,-1.482,-6.428,12575.78,4.1,ok,,,,
sha256_core,crypto,sha256_core,delay_choice_deep_bb@booth,0,8532,66825.34,-1.847,-22.759,13274.88,4.4,ok,,,,
sha256_core,crypto,sha256_core,delay_choice_deep_v4@booth,0,8538,66718.99,-1.967,-24.974,13231.75,4.5,ok,,,,
sha256_core,crypto,sha256_core,orfs_area@booth,0,9579,74512.71,-0.634,-2.455,11972.23,4.4,ok,,,,
sha256_core,crypto,sha256_core,delay_triple@booth,0,8316,65979.53,-0.074,-0.074,11686.03,8.4,ok,,,,
sha256_core,crypto,sha256_core,area_max@adder=sklansky,0,8086,63980.11,-2.816,-50.107,14204.06,11.1,ok,,,,
sha256_core,crypto,sha256_core,yosys_default@booth,0,8274,66212.25,-3.267,-64.325,14701.58,4.0,ok,,,,
sha256_core,crypto,sha256_core,orfs_speed@booth,0,8788,67689.92,-0.214,-0.446,11735.33,4.4,ok,,,,
sha256_core,crypto,sha256_core,area_classic@booth,0,8156,64475.59,-3.120,-63.994,14529.24,6.8,ok,,,,
sha256_core,crypto,sha256_core,area_lut6@booth,0,7821,63659.80,-3.070,-64.615,14413.62,6.4,ok,,,,
sha256_core,crypto,sha256_core,balanced_resyn2x@booth,0,8673,66343.63,-0.887,-5.257,12123.46,9.8,ok,,,,
sha256_core,crypto,sha256_core,delay_choice_deep_v3@booth+adder=kogge-stone,0,9516,72031.58,0.176,0.000,11137.19,5.1,ok,,,,
sha256_core,crypto,sha256_core,delay_map@booth+adder=kogge-stone,0,14117,87796.70,2.047,0.000,9765.94,6.4,ok,,,,
sha256_core,crypto,sha256_core,delay_iter_heavy@booth,0,8304,65625.44,-0.334,-0.835,11677.99,12.0,ok,,,,
sha256_core,crypto,sha256_core,delay_aggressive@adder=sklansky,0,8107,64483.09,-2.667,-44.965,13946.77,17.0,ok,,,,
sha256_core,crypto,sha256_core,delay_map_resyn@booth+adder=kogge-stone,0,12171,78435.23,2.218,0.000,9598.88,7.0,ok,,,,
sha256_core,crypto,sha256_core,delay_choice_deep@booth+adder=kogge-stone,0,9298,71056.90,0.313,0.000,10984.67,5.8,ok,,,,
sha256_core,crypto,sha256_core,delay_syn2@booth+adder=kogge-stone,0,9906,72995.01,0.455,0.000,10798.45,5.4,ok,,,,
sha256_core,crypto,sha256_core,balanced_resyn@booth+adder=kogge-stone,0,8900,68230.44,0.760,0.000,10873.47,6.7,ok,,,,
sha256_core,crypto,sha256_core,area_max@booth,0,8090,63821.21,-3.038,-54.237,14436.90,10.7,ok,,,,
sha256_core,crypto,sha256_core,delay_choice_deep_bb@booth+adder=kogge-stone,0,9174,70428.80,0.236,0.000,11024.82,5.3,ok,,,,
sha256_core,crypto,sha256_core,delay_choice_deep_v4@booth+adder=kogge-stone,0,9204,70789.14,-0.244,-0.244,11132.42,5.4,ok,,,,
sha256_core,crypto,sha256_core,yosys_default@booth+adder=kogge-stone,0,8706,67370.86,-2.662,-39.774,13880.59,3.8,ok,,,,
sha256_core,crypto,sha256_core,delay_aggressive@booth,0,8036,63905.04,-2.727,-43.457,14245.06,13.9,ok,,,,
sha256_core,crypto,sha256_core,orfs_area@booth+adder=kogge-stone,0,10151,77595.67,0.378,0.000,10995.33,5.3,ok,,,,
sha256_core,crypto,sha256_core,orfs_speed@booth+adder=kogge-stone,0,9298,70630.24,0.255,0.000,11177.53,4.4,ok,,,,
sha256_core,crypto,sha256_core,delay_triple@booth+adder=kogge-stone,0,8805,69202.62,0.490,0.000,10968.83,10.4,ok,,,,
sha256_core,crypto,sha256_core,area_classic@booth+adder=kogge-stone,0,8215,65043.63,-2.297,-34.565,13776.26,6.8,ok,,,,
sha256_core,crypto,sha256_core,balanced_resyn2x@booth+adder=kogge-stone,0,8785,68434.38,0.426,0.000,10998.44,9.4,ok,,,,
sha256_core,crypto,sha256_core,area_lut6@booth+adder=kogge-stone,0,8049,64748.35,-2.723,-49.422,14123.77,6.3,ok,,,,
sha256_core,crypto,sha256_core,delay_iter_heavy@booth+adder=kogge-stone,0,8711,68488.19,0.415,0.000,11269.40,11.6,ok,,,,
sha256_core,crypto,sha256_core,area_max@booth+adder=kogge-stone,0,8063,64714.57,-2.926,-51.458,14222.81,7.9,ok,,,,
sha256_core,crypto,sha256_core,delay_aggressive@booth+adder=kogge-stone,0,8084,63985.12,-3.003,-53.165,14389.96,11.0,ok,,,,
crc32_8,logic,crc32_8,delay_map,1,279,2539.94,0.145,0.000,2619.57,0.2,ok,,0.180,0.000,2539.94
crc32_8,logic,crc32_8,delay_choice_deep_v3,0,198,2253.41,-0.146,-0.347,2961.02,0.2,ok,,,,
crc32_8,logic,crc32_8,delay_choice_deep_bb,0,182,2149.56,-0.304,-1.648,3186.79,0.2,ok,,,,
crc32_8,logic,crc32_8,delay_syn2,0,213,2128.29,-0.567,-2.124,3425.31,0.2,ok,,,,
crc32_8,logic,crc32_8,delay_choice_deep,0,198,2250.91,-0.131,-0.877,3135.59,0.2,ok,,,,
crc32_8,logic,crc32_8,delay_choice_deep_v4,0,180,2088.25,-0.359,-1.839,3316.03,0.2,ok,,,,
crc32_8,logic,crc32_8,orfs_area,0,230,2273.43,-0.228,-0.228,2941.15,0.2,ok,,,,
crc32_8,logic,crc32_8,orfs_speed,0,198,2250.91,-0.131,-0.877,3135.59,0.2,ok,,,,
crc32_8,logic,crc32_8,yosys_default,0,220,2157.07,-0.234,-0.519,3175.36,0.2,ok,,,,
crc32_8,logic,crc32_8,delay_map_resyn,0,320,2778.92,0.258,0.000,2546.69,0.2,ok,,,,
crc32_8,logic,crc32_8,balanced_resyn,0,231,2140.80,-0.242,-0.797,3120.19,0.2,ok,,,,
crc32_8,logic,crc32_8,delay_triple,0,220,2153.32,-0.030,-0.056,3004.45,0.3,ok,,,,
crc32_8,logic,crc32_8,area_classic,0,247,2208.37,-0.175,-0.783,3122.14,0.2,ok,,,,
crc32_8,logic,crc32_8,area_lut6,0,244,2148.31,-0.202,-0.670,3191.21,0.2,ok,,,,
crc32_8,logic,crc32_8,delay_iter_heavy,0,220,2164.58,-0.142,-0.368,3024.11,0.3,ok,,,,
crc32_8,logic,crc32_8,balanced_resyn2x,0,227,2152.06,-0.329,-0.549,3100.71,0.3,ok,,,,
crc32_8,logic,crc32_8,delay_choice_deep_v3@adder=kogge-stone,0,198,2253.41,-0.146,-0.347,2961.02,0.2,ok,,,,
crc32_8,logic,crc32_8,area_max,0,239,2250.91,-0.267,-0.753,3031.39,0.4,ok,,,,
crc32_8,logic,crc32_8,delay_aggressive,0,234,2145.81,-0.309,-1.104,3116.22,0.4,ok,,,,
crc32_8,logic,crc32_8,delay_syn2@adder=kogge-stone,0,213,2128.29,-0.567,-2.124,3425.31,0.2,ok,,,,
crc32_8,logic,crc32_8,delay_choice_deep_bb@adder=kogge-stone,0,182,2149.56,-0.304,-1.648,3186.79,0.2,ok,,,,
crc32_8,logic,crc32_8,delay_map@adder=kogge-stone,0,279,2539.94,0.145,0.000,2619.57,0.2,ok,,,,
crc32_8,logic,crc32_8,delay_map_resyn@adder=kogge-stone,0,320,2778.92,0.258,0.000,2546.69,0.2,ok,,,,
crc32_8,logic,crc32_8,delay_choice_deep@adder=kogge-stone,0,198,2250.91,-0.131,-0.877,3135.59,0.2,ok,,,,
crc32_8,logic,crc32_8,balanced_resyn@adder=kogge-stone,0,231,2140.80,-0.242,-0.797,3120.19,0.2,ok,,,,
crc32_8,logic,crc32_8,delay_choice_deep_v4@adder=kogge-stone,0,180,2088.25,-0.359,-1.839,3316.03,0.2,ok,,,,
crc32_8,logic,crc32_8,delay_triple@adder=kogge-stone,0,220,2153.32,-0.030,-0.056,3004.45,0.3,ok,,,,
crc32_8,logic,crc32_8,orfs_area@adder=kogge-stone,0,230,2273.43,-0.228,-0.228,2941.15,0.2,ok,,,,
crc32_8,logic,crc32_8,delay_iter_heavy@adder=kogge-stone,0,220,2164.58,-0.142,-0.368,3024.11,0.4,ok,,,,
crc32_8,logic,crc32_8,area_classic@adder=kogge-stone,0,247,2208.37,-0.175,-0.783,3122.14,0.3,ok,,,,
crc32_8,logic,crc32_8,balanced_resyn2x@adder=kogge-stone,0,227,2152.06,-0.329,-0.549,3100.71,0.4,ok,,,,
crc32_8,logic,crc32_8,area_lut6@adder=kogge-stone,0,244,2148.31,-0.202,-0.670,3191.21,0.3,ok,,,,
crc32_8,logic,crc32_8,yosys_default@adder=kogge-stone,0,220,2157.07,-0.234,-0.519,3175.36,0.2,ok,,,,
crc32_8,logic,crc32_8,orfs_speed@adder=kogge-stone,0,198,2250.91,-0.131,-0.877,3135.59,0.2,ok,,,,
crc32_8,logic,crc32_8,delay_choice_deep_v3@adder=han-carlson,0,198,2253.41,-0.146,-0.347,2961.02,0.2,ok,,,,
crc32_8,logic,crc32_8,delay_map@adder=han-carlson,0,279,2539.94,0.145,0.000,2619.57,0.2,ok,,,,
crc32_8,logic,crc32_8,area_max@adder=kogge-stone,0,239,2250.91,-0.267,-0.753,3031.39,0.4,ok,,,,
crc32_8,logic,crc32_8,delay_syn2@adder=han-carlson,0,213,2128.29,-0.567,-2.124,3425.31,0.3,ok,,,,
crc32_8,logic,crc32_8,balanced_resyn@adder=han-carlson,0,231,2140.80,-0.242,-0.797,3120.19,0.3,ok,,,,
crc32_8,logic,crc32_8,delay_choice_deep@adder=han-carlson,0,198,2250.91,-0.131,-0.877,3135.59,0.3,ok,,,,
crc32_8,logic,crc32_8,delay_aggressive@adder=kogge-stone,0,234,2145.81,-0.309,-1.104,3116.22,0.5,ok,,,,
crc32_8,logic,crc32_8,delay_choice_deep_bb@adder=han-carlson,0,182,2149.56,-0.304,-1.648,3186.79,0.3,ok,,,,
crc32_8,logic,crc32_8,delay_map_resyn@adder=han-carlson,0,320,2778.92,0.258,0.000,2546.69,0.3,ok,,,,
crc32_8,logic,crc32_8,orfs_area@adder=han-carlson,0,230,2273.43,-0.228,-0.228,2941.15,0.2,ok,,,,
crc32_8,logic,crc32_8,delay_triple@adder=han-carlson,0,220,2153.32,-0.030,-0.056,3004.45,0.4,ok,,,,
crc32_8,logic,crc32_8,delay_choice_deep_v4@adder=han-carlson,0,180,2088.25,-0.359,-1.839,3316.03,0.3,ok,,,,
crc32_8,logic,crc32_8,delay_iter_heavy@adder=han-carlson,0,220,2164.58,-0.142,-0.368,3024.11,0.5,ok,,,,
crc32_8,logic,crc32_8,balanced_resyn2x@adder=han-carlson,0,227,2152.06,-0.329,-0.549,3100.71,0.5,ok,,,,
crc32_8,logic,crc32_8,orfs_speed@adder=han-carlson,0,198,2250.91,-0.131,-0.877,3135.59,0.3,ok,,,,
crc32_8,logic,crc32_8,yosys_default@adder=han-carlson,0,220,2157.07,-0.234,-0.519,3175.36,0.4,ok,,,,
crc32_8,logic,crc32_8,area_classic@adder=han-carlson,0,247,2208.37,-0.175,-0.783,3122.14,0.4,ok,,,,
crc32_8,logic,crc32_8,area_lut6@adder=han-carlson,0,244,2148.31,-0.202,-0.670,3191.21,0.4,ok,,,,
crc32_8,logic,crc32_8,delay_map@adder=sklansky,0,279,2539.94,0.145,0.000,2619.57,0.4,ok,,,,
crc32_8,logic,crc32_8,delay_choice_deep_v3@adder=sklansky,0,198,2253.41,-0.146,-0.347,2961.02,0.4,ok,,,,
crc32_8,logic,crc32_8,delay_aggressive@adder=han-carlson,0,234,2145.81,-0.309,-1.104,3116.22,0.6,ok,,,,
crc32_8,logic,crc32_8,area_max@adder=han-carlson,0,239,2250.91,-0.267,-0.753,3031.39,0.6,ok,,,,
crc32_8,logic,crc32_8,delay_choice_deep_bb@adder=sklansky,0,182,2149.56,-0.304,-1.648,3186.79,0.5,ok,,,,
crc32_8,logic,crc32_8,delay_map_resyn@adder=sklansky,0,320,2778.92,0.258,0.000,2546.69,0.7,ok,,,,
crc32_8,logic,crc32_8,orfs_area@adder=sklansky,0,230,2273.43,-0.228,-0.228,2941.15,0.4,ok,,,,
crc32_8,logic,crc32_8,delay_triple@adder=sklansky,0,220,2153.32,-0.030,-0.056,3004.45,0.7,ok,,,,
crc32_8,logic,crc32_8,delay_syn2@adder=sklansky,0,213,2128.29,-0.567,-2.124,3425.31,0.6,ok,,,,
crc32_8,logic,crc32_8,orfs_speed@adder=sklansky,0,198,2250.91,-0.131,-0.877,3135.59,0.4,ok,,,,
crc32_8,logic,crc32_8,delay_choice_deep_v4@adder=sklansky,0,180,2088.25,-0.359,-1.839,3316.03,0.5,ok,,,,
crc32_8,logic,crc32_8,balanced_resyn@adder=sklansky,0,231,2140.80,-0.242,-0.797,3120.19,0.7,ok,,,,
crc32_8,logic,crc32_8,delay_choice_deep@adder=sklansky,0,198,2250.91,-0.131,-0.877,3135.59,0.7,ok,,,,
crc32_8,logic,crc32_8,yosys_default@adder=sklansky,0,220,2157.07,-0.234,-0.519,3175.36,0.4,ok,,,,
crc32_8,logic,crc32_8,delay_iter_heavy@adder=sklansky,0,220,2164.58,-0.142,-0.368,3024.11,0.8,ok,,,,
crc32_8,logic,crc32_8,area_lut6@adder=sklansky,0,244,2148.31,-0.202,-0.670,3191.21,0.5,ok,,,,
crc32_8,logic,crc32_8,delay_map@booth,0,279,2539.94,0.145,0.000,2619.57,0.4,ok,,,,
crc32_8,logic,crc32_8,area_classic@adder=sklansky,0,247,2208.37,-0.175,-0.783,3122.14,0.7,ok,,,,
crc32_8,logic,crc32_8,delay_choice_deep_v3@booth,0,198,2253.41,-0.146,-0.347,2961.02,0.5,ok,,,,
crc32_8,logic,crc32_8,area_max@adder=sklansky,0,239,2250.91,-0.267,-0.753,3031.39,0.8,ok,,,,
crc32_8,logic,crc32_8,balanced_resyn2x@adder=sklansky,0,227,2152.06,-0.329,-0.549,3100.71,1.0,ok,,,,
crc32_8,logic,crc32_8,delay_map_resyn@booth,0,320,2778.92,0.258,0.000,2546.69,0.7,ok,,,,
crc32_8,logic,crc32_8,orfs_area@booth,0,230,2273.43,-0.228,-0.228,2941.15,0.4,ok,,,,
crc32_8,logic,crc32_8,delay_syn2@booth,0,213,2128.29,-0.567,-2.124,3425.31,0.5,ok,,,,
crc32_8,logic,crc32_8,delay_choice_deep_v4@booth,0,180,2088.25,-0.359,-1.839,3316.03,0.4,ok,,,,
crc32_8,logic,crc32_8,balanced_resyn@booth,0,231,2140.80,-0.242,-0.797,3120.19,0.5,ok,,,,
crc32_8,logic,crc32_8,delay_choice_deep_bb@booth,0,182,2149.56,-0.304,-1.648,3186.79,0.5,ok,,,,
crc32_8,logic,crc32_8,area_lut6@booth,0,244,2148.31,-0.202,-0.670,3191.21,0.5,ok,,,,
crc32_8,logic,crc32_8,delay_choice_deep@booth,0,198,2250.91,-0.131,-0.877,3135.59,0.5,ok,,,,
crc32_8,logic,crc32_8,delay_aggressive@adder=sklansky,0,234,2145.81,-0.309,-1.104,3116.22,1.1,ok,,,,
crc32_8,logic,crc32_8,area_classic@booth,0,247,2208.37,-0.175,-0.783,3122.14,0.5,ok,,,,
crc32_8,logic,crc32_8,delay_triple@booth,0,220,2153.32,-0.030,-0.056,3004.45,0.6,ok,,,,
crc32_8,logic,crc32_8,balanced_resyn2x@booth,0,227,2152.06,-0.329,-0.549,3100.71,0.6,ok,,,,
crc32_8,logic,crc32_8,delay_iter_heavy@booth,0,220,2164.58,-0.142,-0.368,3024.11,0.8,ok,,,,
crc32_8,logic,crc32_8,orfs_speed@booth,0,198,2250.91,-0.131,-0.877,3135.59,0.5,ok,,,,
crc32_8,logic,crc32_8,yosys_default@booth,0,220,2157.07,-0.234,-0.519,3175.36,0.5,ok,,,,
crc32_8,logic,crc32_8,delay_choice_deep_v3@booth+adder=kogge-stone,0,198,2253.41,-0.146,-0.347,2961.02,0.4,ok,,,,
crc32_8,logic,crc32_8,area_max@booth,0,239,2250.91,-0.267,-0.753,3031.39,0.7,ok,,,,
crc32_8,logic,crc32_8,delay_map_resyn@booth+adder=kogge-stone,0,320,2778.92,0.258,0.000,2546.69,0.5,ok,,,,
crc32_8,logic,crc32_8,delay_syn2@booth+adder=kogge-stone,0,213,2128.29,-0.567,-2.124,3425.31,0.4,ok,,,,
crc32_8,logic,crc32_8,delay_choice_deep_v4@booth+adder=kogge-stone,0,180,2088.25,-0.359,-1.839,3316.03,0.4,ok,,,,
crc32_8,logic,crc32_8,delay_choice_deep_bb@booth+adder=kogge-stone,0,182,2149.56,-0.304,-1.648,3186.79,0.4,ok,,,,
crc32_8,logic,crc32_8,delay_map@booth+adder=kogge-stone,0,279,2539.94,0.145,0.000,2619.57,0.5,ok,,,,
crc32_8,logic,crc32_8,delay_choice_deep@booth+adder=kogge-stone,0,198,2250.91,-0.131,-0.877,3135.59,0.5,ok,,,,
crc32_8,logic,crc32_8,balanced_resyn@booth+adder=kogge-stone,0,231,2140.80,-0.242,-0.797,3120.19,0.5,ok,,,,
crc32_8,logic,crc32_8,delay_iter_heavy@booth+adder=kogge-stone,0,220,2164.58,-0.142,-0.368,3024.11,0.5,ok,,,,
crc32_8,logic,crc32_8,delay_aggressive@booth,0,234,2145.81,-0.309,-1.104,3116.22,1.0,ok,,,,
crc32_8,logic,crc32_8,delay_triple@booth+adder=kogge-stone,0,220,2153.32,-0.030,-0.056,3004.45,0.5,ok,,,,
crc32_8,logic,crc32_8,balanced_resyn2x@booth+adder=kogge-stone,0,227,2152.06,-0.329,-0.549,3100.71,0.5,ok,,,,
crc32_8,logic,crc32_8,area_classic@booth+adder=kogge-stone,0,247,2208.37,-0.175,-0.783,3122.14,0.5,ok,,,,
crc32_8,logic,crc32_8,orfs_area@booth+adder=kogge-stone,0,230,2273.43,-0.228,-0.228,2941.15,0.4,ok,,,,
crc32_8,logic,crc32_8,orfs_speed@booth+adder=kogge-stone,0,198,2250.91,-0.131,-0.877,3135.59,0.3,ok,,,,
crc32_8,logic,crc32_8,yosys_default@booth+adder=kogge-stone,0,220,2157.07,-0.234,-0.519,3175.36,0.3,ok,,,,
crc32_8,logic,crc32_8,area_lut6@booth+adder=kogge-stone,0,244,2148.31,-0.202,-0.670,3191.21,0.4,ok,,,,
crc32_8,logic,crc32_8,delay_aggressive@booth+adder=kogge-stone,0,234,2145.81,-0.309,-1.104,3116.22,0.7,ok,,,,
crc32_8,logic,crc32_8,area_max@booth+adder=kogge-stone,0,239,2250.91,-0.267,-0.753,3031.39,0.5,ok,,,,
rr_arbiter16,logic,rr_arbiter16,delay_choice_deep_bb,0,379,3015.39,-0.688,-4.314,4988.13,0.3,ok,,,,
rr_arbiter16,logic,rr_arbiter16,delay_map,1,582,3867.46,0.026,0.000,4312.18,0.4,ok,,0.010,0.000,3867.46
rr_arbiter16,logic,rr_arbiter16,delay_choice_deep_v3,0,393,3065.44,-0.430,-4.196,4809.73,0.4,ok,,,,
rr_arbiter16,logic,rr_arbiter16,orfs_area,0,446,3133.00,-0.429,-2.427,4765.38,0.3,ok,,,,
rr_arbiter16,logic,rr_arbiter16,delay_choice_deep_v4,0,379,3015.39,-0.688,-4.314,4988.13,0.4,ok,,,,
rr_arbiter16,logic,rr_arbiter16,delay_syn2,0,399,3124.25,-0.730,-9.802,5197.22,0.4,ok,,,,
rr_arbiter16,logic,rr_arbiter16,yosys_default,0,387,2951.58,-0.466,-1.704,5002.39,0.4,ok,,,,
rr_arbiter16,logic,rr_arbiter16,orfs_speed,0,405,3051.68,-0.723,-6.382,5286.14,0.4,ok,,,,
rr_arbiter16,logic,rr_arbiter16,delay_map_resyn,0,563,3809.90,-0.023,-0.023,4369.79,0.4,ok,,,,
rr_arbiter16,logic,rr_arbiter16,balanced_resyn,0,403,3050.43,-0.611,-3.239,4919.13,0.4,ok,,,,
rr_arbiter16,logic,rr_arbiter16,delay_choice_deep,0,405,3051.68,-0.723,-6.382,5286.14,0.4,ok,,,,
rr_arbiter16,logic,rr_arbiter16,area_lut6,0,404,2989.12,-0.983,-12.796,5232.68,0.4,ok,,,,
rr_arbiter16,logic,rr_arbiter16,area_classic,0,389,3123.00,-0.513,-6.246,5016.10,0.4,ok,,,,
rr_arbiter16,logic,rr_arbiter16,balanced_resyn2x,0,406,2991.62,-0.831,-6.071,5128.38,0.6,ok,,,,
rr_arbiter16,logic,rr_arbiter16,area_max,0,382,3052.93,-0.893,-12.558,5191.48,0.7,ok,,,,
rr_arbiter16,logic,rr_arbiter16,delay_triple,0,387,3044.17,-0.653,-7.099,5121.29,0.7,ok,,,,
rr_arbiter16,logic,rr_arbiter16,delay_choice_deep_v3@adder=kogge-stone,0,396,3016.64,-0.484,-2.471,4907.49,0.4,ok,,,,
rr_arbiter16,logic,rr_arbiter16,delay_map@adder=kogge-stone,0,565,3933.77,0.033,0.000,4298.20,0.5,ok,,,,
rr_arbiter16,logic,rr_arbiter16,delay_map_resyn@adder=kogge-stone,0,563,3809.90,-0.023,-0.023,4369.79,0.5,ok,,,,
rr_arbiter16,logic,rr_arbiter16,delay_choice_deep@adder=kogge-stone,0,406,2991.62,-1.131,-15.306,5565.31,0.5,ok,,,,
rr_arbiter16,logic,rr_arbiter16,delay_syn2@adder=kogge-stone,0,402,3099.22,-1.059,-11.362,5303.47,0.5,ok,,,,
rr_arbiter16,logic,rr_arbiter16,delay_choice_deep_v4@adder=kogge-stone,0,372,3012.89,-0.569,-3.895,4961.02,0.5,ok,,,,
rr_arbiter16,logic,rr_arbiter16,balanced_resyn@adder=kogge-stone,0,403,3050.43,-0.611,-3.239,4919.13,0.5,ok,,,,
rr_arbiter16,logic,rr_arbiter16,area_classic@adder=kogge-stone,0,389,3123.00,-0.513,-6.246,5016.10,0.5,ok,,,,
rr_arbiter16,logic,rr_arbiter16,delay_choice_deep_bb@adder=kogge-stone,0,372,3012.89,-0.569,-3.895,4961.02,0.5,ok,,,,
rr_arbiter16,logic,rr_arbiter16,delay_iter_heavy,0,389,2915.30,-0.867,-9.361,5252.57,0.9,ok,,,,
rr_arbiter16,logic,rr_arbiter16,orfs_area@adder=kogge-stone,0,466,3308.17,-0.841,-6.829,5121.17,0.5,ok,,,,
rr_arbiter16,logic,rr_arbiter16,balanced_resyn2x@adder=kogge-stone,0,406,2991.62,-0.831,-6.071,5128.38,0.8,ok,,,,
rr_arbiter16,logic,rr_arbiter16,delay_triple@adder=kogge-stone,0,393,2985.36,-0.604,-3.779,5067.47,0.8,ok,,,,
rr_arbiter16,logic,rr_arbiter16,orfs_speed@adder=kogge-stone,0,406,2991.62,-1.131,-15.306,5565.31,0.5,ok,,,,
rr_arbiter16,logic,rr_arbiter16,delay_aggressive,0,395,2870.25,-0.694,-7.449,5291.87,1.2,ok,,,,
rr_arbiter16,logic,rr_arbiter16,area_lut6@adder=kogge-stone,0,400,3072.95,-0.778,-9.219,4899.04,0.6,ok,,,,
rr_arbiter16,logic,rr_arbiter16,yosys_default@adder=kogge-stone,0,392,2907.79,-0.444,-2.531,4812.59,0.5,ok,,,,
rr_arbiter16,logic,rr_arbiter16,delay_map@adder=han-carlson,0,582,3867.46,0.026,0.000,4312.18,0.5,ok,,,,
rr_arbiter16,logic,rr_arbiter16,delay_iter_heavy@adder=kogge-stone,0,386,2919.05,-1.095,-9.740,5602.79,1.0,ok,,,,
rr_arbiter16,logic,rr_arbiter16,balanced_resyn@adder=han-carlson,0,403,3050.43,-0.611,-3.239,4919.13,0.7,ok,,,,
rr_arbiter16,logic,rr_arbiter16,delay_choice_deep@adder=han-carlson,0,405,3051.68,-0.723,-6.382,5286.14,0.7,ok,,,,
rr_arbiter16,logic,rr_arbiter16,delay_map_resyn@adder=han-carlson,0,563,3809.90,-0.023,-0.023,4369.79,0.8,ok,,,,
rr_arbiter16,logic,rr_arbiter16,delay_choice_deep_v3@adder=han-carlson,0,393,3065.44,-0.430,-4.196,4809.73,0.8,ok,,,,
rr_arbiter16,logic,rr_arbiter16,delay_syn2@adder=han-carlson,0,399,3124.25,-0.730,-9.802,5197.22,0.6,ok,,,,
rr_arbiter16,logic,rr_arbiter16,delay_choice_deep_bb@adder=han-carlson,0,379,3015.39,-0.688,-4.314,4988.13,0.6,ok,,,,
rr_arbiter16,logic,rr_arbiter16,area_max@adder=kogge-stone,0,382,3052.93,-0.893,-12.558,5191.48,1.0,ok,,,,
rr_arbiter16,logic,rr_arbiter16,orfs_area@adder=han-carlson,0,446,3133.00,-0.429,-2.427,4765.38,0.6,ok,,,,
rr_arbiter16,logic,rr_arbiter16,delay_choice_deep_v4@adder=han-carlson,0,379,3015.39,-0.688,-4.314,4988.13,0.7,ok,,,,
rr_arbiter16,logic,rr_arbiter16,delay_aggressive@adder=kogge-stone,0,395,2870.25,-0.694,-7.449,5291.87,1.5,ok,,,,
rr_arbiter16,logic,rr_arbiter16,area_lut6@adder=han-carlson,0,404,2989.12,-0.983,-12.796,5232.68,0.7,ok,,,,
rr_arbiter16,logic,rr_arbiter16,area_classic@adder=han-carlson,0,389,3123.00,-0.513,-6.246,5016.10,0.7,ok,,,,
rr_arbiter16,logic,rr_arbiter16,delay_triple@adder=han-carlson,0,387,3044.17,-0.653,-7.099,5121.29,1.1,ok,,,,
rr_arbiter16,logic,rr_arbiter16,orfs_speed@adder=han-carlson,0,405,3051.68,-0.723,-6.382,5286.14,0.6,ok,,,,
rr_arbiter16,logic,rr_arbiter16,balanced_resyn2x@adder=han-carlson,0,406,2991.62,-0.831,-6.071,5128.38,1.2,ok,,,,
rr_arbiter16,logic,rr_arbiter16,yosys_default@adder=han-carlson,0,387,2951.58,-0.466,-1.704,5002.39,0.6,ok,,,,
rr_arbiter16,logic,rr_arbiter16,delay_choice_deep_v3@adder=sklansky,0,393,3065.44,-0.430,-4.196,4809.73,0.6,ok,,,,
rr_arbiter16,logic,rr_arbiter16,delay_map@adder=sklansky,0,582,3867.46,0.026,0.000,4312.18,0.7,ok,,,,
rr_arbiter16,logic,rr_arbiter16,delay_iter_heavy@adder=han-carlson,0,389,2915.30,-0.867,-9.361,5252.57,1.5,ok,,,,
rr_arbiter16,logic,rr_arbiter16,area_max@adder=han-carlson,0,382,3052.93,-0.893,-12.558,5191.48,1.0,ok,,,,
rr_arbiter16,logic,rr_arbiter16,delay_map_resyn@adder=sklansky,0,563,3809.90,-0.023,-0.023,4369.79,0.7,ok,,,,
rr_arbiter16,logic,rr_arbiter16,balanced_resyn@adder=sklansky,0,403,3050.43,-0.611,-3.239,4919.13,0.6,ok,,,,
rr_arbiter16,logic,rr_arbiter16,delay_choice_deep_v4@adder=sklansky,0,379,3015.39,-0.688,-4.314,4988.13,0.5,ok,,,,
rr_arbiter16,logic,rr_arbiter16,delay_choice_deep_bb@adder=sklansky,0,379,3015.39,-0.688,-4.314,4988.13,0.5,ok,,,,
rr_arbiter16,logic,rr_arbiter16,delay_choice_deep@adder=sklansky,0,405,3051.68,-0.723,-6.382,5286.14,0.7,ok,,,,
rr_arbiter16,logic,rr_arbiter16,delay_syn2@adder=sklansky,0,399,3124.25,-0.730,-9.802,5197.22,0.6,ok,,,,
rr_arbiter16,logic,rr_arbiter16,delay_aggressive@adder=han-carlson,0,395,2870.25,-0.694,-7.449,5291.87,1.4,ok,,,,
rr_arbiter16,logic,rr_arbiter16,area_classic@adder=sklansky,0,389,3123.00,-0.513,-6.246,5016.10,0.6,ok,,,,
rr_arbiter16,logic,rr_arbiter16,orfs_area@adder=sklansky,0,446,3133.00,-0.429,-2.427,4765.38,0.5,ok,,,,
rr_arbiter16,logic,rr_arbiter16,delay_triple@adder=sklansky,0,387,3044.17,-0.653,-7.099,5121.29,1.1,ok,,,,
rr_arbiter16,logic,rr_arbiter16,balanced_resyn2x@adder=sklansky,0,406,2991.62,-0.831,-6.071,5128.38,0.9,ok,,,,
rr_arbiter16,logic,rr_arbiter16,delay_iter_heavy@adder=sklansky,0,389,2915.30,-0.867,-9.361,5252.57,1.1,ok,,,,
rr_arbiter16,logic,rr_arbiter16,orfs_speed@adder=sklansky,0,405,3051.68,-0.723,-6.382,5286.14,0.6,ok,,,,
rr_arbiter16,logic,rr_arbiter16,yosys_default@adder=sklansky,0,387,2951.58,-0.466,-1.704,5002.39,0.5,ok,,,,
rr_arbiter16,logic,rr_arbiter16,area_lut6@adder=sklansky,0,404,2989.12,-0.983,-12.796,5232.68,0.7,ok,,,,
rr_arbiter16,logic,rr_arbiter16,delay_choice_deep_v3@booth,0,393,3065.44,-0.430,-4.196,4809.73,0.6,ok,,,,
rr_arbiter16,logic,rr_arbiter16,delay_map@booth,0,582,3867.46,0.026,0.000,4312.18,0.6,ok,,,,
rr_arbiter16,logic,rr_arbiter16,delay_map_resyn@booth,0,563,3809.90,-0.023,-0.023,4369.79,0.6,ok,,,,
rr_arbiter16,logic,rr_arbiter16,balanced_resyn@booth,0,403,3050.43,-0.611,-3.239,4919.13,0.6,ok,,,,
rr_arbiter16,logic,rr_arbiter16,delay_syn2@booth,0,399,3124.25,-0.730,-9.802,5197.22,0.6,ok,,,,
rr_arbiter16,logic,rr_arbiter16,delay_choice_deep@booth,0,405,3051.68,-0.723,-6.382,5286.14,0.7,ok,,,,
rr_arbiter16,logic,rr_arbiter16,delay_choice_deep_bb@booth,0,379,3015.39,-0.688,-4.314,4988.13,0.6,ok,,,,
rr_arbiter16,logic,rr_arbiter16,area_max@adder=sklansky,0,382,3052.93,-0.893,-12.558,5191.48,1.0,ok,,,,
rr_arbiter16,logic,rr_arbiter16,delay_triple@booth,0,387,3044.17,-0.653,-7.099,5121.29,0.9,ok,,,,
rr_arbiter16,logic,rr_arbiter16,balanced_resyn2x@booth,0,406,2991.62,-0.831,-6.071,5128.38,0.9,ok,,,,
rr_arbiter16,logic,rr_arbiter16,area_classic@booth,0,389,3123.00,-0.513,-6.246,5016.10,0.6,ok,,,,
rr_arbiter16,logic,rr_arbiter16,delay_choice_deep_v4@booth,0,379,3015.39,-0.688,-4.314,4988.13,0.6,ok,,,,
rr_arbiter16,logic,rr_arbiter16,delay_aggressive@adder=sklansky,0,395,2870.25,-0.694,-7.449,5291.87,1.5,ok,,,,
rr_arbiter16,logic,rr_arbiter16,yosys_default@booth,0,387,2951.58,-0.466,-1.704,5002.39,0.5,ok,,,,
rr_arbiter16,logic,rr_arbiter16,orfs_area@booth,0,446,3133.00,-0.429,-2.427,4765.38,0.6,ok,,,,
rr_arbiter16,logic,rr_arbiter16,delay_iter_heavy@booth,0,389,2915.30,-0.867,-9.361,5252.57,1.0,ok,,,,
rr_arbiter16,logic,rr_arbiter16,area_lut6@booth,0,404,2989.12,-0.983,-12.796,5232.68,0.7,ok,,,,
rr_arbiter16,logic,rr_arbiter16,orfs_speed@booth,0,405,3051.68,-0.723,-6.382,5286.14,0.6,ok,,,,
rr_arbiter16,logic,rr_arbiter16,delay_map@booth+adder=kogge-stone,0,565,3933.77,0.033,0.000,4298.20,0.6,ok,,,,
rr_arbiter16,logic,rr_arbiter16,delay_map_resyn@booth+adder=kogge-stone,0,563,3809.90,-0.023,-0.023,4369.79,0.7,ok,,,,
rr_arbiter16,logic,rr_arbiter16,delay_choice_deep_v3@booth+adder=kogge-stone,0,396,3016.64,-0.484,-2.471,4907.49,0.6,ok,,,,
rr_arbiter16,logic,rr_arbiter16,delay_choice_deep@booth+adder=kogge-stone,0,406,2991.62,-1.131,-15.306,5565.31,0.6,ok,,,,
rr_arbiter16,logic,rr_arbiter16,area_max@booth,0,382,3052.93,-0.893,-12.558,5191.48,1.1,ok,,,,
rr_arbiter16,logic,rr_arbiter16,delay_choice_deep_bb@booth+adder=kogge-stone,0,372,3012.89,-0.569,-3.895,4961.02,0.6,ok,,,,
rr_arbiter16,logic,rr_arbiter16,balanced_resyn@booth+adder=kogge-stone,0,403,3050.43,-0.611,-3.239,4919.13,0.8,ok,,,,
rr_arbiter16,logic,rr_arbiter16,orfs_speed@booth+adder=kogge-stone,0,406,2991.62,-1.131,-15.306,5565.31,0.4,ok,,,,
rr_arbiter16,logic,rr_arbiter16,delay_syn2@booth+adder=kogge-stone,0,402,3099.22,-1.059,-11.362,5303.47,0.6,ok,,,,
rr_arbiter16,logic,rr_arbiter16,delay_aggressive@booth,0,395,2870.25,-0.694,-7.449,5291.87,1.3,ok,,,,
rr_arbiter16,logic,rr_arbiter16,orfs_area@booth+adder=kogge-stone,0,466,3308.17,-0.841,-6.829,5121.17,0.5,ok,,,,
rr_arbiter16,logic,rr_arbiter16,delay_choice_deep_v4@booth+adder=kogge-stone,0,372,3012.89,-0.569,-3.895,4961.02,0.6,ok,,,,
rr_arbiter16,logic,rr_arbiter16,delay_triple@booth+adder=kogge-stone,0,393,2985.36,-0.604,-3.779,5067.47,0.9,ok,,,,
rr_arbiter16,logic,rr_arbiter16,balanced_resyn2x@booth+adder=kogge-stone,0,406,2991.62,-0.831,-6.071,5128.38,0.7,ok,,,,
rr_arbiter16,logic,rr_arbiter16,area_classic@booth+adder=kogge-stone,0,389,3123.00,-0.513,-6.246,5016.10,0.7,ok,,,,
rr_arbiter16,logic,rr_arbiter16,delay_iter_heavy@booth+adder=kogge-stone,0,386,2919.05,-1.095,-9.740,5602.79,0.9,ok,,,,
rr_arbiter16,logic,rr_arbiter16,area_lut6@booth+adder=kogge-stone,0,400,3072.95,-0.778,-9.219,4899.04,0.7,ok,,,,
rr_arbiter16,logic,rr_arbiter16,yosys_default@booth+adder=kogge-stone,0,392,2907.79,-0.444,-2.531,4812.59,0.5,ok,,,,
rr_arbiter16,logic,rr_arbiter16,area_max@booth+adder=kogge-stone,0,382,3052.93,-0.893,-12.558,5191.48,0.8,ok,,,,
rr_arbiter16,logic,rr_arbiter16,delay_aggressive@booth+adder=kogge-stone,0,395,2870.25,-0.694,-7.449,5291.87,1.1,ok,,,,
uart,control,uart,delay_map,0,467,4145.23,0.467,0.000,2174.02,0.3,ok,,,,
uart,control,uart,delay_choice_deep_v3,0,394,3817.41,0.035,0.000,2539.59,0.3,ok,,,,
uart,control,uart,delay_map_resyn,0,445,3958.80,0.124,0.000,2529.58,0.3,ok,,,,
uart,control,uart,delay_syn2,0,392,3479.59,-0.296,-1.748,3262.30,0.3,ok,,,,
uart,control,uart,delay_choice_deep_bb,0,369,3458.32,-1.546,-8.875,4453.62,0.3,ok,,,,
uart,control,uart,delay_choice_deep,0,392,3783.63,-0.101,-0.866,2611.57,0.3,ok,,,,
uart,control,uart,balanced_resyn,0,393,3679.78,-0.134,-0.737,2716.65,0.3,ok,,,,
uart,control,uart,delay_choice_deep_v4,0,378,3447.06,-1.546,-6.250,4453.70,0.3,ok,,,,
uart,control,uart,orfs_area,0,418,3920.01,0.097,0.000,2508.37,0.3,ok,,,,
uart,control,uart,area_classic,0,370,3370.73,-1.169,-13.304,4004.52,0.3,ok,,,,
uart,control,uart,orfs_speed,0,392,3783.63,-0.101,-0.866,2611.57,0.3,ok,,,,
uart,control,uart,yosys_default,0,381,3490.85,-1.461,-5.591,4270.83,0.3,ok,,,,
uart,control,uart,area_lut6,0,375,3407.02,-1.629,-13.236,4457.46,0.4,ok,,,,
uart,control,uart,balanced_resyn2x,0,396,3619.72,-0.266,-1.005,2911.59,0.4,ok,,,,
uart,control,uart,area_max,0,363,3353.22,-1.545,-18.130,4451.44,0.4,ok,,,,
uart,control,uart,delay_triple,0,389,3768.61,0.049,0.000,2672.22,0.5,ok,,,,
uart,control,uart,delay_iter_heavy,0,391,3764.86,0.054,0.000,2672.09,0.6,ok,,,,
uart,control,uart,delay_map@adder=kogge-stone,0,485,4177.76,0.397,0.000,2137.65,0.3,ok,,,,
uart,control,uart,delay_map_resyn@adder=kogge-stone,0,441,4000.09,0.122,0.000,2453.71,0.3,ok,,,,
uart,control,uart,balanced_resyn@adder=kogge-stone,0,400,3638.49,-0.157,-1.362,2878.85,0.3,ok,,,,
uart,control,uart,delay_choice_deep_bb@adder=kogge-stone,0,387,3861.20,0.136,0.000,2551.56,0.4,ok,,,,
uart,control,uart,delay_aggressive,0,361,3354.47,-1.545,-9.791,4451.30,0.7,ok,,,,
uart,control,uart,delay_choice_deep_v3@adder=kogge-stone,0,418,4110.19,0.205,0.000,2327.05,0.4,ok,,,,
uart,control,uart,delay_choice_deep_v4@adder=kogge-stone,0,389,4088.92,0.077,0.000,2395.62,0.4,ok,,,,
uart,control,uart,delay_syn2@adder=kogge-stone,0,400,3718.57,0.020,0.000,2729.30,0.4,ok,,,,
uart,control,uart,delay_choice_deep@adder=kogge-stone,0,420,4115.20,0.268,0.000,2288.33,0.5,ok,,,,
uart,control,uart,area_classic@adder=kogge-stone,0,370,3393.25,-0.948,-5.091,3752.99,0.4,ok,,,,
uart,control,uart,balanced_resyn2x@adder=kogge-stone,0,402,3623.48,-0.276,-2.472,2887.59,0.5,ok,,,,
uart,control,uart,area_lut6@adder=kogge-stone,0,374,3403.26,-1.629,-11.952,4457.46,0.4,ok,,,,
uart,control,uart,orfs_area@adder=kogge-stone,0,422,3952.54,0.092,0.000,2508.37,0.5,ok,,,,
uart,control,uart,orfs_speed@adder=kogge-stone,0,420,4115.20,0.268,0.000,2288.33,0.4,ok,,,,
uart,control,uart,yosys_default@adder=kogge-stone,0,376,3464.57,-1.450,-8.295,4209.32,0.4,ok,,,,
uart,control,uart,delay_map_resyn@adder=han-carlson,0,442,4000.09,0.111,0.000,2432.62,0.4,ok,,,,
uart,control,uart,delay_map@adder=han-carlson,0,478,4267.84,0.466,0.000,2102.58,0.5,ok,,,,
uart,control,uart,delay_triple@adder=kogge-stone,0,409,3960.05,0.192,0.000,2311.88,0.8,ok,,,,
uart,control,uart,area_max@adder=kogge-stone,0,368,3356.97,-0.973,-10.078,3777.31,0.7,ok,,,,
uart,control,uart,delay_iter_heavy@adder=kogge-stone,0,409,3960.05,0.192,0.000,2311.88,0.8,ok,,,,
uart,control,uart,delay_choice_deep_v3@adder=han-carlson,0,398,3888.73,0.229,0.000,2390.58,0.5,ok,,,,
uart,control,uart,balanced_resyn@adder=han-carlson,0,402,3798.64,-0.069,-0.522,2632.13,0.5,ok,,,,
uart,control,uart,delay_aggressive@adder=kogge-stone,0,358,3350.71,-1.545,-12.563,4451.30,0.9,ok,,,,
uart,control,uart,delay_syn2@adder=han-carlson,0,388,3465.82,-0.300,-2.335,3264.38,0.5,ok,,,,
uart,control,uart,delay_choice_deep@adder=han-carlson,0,405,3923.76,0.164,0.000,2362.07,0.7,ok,,,,
uart,control,uart,balanced_resyn2x@adder=han-carlson,0,407,3778.62,0.073,0.000,2550.97,0.7,ok,,,,
uart,control,uart,delay_choice_deep_v4@adder=han-carlson,0,387,4022.61,0.187,0.000,2436.93,0.5,ok,,,,
uart,control,uart,delay_choice_deep_bb@adder=han-carlson,0,369,3458.32,-1.546,-8.875,4453.62,0.6,ok,,,,
uart,control,uart,delay_triple@adder=han-carlson,1,402,3679.78,0.082,0.000,2524.55,0.8,ok,,0.070,0.000,3679.78
uart,control,uart,delay_iter_heavy@adder=han-carlson,0,395,3824.92,0.009,0.000,2486.90,0.8,ok,,,,
uart,control,uart,area_classic@adder=han-carlson,0,368,3375.74,-1.165,-10.703,4003.88,0.6,ok,,,,
uart,control,uart,delay_map_resyn@adder=sklansky,0,449,4028.86,0.145,0.000,2405.43,0.5,ok,,,,
uart,control,uart,delay_map@adder=sklansky,0,484,4315.39,0.497,0.000,2092.04,0.6,ok,,,,
uart,control,uart,orfs_area@adder=han-carlson,0,421,3928.77,0.092,0.000,2508.38,0.6,ok,,,,
uart,control,uart,area_lut6@adder=han-carlson,0,375,3407.02,-1.629,-13.236,4457.46,0.7,ok,,,,
uart,control,uart,yosys_default@adder=han-carlson,0,381,3490.85,-1.461,-5.591,4270.83,0.6,ok,,,,
uart,control,uart,orfs_speed@adder=han-carlson,0,405,3923.76,0.164,0.000,2362.07,0.6,ok,,,,
uart,control,uart,delay_choice_deep_v3@adder=sklansky,0,408,3950.04,0.282,0.000,2241.97,0.6,ok,,,,
uart,control,uart,delay_aggressive@adder=han-carlson,0,358,3350.71,-1.545,-12.563,4451.30,1.0,ok,,,,
uart,control,uart,area_max@adder=han-carlson,0,368,3356.97,-0.973,-10.078,3777.31,0.9,ok,,,,
uart,control,uart,balanced_resyn@adder=sklansky,0,404,3846.19,-0.069,-0.555,2561.56,0.6,ok,,,,
uart,control,uart,delay_choice_deep_bb@adder=sklansky,0,374,3495.85,-1.075,-6.174,3926.66,0.6,ok,,,,
uart,control,uart,delay_syn2@adder=sklansky,0,383,3434.54,-0.660,-6.660,3564.39,0.6,ok,,,,
uart,control,uart,delay_triple@adder=sklansky,0,398,4010.10,0.307,0.000,2294.07,0.9,ok,,,,
uart,control,uart,delay_choice_deep@adder=sklansky,0,409,3940.03,0.312,0.000,2314.68,0.7,ok,,,,
uart,control,uart,balanced_resyn2x@adder=sklansky,0,404,3812.41,-0.212,-1.867,2644.07,0.7,ok,,,,
uart,control,uart,delay_choice_deep_v4@adder=sklansky,0,381,3692.29,0.102,0.000,2773.05,0.7,ok,,,,
uart,control,uart,orfs_speed@adder=sklansky,0,409,3856.20,0.228,0.000,2351.19,0.5,ok,,,,
uart,control,uart,orfs_area@adder=sklansky,0,420,3811.16,-0.103,-0.103,2598.47,0.6,ok,,,,
uart,control,uart,area_lut6@adder=sklansky,0,371,3390.75,-1.715,-13.571,4469.35,0.6,ok,,,,
uart,control,uart,delay_iter_heavy@adder=sklansky,0,399,3986.32,0.153,0.000,2294.07,1.0,ok,,,,
uart,control,uart,area_classic@adder=sklansky,0,373,3380.74,-1.133,-9.893,4026.38,0.7,ok,,,,
uart,control,uart,delay_map@booth,0,467,4145.23,0.467,0.000,2174.02,0.5,ok,,,,
uart,control,uart,yosys_default@adder=sklansky,0,376,3455.81,-1.472,-7.016,4230.33,0.7,ok,,,,
uart,control,uart,delay_aggressive@adder=sklansky,0,362,3335.70,-1.615,-9.945,4449.30,1.0,ok,,,,
uart,control,uart,delay_map_resyn@booth,0,445,3958.80,0.124,0.000,2529.58,0.7,ok,,,,
uart,control,uart,delay_choice_deep_v3@booth,0,394,3817.41,0.035,0.000,2539.59,0.6,ok,,,,
uart,control,uart,area_max@adder=sklansky,0,365,3341.96,-1.700,-17.955,4456.02,0.8,ok,,,,
uart,control,uart,balanced_resyn@booth,0,393,3679.78,-0.134,-0.737,2716.65,0.5,ok,,,,
uart,control,uart,delay_choice_deep@booth,0,392,3783.63,-0.101,-0.866,2611.57,0.5,ok,,,,
uart,control,uart,delay_choice_deep_bb@booth,0,369,3458.32,-1.546,-8.875,4453.62,0.5,ok,,,,
uart,control,uart,delay_syn2@booth,0,392,3479.59,-0.296,-1.748,3262.30,0.6,ok,,,,
uart,control,uart,delay_triple@booth,0,389,3768.61,0.049,0.000,2672.22,0.8,ok,,,,
uart,control,uart,balanced_resyn2x@booth,0,396,3619.72,-0.266,-1.005,2911.59,0.7,ok,,,,
uart,control,uart,orfs_area@booth,0,418,3920.01,0.097,0.000,2508.37,0.5,ok,,,,
uart,control,uart,area_classic@booth,0,370,3370.73,-1.169,-13.304,4004.52,0.5,ok,,,,
uart,control,uart,delay_iter_heavy@booth,0,391,3764.86,0.054,0.000,2672.09,0.8,ok,,,,
uart,control,uart,delay_choice_deep_v4@booth,0,378,3447.06,-1.546,-6.250,4453.70,0.6,ok,,,,
uart,control,uart,area_lut6@booth,0,375,3407.02,-1.629,-13.236,4457.46,0.6,ok,,,,
uart,control,uart,yosys_default@booth,0,381,3490.85,-1.461,-5.591,4270.83,0.5,ok,,,,
uart,control,uart,orfs_speed@booth,0,392,3783.63,-0.101,-0.866,2611.57,0.5,ok,,,,
uart,control,uart,area_max@booth,0,363,3353.22,-1.545,-18.130,4451.44,0.6,ok,,,,
uart,control,uart,delay_map@booth+adder=kogge-stone,0,485,4177.76,0.397,0.000,2137.65,0.5,ok,,,,
uart,control,uart,delay_map_resyn@booth+adder=kogge-stone,0,441,4000.09,0.122,0.000,2453.71,0.5,ok,,,,
uart,control,uart,delay_choice_deep_v3@booth+adder=kogge-stone,0,418,4110.19,0.205,0.000,2327.05,0.6,ok,,,,
uart,control,uart,balanced_resyn@booth+adder=kogge-stone,0,400,3638.49,-0.157,-1.362,2878.85,0.5,ok,,,,
uart,control,uart,delay_aggressive@booth,0,361,3354.47,-1.545,-9.791,4451.30,1.0,ok,,,,
uart,control,uart,delay_syn2@booth+adder=kogge-stone,0,400,3718.57,0.020,0.000,2729.30,0.4,ok,,,,
uart,control,uart,delay_triple@booth+adder=kogge-stone,0,409,3960.05,0.192,0.000,2311.88,0.7,ok,,,,
uart,control,uart,balanced_resyn2x@booth+adder=kogge-stone,0,402,3623.48,-0.276,-2.472,2887.59,0.5,ok,,,,
uart,control,uart,delay_choice_deep@booth+adder=kogge-stone,0,420,4115.20,0.268,0.000,2288.33,0.6,ok,,,,
uart,control,uart,delay_choice_deep_v4@booth+adder=kogge-stone,0,389,4088.92,0.077,0.000,2395.62,0.5,ok,,,,
uart,control,uart,delay_choice_deep_bb@booth+adder=kogge-stone,0,387,3861.20,0.136,0.000,2551.56,0.5,ok,,,,
uart,control,uart,delay_iter_heavy@booth+adder=kogge-stone,0,409,3960.05,0.192,0.000,2311.88,0.7,ok,,,,
uart,control,uart,area_classic@booth+adder=kogge-stone,0,370,3393.25,-0.948,-5.091,3752.99,0.5,ok,,,,
uart,control,uart,orfs_area@booth+adder=kogge-stone,0,422,3952.54,0.092,0.000,2508.37,0.4,ok,,,,
uart,control,uart,orfs_speed@booth+adder=kogge-stone,0,420,4115.20,0.268,0.000,2288.33,0.4,ok,,,,
uart,control,uart,area_lut6@booth+adder=kogge-stone,0,374,3403.26,-1.629,-11.952,4457.46,0.5,ok,,,,
uart,control,uart,yosys_default@booth+adder=kogge-stone,0,376,3464.57,-1.450,-8.295,4209.32,0.4,ok,,,,
uart,control,uart,delay_aggressive@booth+adder=kogge-stone,0,358,3350.71,-1.545,-12.563,4451.30,0.8,ok,,,,
uart,control,uart,area_max@booth+adder=kogge-stone,0,368,3356.97,-0.973,-10.078,3777.31,0.6,ok,,,,
spi_master,control,spi_master,delay_map,0,551,5321.35,0.339,0.000,2281.87,0.3,ok,,,,
spi_master,control,spi_master,delay_map_resyn,0,555,5313.85,0.336,0.000,2275.08,0.4,ok,,,,
spi_master,control,spi_master,delay_syn2,0,495,4681.99,0.143,0.000,2567.09,0.4,ok,,,,
spi_master,control,spi_master,delay_choice_deep,0,477,4715.77,-0.378,-6.795,2898.60,0.4,ok,,,,
spi_master,control,spi_master,orfs_area,0,508,5163.70,-0.110,-0.220,2447.55,0.4,ok,,,,
spi_master,control,spi_master,balanced_resyn,0,498,4839.64,-0.258,-6.514,2782.56,0.4,ok,,,,
spi_master,control,spi_master,delay_choice_deep_v3,0,496,4973.52,-0.506,-14.026,3015.15,0.4,ok,,,,
spi_master,control,spi_master,orfs_speed,0,477,4715.77,-0.378,-6.795,2898.60,0.4,ok,,,,
spi_master,control,spi_master,yosys_default,0,484,4774.58,0.017,0.000,2671.17,0.4,ok,,,,
spi_master,control,spi_master,area_lut6,0,476,4805.86,0.126,0.000,2475.74,0.4,ok,,,,
spi_master,control,spi_master,delay_choice_deep_bb,0,495,4956.00,-0.486,-13.699,3026.15,0.5,ok,,,,
spi_master,control,spi_master,delay_choice_deep_v4,0,495,4956.00,-0.486,-13.699,3026.15,0.5,ok,,,,
spi_master,control,spi_master,area_classic,0,488,4837.14,-0.291,-4.551,2842.04,0.5,ok,,,,
spi_master,control,spi_master,delay_triple,0,477,4670.73,-0.374,-7.016,2926.46,0.6,ok,,,,
spi_master,control,spi_master,balanced_resyn2x,0,491,4863.41,-0.068,-0.211,2626.00,0.6,ok,,,,
spi_master,control,spi_master,area_max,0,482,4792.10,0.001,0.000,2679.62,0.7,ok,,,,
spi_master,control,spi_master,delay_map@adder=kogge-stone,0,550,5302.59,0.442,0.000,2297.69,0.4,ok,,,,
spi_master,control,spi_master,delay_iter_heavy,0,479,4685.74,-0.375,-7.236,2953.10,0.8,ok,,,,
spi_master,control,spi_master,delay_map_resyn@adder=kogge-stone,0,556,5241.28,0.297,0.000,2311.17,0.5,ok,,,,
spi_master,control,spi_master,delay_syn2@adder=kogge-stone,0,502,4729.54,-0.022,-0.022,2577.91,0.5,ok,,,,
spi_master,control,spi_master,delay_choice_deep_v3@adder=kogge-stone,0,500,4986.03,-0.222,-3.071,2708.99,0.6,ok,,,,
spi_master,control,spi_master,delay_aggressive,0,479,4868.42,0.203,0.000,2422.74,1.0,ok,,,,
spi_master,control,spi_master,balanced_resyn@adder=kogge-stone,0,476,4825.88,-0.258,-6.514,2782.56,0.6,ok,,,,
spi_master,control,spi_master,delay_choice_deep@adder=kogge-stone,0,480,4898.45,-0.333,-5.829,2879.90,0.6,ok,,,,
spi_master,control,spi_master,delay_choice_deep_v4@adder=kogge-stone,0,505,4915.96,-0.761,-15.916,3065.75,0.6,ok,,,,
spi_master,control,spi_master,delay_choice_deep_bb@adder=kogge-stone,0,497,4949.75,-0.719,-17.114,3104.44,0.6,ok,,,,
spi_master,control,spi_master,area_classic@adder=kogge-stone,0,488,4837.14,-0.291,-4.551,2842.04,0.6,ok,,,,
spi_master,control,spi_master,orfs_area@adder=kogge-stone,0,521,5260.04,-0.087,-0.578,2519.52,0.5,ok,,,,
spi_master,control,spi_master,balanced_resyn2x@adder=kogge-stone,0,489,4900.95,-0.055,-0.110,2623.70,0.9,ok,,,,
spi_master,control,spi_master,area_lut6@adder=kogge-stone,0,479,4732.04,-0.066,-1.456,2805.87,0.7,ok,,,,
spi_master,control,spi_master,delay_triple@adder=kogge-stone,0,481,4702.01,-0.366,-7.929,2980.44,0.9,ok,,,,
spi_master,control,spi_master,orfs_speed@adder=kogge-stone,0,480,4838.39,-0.379,-6.485,2926.86,0.6,ok,,,,
spi_master,control,spi_master,delay_map@adder=han-carlson,0,559,5370.15,0.346,0.000,2296.69,0.6,ok,,,,
spi_master,control,spi_master,yosys_default@adder=kogge-stone,0,485,4561.88,0.070,0.000,2661.95,0.7,ok,,,,
spi_master,control,spi_master,delay_iter_heavy@adder=kogge-stone,0,482,4685.74,-0.373,-6.615,2943.10,1.2,ok,,,,
spi_master,control,spi_master,delay_map_resyn@adder=han-carlson,0,555,5313.85,0.336,0.000,2275.08,0.7,ok,,,,
spi_master,control,spi_master,delay_choice_deep_v3@adder=han-carlson,0,482,4904.70,-0.499,-13.729,3004.26,0.7,ok,,,,
spi_master,control,spi_master,balanced_resyn@adder=han-carlson,0,498,4839.64,-0.258,-6.514,2782.56,0.7,ok,,,,
spi_master,control,spi_master,delay_syn2@adder=han-carlson,0,495,4681.99,0.143,0.000,2567.09,0.7,ok,,,,
spi_master,control,spi_master,area_max@adder=kogge-stone,0,482,4792.10,0.001,0.000,2679.62,1.1,ok,,,,
spi_master,control,spi_master,delay_choice_deep_bb@adder=han-carlson,0,495,4956.00,-0.486,-13.699,3026.15,0.7,ok,,,,
spi_master,control,spi_master,delay_choice_deep@adder=han-carlson,0,484,4738.29,-0.349,-6.587,2932.99,0.8,ok,,,,
spi_master,control,spi_master,orfs_area@adder=han-carlson,0,508,5163.70,-0.110,-0.220,2447.55,0.7,ok,,,,
spi_master,control,spi_master,orfs_speed@adder=han-carlson,0,484,4713.27,-0.373,-6.730,2956.73,0.5,ok,,,,
spi_master,control,spi_master,delay_triple@adder=han-carlson,0,479,4685.74,-0.373,-6.752,2916.33,1.1,ok,,,,
spi_master,control,spi_master,delay_choice_deep_v4@adder=han-carlson,0,495,4956.00,-0.486,-13.699,3026.15,0.8,ok,,,,
spi_master,control,spi_master,delay_aggressive@adder=kogge-stone,0,479,4868.42,0.203,0.000,2422.74,1.7,ok,,,,
spi_master,control,spi_master,area_classic@adder=han-carlson,0,488,4837.14,-0.291,-4.551,2842.04,0.9,ok,,,,
spi_master,control,spi_master,area_lut6@adder=han-carlson,0,480,5024.82,0.070,0.000,2448.66,0.8,ok,,,,
spi_master,control,spi_master,delay_map@adder=sklansky,0,550,5283.82,0.339,0.000,2326.42,0.6,ok,,,,
spi_master,control,spi_master,yosys_default@adder=han-carlson,1,486,4554.37,0.018,0.000,2673.11,0.6,ok,,0.010,0.000,4554.37
spi_master,control,spi_master,balanced_resyn2x@adder=han-carlson,0,491,4863.41,-0.068,-0.211,2626.00,1.2,ok,,,,
spi_master,control,spi_master,delay_map_resyn@adder=sklansky,0,555,5313.85,0.336,0.000,2275.08,0.7,ok,,,,
spi_master,control,spi_master,balanced_resyn@adder=sklansky,0,498,4839.64,-0.258,-6.514,2782.56,0.6,ok,,,,
spi_master,control,spi_master,delay_iter_heavy@adder=han-carlson,0,481,4680.74,-0.373,-6.862,2898.57,1.5,ok,,,,
spi_master,control,spi_master,delay_choice_deep_v3@adder=sklansky,0,478,4864.67,-0.493,-13.361,3039.76,0.8,ok,,,,
spi_master,control,spi_master,area_max@adder=han-carlson,0,482,4792.10,0.001,0.000,2679.62,1.2,ok,,,,
spi_master,control,spi_master,delay_choice_deep@adder=sklansky,0,478,4715.77,-0.361,-6.823,2930.45,0.7,ok,,,,
spi_master,control,spi_master,delay_syn2@adder=sklansky,0,495,4681.99,0.143,0.000,2567.09,0.6,ok,,,,
spi_master,control,spi_master,delay_triple@adder=sklansky,0,479,4666.98,-0.374,-6.867,2911.69,1.0,ok,,,,
spi_master,control,spi_master,delay_aggressive@adder=han-carlson,0,479,4868.42,0.203,0.000,2422.74,1.6,ok,,,,
spi_master,control,spi_master,delay_choice_deep_v4@adder=sklansky,0,495,4956.00,-0.486,-13.699,3026.15,0.7,ok,,,,
spi_master,control,spi_master,yosys_default@adder=sklansky,0,483,4561.88,0.098,0.000,2719.70,0.5,ok,,,,
spi_master,control,spi_master,delay_choice_deep_bb@adder=sklansky,0,495,4956.00,-0.486,-13.699,3026.15,0.8,ok,,,,
spi_master,control,spi_master,balanced_resyn2x@adder=sklansky,0,491,4863.41,-0.068,-0.211,2626.00,0.9,ok,,,,
spi_master,control,spi_master,orfs_area@adder=sklansky,0,508,5163.70,-0.110,-0.220,2447.55,0.7,ok,,,,
spi_master,control,spi_master,area_lut6@adder=sklansky,0,478,4646.96,-0.478,-14.005,3045.14,0.7,ok,,,,
spi_master,control,spi_master,orfs_speed@adder=sklansky,0,478,4687.00,-0.386,-6.983,2954.19,0.5,ok,,,,
spi_master,control,spi_master,delay_iter_heavy@adder=sklansky,0,479,4685.74,-0.373,-6.781,2907.25,1.2,ok,,,,
spi_master,control,spi_master,area_classic@adder=sklansky,0,488,4837.14,-0.291,-4.551,2842.04,0.7,ok,,,,
spi_master,control,spi_master,delay_map@booth,0,551,5321.35,0.339,0.000,2281.87,0.5,ok,,,,
spi_master,control,spi_master,delay_map_resyn@booth,0,555,5313.85,0.336,0.000,2275.08,0.6,ok,,,,
spi_master,control,spi_master,area_max@adder=sklansky,0,482,4792.10,0.001,0.000,2679.62,1.1,ok,,,,
spi_master,control,spi_master,delay_choice_deep_v3@booth,0,496,4973.52,-0.506,-14.026,3015.15,0.8,ok,,,,
spi_master,control,spi_master,orfs_speed@booth,0,477,4715.77,-0.378,-6.795,2898.60,0.4,ok,,,,
spi_master,control,spi_master,balanced_resyn@booth,0,498,4839.64,-0.258,-6.514,2782.56,0.7,ok,,,,
spi_master,control,spi_master,delay_choice_deep@booth,0,477,4715.77,-0.378,-6.795,2898.60,0.7,ok,,,,
spi_master,control,spi_master,delay_syn2@booth,0,495,4681.99,0.143,0.000,2567.09,0.6,ok,,,,
spi_master,control,spi_master,yosys_default@booth,0,484,4774.58,0.017,0.000,2671.17,0.5,ok,,,,
spi_master,control,spi_master,area_lut6@booth,0,476,4805.86,0.126,0.000,2475.74,0.6,ok,,,,
spi_master,control,spi_master,orfs_area@booth,0,508,5163.70,-0.110,-0.220,2447.55,0.6,ok,,,,
spi_master,control,spi_master,area_classic@booth,0,488,4837.14,-0.291,-4.551,2842.04,0.6,ok,,,,
spi_master,control,spi_master,delay_choice_deep_v4@booth,0,495,4956.00,-0.486,-13.699,3026.15,0.7,ok,,,,
spi_master,control,spi_master,delay_aggressive@adder=sklansky,0,479,4868.42,0.203,0.000,2422.74,1.5,ok,,,,
spi_master,control,spi_master,delay_choice_deep_bb@booth,0,495,4956.00,-0.486,-13.699,3026.15,0.8,ok,,,,
spi_master,control,spi_master,delay_triple@booth,0,477,4670.73,-0.374,-7.016,2926.46,1.0,ok,,,,
spi_master,control,spi_master,balanced_resyn2x@booth,0,491,4863.41,-0.068,-0.211,2626.00,0.9,ok,,,,
spi_master,control,spi_master,delay_map@booth+adder=kogge-stone,0,550,5302.59,0.442,0.000,2297.69,0.5,ok,,,,
spi_master,control,spi_master,delay_choice_deep_v3@booth+adder=kogge-stone,0,500,4986.03,-0.222,-3.071,2708.99,0.6,ok,,,,
spi_master,control,spi_master,delay_map_resyn@booth+adder=kogge-stone,0,556,5241.28,0.297,0.000,2311.17,0.6,ok,,,,
spi_master,control,spi_master,delay_syn2@booth+adder=kogge-stone,0,502,4729.54,-0.022,-0.022,2577.91,0.5,ok,,,,
spi_master,control,spi_master,balanced_resyn@booth+adder=kogge-stone,0,476,4825.88,-0.258,-6.514,2782.56,0.6,ok,,,,
spi_master,control,spi_master,area_max@booth,0,482,4792.10,0.001,0.000,2679.62,1.2,ok,,,,
spi_master,control,spi_master,delay_iter_heavy@booth,0,479,4685.74,-0.375,-7.236,2953.10,1.4,ok,,,,
spi_master,control,spi_master,delay_choice_deep@booth+adder=kogge-stone,0,480,4898.45,-0.333,-5.829,2879.90,0.6,ok,,,,
spi_master,control,spi_master,delay_choice_deep_bb@booth+adder=kogge-stone,0,497,4949.75,-0.719,-17.114,3104.44,0.6,ok,,,,
spi_master,control,spi_master,delay_choice_deep_v4@booth+adder=kogge-stone,0,505,4915.96,-0.761,-15.916,3065.75,0.6,ok,,,,
spi_master,control,spi_master,delay_aggressive@booth,0,479,4868.42,0.203,0.000,2422.74,1.3,ok,,,,
spi_master,control,spi_master,delay_triple@booth+adder=kogge-stone,0,481,4702.01,-0.366,-7.929,2980.44,0.8,ok,,,,
spi_master,control,spi_master,area_classic@booth+adder=kogge-stone,0,488,4837.14,-0.291,-4.551,2842.04,0.6,ok,,,,
spi_master,control,spi_master,area_lut6@booth+adder=kogge-stone,0,479,4732.04,-0.066,-1.456,2805.87,0.5,ok,,,,
spi_master,control,spi_master,orfs_area@booth+adder=kogge-stone,0,521,5260.04,-0.087,-0.578,2519.52,0.6,ok,,,,
spi_master,control,spi_master,balanced_resyn2x@booth+adder=kogge-stone,0,489,4900.95,-0.055,-0.110,2623.70,0.8,ok,,,,
spi_master,control,spi_master,delay_iter_heavy@booth+adder=kogge-stone,0,482,4685.74,-0.373,-6.615,2943.10,0.9,ok,,,,
spi_master,control,spi_master,orfs_speed@booth+adder=kogge-stone,0,480,4838.39,-0.379,-6.485,2926.86,0.5,ok,,,,
spi_master,control,spi_master,yosys_default@booth+adder=kogge-stone,0,485,4561.88,0.070,0.000,2661.95,0.4,ok,,,,
spi_master,control,spi_master,area_max@booth+adder=kogge-stone,0,482,4792.10,0.001,0.000,2679.62,0.8,ok,,,,
spi_master,control,spi_master,delay_aggressive@booth+adder=kogge-stone,0,479,4868.42,0.203,0.000,2422.74,1.1,ok,,,,
apb_timer,peripheral,apb_timer,delay_choice_deep_v3,0,1334,11347.13,-0.065,-3.265,3857.16,0.5,ok,,,,
apb_timer,peripheral,apb_timer,delay_map,1,1506,11353.39,0.129,0.000,3353.74,0.6,ok,,0.110,0.000,11353.39
apb_timer,peripheral,apb_timer,delay_syn2,0,1333,11648.67,-0.973,-19.295,3820.10,0.6,ok,,,,
apb_timer,peripheral,apb_timer,orfs_area,0,1417,12050.31,-0.836,-23.923,3391.99,0.6,ok,,,,
apb_timer,peripheral,apb_timer,yosys_default,0,1312,11033.08,-4.377,-144.266,8118.30,0.6,ok,,,,
apb_timer,peripheral,apb_timer,delay_choice_deep,0,1343,11305.84,-0.079,-3.853,3749.27,0.6,ok,,,,
apb_timer,peripheral,apb_timer,orfs_speed,0,1343,11294.58,-0.079,-3.853,3787.87,0.6,ok,,,,
apb_timer,peripheral,apb_timer,delay_map_resyn,0,1499,11293.33,-0.275,-6.732,3883.68,0.7,ok,,,,
apb_timer,peripheral,apb_timer,delay_choice_deep_bb,0,1344,11352.14,-2.579,-96.265,6362.06,0.7,ok,,,,
apb_timer,peripheral,apb_timer,delay_choice_deep_v4,0,1351,11507.29,-0.990,-36.055,4850.55,0.8,ok,,,,
apb_timer,peripheral,apb_timer,balanced_resyn,0,1352,11247.04,-1.357,-34.867,5115.02,0.8,ok,,,,
apb_timer,peripheral,apb_timer,area_classic,0,1391,11287.08,-3.462,-117.683,7199.03,0.9,ok,,,,
apb_timer,peripheral,apb_timer,area_lut6,0,1298,10802.86,-5.032,-154.481,8698.45,1.0,ok,,,,
apb_timer,peripheral,apb_timer,balanced_resyn2x,0,1340,11207.00,-1.540,-40.671,5300.31,1.2,ok,,,,
apb_timer,peripheral,apb_timer,delay_triple,0,1334,11195.74,-0.080,-1.620,3989.01,1.3,ok,,,,
apb_timer,peripheral,apb_timer,area_max,0,1325,10951.75,-3.553,-133.528,7233.15,1.6,ok,,,,
apb_timer,peripheral,apb_timer,delay_choice_deep_v3@adder=kogge-stone,0,1339,11747.52,-0.019,-0.530,3365.76,1.0,ok,,,,
apb_timer,peripheral,apb_timer,delay_map@adder=kogge-stone,0,1593,11805.07,-0.119,-2.515,2998.14,1.2,ok,,,,
apb_timer,peripheral,apb_timer,delay_map_resyn@adder=kogge-stone,0,1622,11975.24,-0.583,-9.239,3099.94,1.1,ok,,,,
apb_timer,peripheral,apb_timer,delay_syn2@adder=kogge-stone,0,1326,11848.86,-0.979,-54.850,4583.28,1.1,ok,,,,
apb_timer,peripheral,apb_timer,delay_choice_deep@adder=kogge-stone,0,1324,11968.98,-0.029,-0.551,3189.75,1.2,ok,,,,
apb_timer,peripheral,apb_timer,balanced_resyn@adder=kogge-stone,0,1378,11506.04,-0.042,-1.082,3631.13,1.3,ok,,,,
apb_timer,peripheral,apb_timer,delay_iter_heavy,0,1327,11144.44,-0.289,-8.806,4229.01,2.1,ok,,,,
apb_timer,peripheral,apb_timer,delay_choice_deep_v4@adder=kogge-stone,0,1300,11377.16,-0.367,-24.395,4103.37,1.2,ok,,,,
apb_timer,peripheral,apb_timer,delay_choice_deep_bb@adder=kogge-stone,0,1291,11395.93,-0.078,-0.424,3842.96,1.4,ok,,,,
apb_timer,peripheral,apb_timer,orfs_area@adder=kogge-stone,0,1489,12368.11,-0.716,-12.089,3403.78,0.9,ok,,,,
apb_timer,peripheral,apb_timer,area_classic@adder=kogge-stone,0,1298,11304.59,-4.902,-186.224,8556.56,1.5,ok,,,,
apb_timer,peripheral,apb_timer,yosys_default@adder=kogge-stone,0,1285,10904.21,-5.289,-192.469,9123.81,0.9,ok,,,,
apb_timer,peripheral,apb_timer,delay_aggressive,0,1323,10994.29,-2.662,-96.693,6390.28,2.6,ok,,,,
apb_timer,peripheral,apb_timer,orfs_speed@adder=kogge-stone,0,1324,11866.38,0.046,0.000,3204.58,1.0,ok,,,,
apb_timer,peripheral,apb_timer,delay_triple@adder=kogge-stone,0,1341,11399.68,-0.080,-1.715,3574.18,2.1,ok,,,,
apb_timer,peripheral,apb_timer,delay_choice_deep_v3@adder=han-carlson,0,1291,11402.19,-0.181,-3.352,3885.00,1.0,ok,,,,
apb_timer,peripheral,apb_timer,delay_map@adder=han-carlson,0,1496,11706.23,0.106,0.000,3100.69,1.1,ok,,,,
apb_timer,peripheral,apb_timer,balanced_resyn2x@adder=kogge-stone,0,1314,11285.82,-0.433,-5.014,4186.93,2.2,ok,,,,
apb_timer,peripheral,apb_timer,delay_iter_heavy@adder=kogge-stone,0,1331,11255.80,-0.080,-1.781,3717.00,2.3,ok,,,,
apb_timer,peripheral,apb_timer,area_lut6@adder=kogge-stone,0,1277,10830.39,-5.596,-241.000,9237.74,1.6,ok,,,,
apb_timer,peripheral,apb_timer,delay_map_resyn@adder=han-carlson,0,1520,11544.82,-0.581,-8.531,3251.67,1.2,ok,,,,
apb_timer,peripheral,apb_timer,balanced_resyn@adder=han-carlson,0,1283,11164.46,-0.263,-1.877,4066.46,1.0,ok,,,,
apb_timer,peripheral,apb_timer,delay_choice_deep@adder=han-carlson,0,1289,11407.19,-0.114,-1.548,3722.08,1.0,ok,,,,
apb_timer,peripheral,apb_timer,delay_syn2@adder=han-carlson,0,1319,11591.12,-0.973,-17.564,3568.91,0.9,ok,,,,
apb_timer,peripheral,apb_timer,area_max@adder=kogge-stone,0,1288,10970.52,-4.983,-193.218,8701.05,2.0,ok,,,,
apb_timer,peripheral,apb_timer,delay_choice_deep_v4@adder=han-carlson,0,1316,11471.00,0.008,0.000,3528.09,1.0,ok,,,,
apb_timer,peripheral,apb_timer,orfs_area@adder=han-carlson,0,1474,12242.99,-0.739,-15.979,3403.52,0.8,ok,,,,
apb_timer,peripheral,apb_timer,delay_choice_deep_bb@adder=han-carlson,0,1336,11437.22,-0.249,-8.637,3802.73,1.1,ok,,,,
apb_timer,peripheral,apb_timer,orfs_speed@adder=han-carlson,0,1289,11407.19,-0.114,-1.548,3722.08,0.9,ok,,,,
apb_timer,peripheral,apb_timer,delay_triple@adder=han-carlson,0,1341,11168.21,-0.080,-1.360,3558.62,1.9,ok,,,,
apb_timer,peripheral,apb_timer,yosys_default@adder=han-carlson,0,1323,11043.09,-4.467,-138.637,8010.02,1.0,ok,,,,
apb_timer,peripheral,apb_timer,balanced_resyn2x@adder=han-carlson,0,1279,11068.12,-0.080,-2.248,3825.19,1.7,ok,,,,
apb_timer,peripheral,apb_timer,delay_aggressive@adder=kogge-stone,0,1288,10882.94,-4.402,-165.345,8341.20,3.2,ok,,,,
apb_timer,peripheral,apb_timer,area_classic@adder=han-carlson,0,1322,10946.75,-2.252,-68.791,5923.46,1.3,ok,,,,
apb_timer,peripheral,apb_timer,delay_map@adder=sklansky,0,1498,11454.74,-0.208,-4.045,3203.43,1.0,ok,,,,
apb_timer,peripheral,apb_timer,delay_iter_heavy@adder=han-carlson,0,1323,11043.09,-0.080,-2.742,3733.81,2.0,ok,,,,
apb_timer,peripheral,apb_timer,area_lut6@adder=han-carlson,0,1307,10840.40,-5.036,-189.504,8902.39,1.2,ok,,,,
apb_timer,peripheral,apb_timer,delay_choice_deep_v3@adder=sklansky,0,1326,11553.58,-0.065,-1.772,3744.07,1.0,ok,,,,
apb_timer,peripheral,apb_timer,delay_map_resyn@adder=sklansky,0,1535,11405.94,-0.585,-11.435,3228.74,1.1,ok,,,,
apb_timer,peripheral,apb_timer,delay_choice_deep@adder=sklansky,0,1339,11389.67,-0.075,-1.553,3794.60,1.0,ok,,,,
apb_timer,peripheral,apb_timer,balanced_resyn@adder=sklansky,0,1308,11363.40,-0.005,-0.137,3283.43,1.0,ok,,,,
apb_timer,peripheral,apb_timer,delay_syn2@adder=sklansky,0,1347,11543.57,-1.362,-61.193,5120.14,0.8,ok,,,,
apb_timer,peripheral,apb_timer,area_max@adder=han-carlson,0,1334,11011.81,-2.990,-108.796,6880.64,2.0,ok,,,,
apb_timer,peripheral,apb_timer,delay_choice_deep_bb@adder=sklansky,0,1328,11274.56,-2.696,-101.043,6562.03,1.0,ok,,,,
apb_timer,peripheral,apb_timer,delay_triple@adder=sklansky,0,1312,11181.97,-0.079,-1.778,3906.87,1.5,ok,,,,
apb_timer,peripheral,apb_timer,orfs_area@adder=sklansky,0,1431,12041.55,-0.961,-24.983,3550.04,0.9,ok,,,,
apb_timer,peripheral,apb_timer,delay_choice_deep_v4@adder=sklansky,0,1307,11234.52,-1.032,-28.608,4689.00,1.0,ok,,,,
apb_timer,peripheral,apb_timer,orfs_speed@adder=sklansky,0,1339,11342.13,-0.075,-1.561,3827.78,0.9,ok,,,,
apb_timer,peripheral,apb_timer,delay_map@booth,0,1506,11353.39,0.129,0.000,3353.74,0.9,ok,,,,
apb_timer,peripheral,apb_timer,yosys_default@adder=sklansky,0,1305,11013.06,-4.661,-168.264,8257.82,0.9,ok,,,,
apb_timer,peripheral,apb_timer,area_lut6@adder=sklansky,0,1328,10960.51,-4.523,-192.860,8277.18,1.1,ok,,,,
apb_timer,peripheral,apb_timer,balanced_resyn2x@adder=sklansky,0,1298,11208.25,-0.079,-2.159,3594.43,1.6,ok,,,,
apb_timer,peripheral,apb_timer,area_classic@adder=sklansky,0,1330,11393.43,-4.602,-187.119,8126.46,1.2,ok,,,,
apb_timer,peripheral,apb_timer,delay_aggressive@adder=han-carlson,0,1317,10887.94,-2.622,-98.596,6606.35,2.6,ok,,,,
apb_timer,peripheral,apb_timer,delay_choice_deep_v3@booth,0,1334,11347.13,-0.065,-3.265,3857.16,0.9,ok,,,,
apb_timer,peripheral,apb_timer,delay_iter_heavy@adder=sklansky,0,1326,11153.20,-0.080,-3.158,3922.02,2.0,ok,,,,
apb_timer,peripheral,apb_timer,delay_syn2@booth,0,1333,11648.67,-0.973,-19.295,3820.10,0.8,ok,,,,
apb_timer,peripheral,apb_timer,delay_map_resyn@booth,0,1499,11293.33,-0.275,-6.732,3883.68,1.2,ok,,,,
apb_timer,peripheral,apb_timer,delay_choice_deep_bb@booth,0,1344,11352.14,-2.579,-96.265,6362.06,0.9,ok,,,,
apb_timer,peripheral,apb_timer,orfs_area@booth,0,1417,12050.31,-0.836,-23.923,3391.99,0.7,ok,,,,
apb_timer,peripheral,apb_timer,delay_choice_deep@booth,0,1343,11305.84,-0.079,-3.853,3749.27,1.1,ok,,,,
apb_timer,peripheral,apb_timer,delay_choice_deep_v4@booth,0,1351,11507.29,-0.990,-36.055,4850.55,1.0,ok,,,,
apb_timer,peripheral,apb_timer,balanced_resyn@booth,0,1352,11247.04,-1.357,-34.867,5115.02,1.2,ok,,,,
apb_timer,peripheral,apb_timer,area_max@adder=sklansky,0,1310,11035.58,-5.114,-193.167,8814.22,2.0,ok,,,,
apb_timer,peripheral,apb_timer,delay_triple@booth,0,1334,11195.74,-0.080,-1.620,3989.01,1.5,ok,,,,
apb_timer,peripheral,apb_timer,area_classic@booth,0,1391,11287.08,-3.462,-117.683,7199.03,1.2,ok,,,,
apb_timer,peripheral,apb_timer,orfs_speed@booth,0,1343,11294.58,-0.079,-3.853,3787.87,0.8,ok,,,,
apb_timer,peripheral,apb_timer,yosys_default@booth,0,1312,11033.08,-4.377,-144.266,8118.30,0.8,ok,,,,
apb_timer,peripheral,apb_timer,balanced_resyn2x@booth,0,1340,11207.00,-1.540,-40.671,5300.31,1.5,ok,,,,
apb_timer,peripheral,apb_timer,delay_map_resyn@booth+adder=kogge-stone,0,1622,11975.24,-0.583,-9.239,3099.94,0.9,ok,,,,
apb_timer,peripheral,apb_timer,area_lut6@booth,0,1298,10802.86,-5.032,-154.481,8698.45,1.4,ok,,,,
apb_timer,peripheral,apb_timer,delay_aggressive@adder=sklansky,0,1286,11080.63,-5.111,-183.015,8741.29,2.8,ok,,,,
apb_timer,peripheral,apb_timer,delay_map@booth+adder=kogge-stone,0,1593,11805.07,-0.119,-2.515,2998.14,1.1,ok,,,,
apb_timer,peripheral,apb_timer,area_max@booth,0,1325,10951.75,-3.553,-133.528,7233.15,1.7,ok,,,,
apb_timer,peripheral,apb_timer,balanced_resyn@booth+adder=kogge-stone,0,1378,11506.04,-0.042,-1.082,3631.13,0.9,ok,,,,
apb_timer,peripheral,apb_timer,delay_choice_deep_v3@booth+adder=kogge-stone,0,1339,11747.52,-0.019,-0.530,3365.76,1.0,ok,,,,
apb_timer,peripheral,apb_timer,delay_iter_heavy@booth,0,1327,11144.44,-0.289,-8.806,4229.01,2.1,ok,,,,
apb_timer,peripheral,apb_timer,delay_choice_deep@booth+adder=kogge-stone,0,1324,11968.98,-0.029,-0.551,3189.75,1.0,ok,,,,
apb_timer,peripheral,apb_timer,delay_syn2@booth+adder=kogge-stone,0,1326,11848.86,-0.979,-54.850,4583.28,1.0,ok,,,,
apb_timer,peripheral,apb_timer,delay_choice_deep_v4@booth+adder=kogge-stone,0,1300,11377.16,-0.367,-24.395,4103.37,0.9,ok,,,,
apb_timer,peripheral,apb_timer,orfs_area@booth+adder=kogge-stone,0,1489,12368.11,-0.716,-12.089,3403.78,0.8,ok,,,,
apb_timer,peripheral,apb_timer,delay_choice_deep_bb@booth+adder=kogge-stone,0,1291,11395.93,-0.078,-0.424,3842.96,1.1,ok,,,,
apb_timer,peripheral,apb_timer,area_classic@booth+adder=kogge-stone,0,1298,11304.59,-4.902,-186.224,8556.56,1.0,ok,,,,
apb_timer,peripheral,apb_timer,delay_aggressive@booth,0,1323,10994.29,-2.662,-96.693,6390.28,2.4,ok,,,,
apb_timer,peripheral,apb_timer,orfs_speed@booth+adder=kogge-stone,0,1324,11866.38,0.046,0.000,3204.58,0.8,ok,,,,
apb_timer,peripheral,apb_timer,delay_triple@booth+adder=kogge-stone,0,1341,11399.68,-0.080,-1.715,3574.18,1.6,ok,,,,
apb_timer,peripheral,apb_timer,area_lut6@booth+adder=kogge-stone,0,1277,10830.39,-5.596,-241.000,9237.74,1.0,ok,,,,
apb_timer,peripheral,apb_timer,yosys_default@booth+adder=kogge-stone,0,1285,10904.21,-5.289,-192.469,9123.81,0.7,ok,,,,
apb_timer,peripheral,apb_timer,balanced_resyn2x@booth+adder=kogge-stone,0,1314,11285.82,-0.433,-5.014,4186.93,1.7,ok,,,,
apb_timer,peripheral,apb_timer,delay_iter_heavy@booth+adder=kogge-stone,0,1331,11255.80,-0.080,-1.781,3717.00,2.0,ok,,,,
apb_timer,peripheral,apb_timer,area_max@booth+adder=kogge-stone,0,1288,10970.52,-4.983,-193.218,8701.05,1.5,ok,,,,
apb_timer,peripheral,apb_timer,delay_aggressive@booth+adder=kogge-stone,0,1288,10882.94,-4.402,-165.345,8341.20,2.0,ok,,,,
fifo_sync,memory,fifo_sync,delay_map,0,2901,28601.18,-0.203,-23.604,2713.16,0.9,ok,,,,
fifo_sync,memory,fifo_sync,orfs_area,0,2566,28484.82,-0.596,-226.987,2831.78,1.0,ok,,,,
fifo_sync,memory,fifo_sync,delay_map_resyn,1,2965,26679.34,-0.081,-7.701,2766.31,1.0,ok,,0.030,0.000,27263.65
fifo_sync,memory,fifo_sync,delay_syn2,0,2455,28548.63,-0.819,-324.578,2943.18,1.1,ok,,,,
fifo_sync,memory,fifo_sync,delay_choice_deep_v4,0,2411,26241.42,-0.950,-307.951,3201.21,1.1,ok,,,,
fifo_sync,memory,fifo_sync,delay_choice_deep_bb,0,2406,26248.92,-0.867,-307.690,3243.73,1.2,ok,,,,
fifo_sync,memory,fifo_sync,yosys_default,0,2421,26656.82,-1.111,-399.662,3295.10,1.3,ok,,,,
fifo_sync,memory,fifo_sync,delay_choice_deep_v3,0,2405,27333.72,-1.068,-445.584,3243.98,1.4,ok,,,,
fifo_sync,memory,fifo_sync,orfs_speed,0,2407,26410.33,-1.302,-423.466,3488.63,1.3,ok,,,,
fifo_sync,memory,fifo_sync,balanced_resyn,0,2404,26835.74,-0.766,-278.747,2920.78,1.5,ok,,,,
fifo_sync,memory,fifo_sync,area_classic,0,2363,26952.10,-0.786,-319.885,2983.40,1.5,ok,,,,
fifo_sync,memory,fifo_sync,delay_choice_deep,0,2407,26426.60,-1.302,-416.343,3478.64,1.6,ok,,,,
fifo_sync,memory,fifo_sync,balanced_resyn2x,0,2404,26730.64,-0.814,-326.042,2974.60,2.1,ok,,,,
fifo_sync,memory,fifo_sync,delay_map@adder=kogge-stone,0,2909,27417.55,-0.345,-33.614,2829.61,1.5,ok,,,,
fifo_sync,memory,fifo_sync,delay_map_resyn@adder=kogge-stone,0,2968,27433.81,-0.258,-32.731,2772.55,1.4,ok,,,,
fifo_sync,memory,fifo_sync,delay_choice_deep_v3@adder=kogge-stone,0,2408,27163.55,-0.892,-371.973,3134.09,1.8,ok,,,,
fifo_sync,memory,fifo_sync,balanced_resyn@adder=kogge-stone,0,2401,26615.53,-0.762,-321.156,2973.23,1.6,ok,,,,
fifo_sync,memory,fifo_sync,delay_choice_deep_bb@adder=kogge-stone,0,2409,27321.20,-0.758,-289.292,3026.52,1.4,ok,,,,
fifo_sync,memory,fifo_sync,area_max,0,2376,26760.67,-0.847,-331.280,2979.97,2.9,ok,,,,
fifo_sync,memory,fifo_sync,area_lut6,0,2382,27948.05,-0.602,-229.472,2821.82,2.9,ok,,,,
fifo_sync,memory,fifo_sync,delay_choice_deep_v4@adder=kogge-stone,0,2414,27899.26,-0.839,-333.738,3031.22,1.5,ok,,,,
fifo_sync,memory,fifo_sync,delay_triple,0,2405,26628.04,-1.106,-319.695,3262.09,3.3,ok,,,,
fifo_sync,memory,fifo_sync,delay_choice_deep@adder=kogge-stone,0,2407,27072.21,-0.871,-410.845,3202.18,2.0,ok,,,,
fifo_sync,memory,fifo_sync,area_classic@adder=kogge-stone,0,2361,26870.77,-0.788,-310.845,2942.43,1.5,ok,,,,
fifo_sync,memory,fifo_sync,orfs_area@adder=kogge-stone,0,2567,28728.80,-0.619,-227.552,2814.38,1.5,ok,,,,
fifo_sync,memory,fifo_sync,balanced_resyn2x@adder=kogge-stone,0,2404,26731.89,-0.814,-325.528,2974.60,2.5,ok,,,,
fifo_sync,memory,fifo_sync,delay_syn2@adder=kogge-stone,0,2461,27719.08,-1.223,-491.070,3367.86,2.5,ok,,,,
fifo_sync,memory,fifo_sync,yosys_default@adder=kogge-stone,0,2418,26283.96,-0.932,-344.749,3351.21,1.1,ok,,,,
fifo_sync,memory,fifo_sync,delay_iter_heavy,0,2404,26849.50,-1.100,-405.819,3286.12,4.0,ok,,,,
fifo_sync,memory,fifo_sync,delay_map@adder=han-carlson,0,2923,28140.74,-0.266,-23.897,2751.09,1.3,ok,,,,
fifo_sync,memory,fifo_sync,orfs_speed@adder=kogge-stone,0,2407,27019.66,-0.853,-364.074,3210.27,1.4,ok,,,,
fifo_sync,memory,fifo_sync,delay_map_resyn@adder=han-carlson,0,2968,27438.82,-0.258,-30.809,2772.55,1.5,ok,,,,
fifo_sync,memory,fifo_sync,area_lut6@adder=kogge-stone,0,2383,26964.61,-0.863,-324.584,3005.13,2.1,ok,,,,
fifo_sync,memory,fifo_sync,delay_triple@adder=kogge-stone,0,2406,26980.88,-0.846,-284.067,3031.05,3.5,ok,,,,
fifo_sync,memory,fifo_sync,delay_choice_deep_v3@adder=han-carlson,0,2405,26758.16,-1.058,-385.968,3179.56,1.7,ok,,,,
fifo_sync,memory,fifo_sync,delay_iter_heavy@adder=kogge-stone,0,2404,26562.98,-1.042,-310.938,3158.09,3.7,ok,,,,
fifo_sync,memory,fifo_sync,delay_aggressive,0,2385,26887.04,-0.759,-308.180,2940.50,4.9,ok,,,,
fifo_sync,memory,fifo_sync,balanced_resyn@adder=han-carlson,0,2401,26618.03,-0.762,-321.037,2944.56,1.3,ok,,,,
fifo_sync,memory,fifo_sync,delay_choice_deep_bb@adder=han-carlson,0,2406,26175.10,-0.854,-294.007,3219.80,1.3,ok,,,,
fifo_sync,memory,fifo_sync,delay_choice_deep@adder=han-carlson,0,2407,27073.47,-1.032,-421.465,3207.18,1.4,ok,,,,
fifo_sync,memory,fifo_sync,delay_choice_deep_v4@adder=han-carlson,0,2411,26316.49,-1.053,-340.953,3243.69,1.3,ok,,,,
fifo_sync,memory,fifo_sync,area_max@adder=kogge-stone,0,2380,26766.92,-0.731,-293.343,2961.93,3.0,ok,,,,
fifo_sync,memory,fifo_sync,area_classic@adder=han-carlson,0,2361,26824.48,-0.770,-325.699,2967.94,1.6,ok,,,,
fifo_sync,memory,fifo_sync,balanced_resyn2x@adder=han-carlson,0,2404,26699.36,-0.808,-331.048,2963.62,2.1,ok,,,,
fifo_sync,memory,fifo_sync,delay_map@adder=sklansky,0,2920,26917.07,-0.621,-90.337,2984.67,1.1,ok,,,,
fifo_sync,memory,fifo_sync,delay_triple@adder=han-carlson,0,2401,26728.13,-0.928,-266.642,3065.52,2.7,ok,,,,
fifo_sync,memory,fifo_sync,orfs_area@adder=han-carlson,0,2566,28606.19,-0.596,-234.518,2831.60,1.6,ok,,,,
fifo_sync,memory,fifo_sync,delay_aggressive@adder=kogge-stone,0,2390,26887.04,-0.826,-296.631,2907.58,4.5,ok,,,,
fifo_sync,memory,fifo_sync,delay_syn2@adder=han-carlson,0,2455,29663.45,-0.703,-267.870,2914.10,2.1,ok,,,,
fifo_sync,memory,fifo_sync,orfs_speed@adder=han-carlson,0,2407,27042.19,-1.012,-421.618,3228.83,1.4,ok,,,,
fifo_sync,memory,fifo_sync,yosys_default@adder=han-carlson,0,2415,27112.25,-0.874,-335.665,3079.94,1.4,ok,,,,
fifo_sync,memory,fifo_sync,delay_map_resyn@adder=sklansky,0,2968,27433.81,-0.258,-32.731,2772.55,1.3,ok,,,,
fifo_sync,memory,fifo_sync,area_lut6@adder=han-carlson,0,2375,27080.97,-0.883,-339.465,2986.82,2.2,ok,,,,
fifo_sync,memory,fifo_sync,delay_choice_deep_v3@adder=sklansky,0,2407,27244.88,-0.900,-363.362,3103.60,1.5,ok,,,,
fifo_sync,memory,fifo_sync,delay_iter_heavy@adder=han-carlson,0,2405,27846.71,-1.005,-348.230,3131.43,3.6,ok,,,,
fifo_sync,memory,fifo_sync,balanced_resyn@adder=sklansky,0,2401,26615.53,-0.762,-321.156,2973.23,1.4,ok,,,,
fifo_sync,memory,fifo_sync,delay_choice_deep_v4@adder=sklansky,0,2411,26257.68,-0.950,-311.735,3201.21,1.2,ok,,,,
fifo_sync,memory,fifo_sync,delay_choice_deep_bb@adder=sklansky,0,2406,26108.79,-0.820,-262.916,3203.54,1.5,ok,,,,
fifo_sync,memory,fifo_sync,delay_syn2@adder=sklansky,0,2452,28787.61,-0.867,-305.892,2942.36,1.5,ok,,,,
fifo_sync,memory,fifo_sync,area_max@adder=han-carlson,0,2380,26311.48,-0.892,-343.172,3220.48,3.0,ok,,,,
fifo_sync,memory,fifo_sync,orfs_area@adder=sklansky,0,2566,28583.66,-0.669,-233.877,2858.59,1.3,ok,,,,
fifo_sync,memory,fifo_sync,delay_choice_deep@adder=sklansky,0,2407,26919.57,-1.012,-380.684,3178.16,1.7,ok,,,,
fifo_sync,memory,fifo_sync,area_classic@adder=sklansky,0,2361,26870.77,-0.788,-310.845,2942.43,1.7,ok,,,,
fifo_sync,memory,fifo_sync,orfs_speed@adder=sklansky,0,2407,26844.50,-1.035,-381.547,3229.27,1.1,ok,,,,
fifo_sync,memory,fifo_sync,delay_triple@adder=sklansky,0,2401,26739.40,-0.853,-261.234,3065.52,2.7,ok,,,,
fifo_sync,memory,fifo_sync,delay_map@booth,0,2901,28601.18,-0.203,-23.604,2713.16,1.1,ok,,,,
fifo_sync,memory,fifo_sync,yosys_default@adder=sklansky,0,2426,27121.01,-0.825,-313.279,3049.02,1.4,ok,,,,
fifo_sync,memory,fifo_sync,delay_map_resyn@booth,0,2965,26679.34,-0.081,-7.701,2766.31,1.1,ok,,,,
fifo_sync,memory,fifo_sync,balanced_resyn2x@adder=sklansky,0,2404,26731.89,-0.814,-325.528,2974.60,2.4,ok,,,,
fifo_sync,memory,fifo_sync,area_lut6@adder=sklansky,0,2370,27062.20,-0.883,-341.644,2986.82,2.4,ok,,,,
fifo_sync,memory,fifo_sync,delay_choice_deep_v3@booth,0,2405,27333.72,-1.068,-445.584,3243.98,1.6,ok,,,,
fifo_sync,memory,fifo_sync,delay_aggressive@adder=han-carlson,0,2385,26913.31,-0.778,-307.614,2942.27,4.9,ok,,,,
fifo_sync,memory,fifo_sync,delay_syn2@booth,0,2455,28548.63,-0.819,-324.578,2943.18,1.1,ok,,,,
fifo_sync,memory,fifo_sync,balanced_resyn@booth,0,2404,26835.74,-0.766,-278.747,2920.78,1.6,ok,,,,
fifo_sync,memory,fifo_sync,delay_choice_deep_bb@booth,0,2406,26248.92,-0.867,-307.690,3243.73,1.5,ok,,,,
fifo_sync,memory,fifo_sync,delay_iter_heavy@adder=sklansky,0,2405,28577.41,-1.005,-355.062,3108.76,3.9,ok,,,,
fifo_sync,memory,fifo_sync,orfs_area@booth,0,2566,28484.82,-0.596,-226.987,2831.78,1.2,ok,,,,
fifo_sync,memory,fifo_sync,area_max@adder=sklansky,0,2380,26766.92,-0.731,-293.343,2961.93,3.2,ok,,,,
fifo_sync,memory,fifo_sync,delay_choice_deep_v4@booth,0,2411,26241.42,-0.950,-307.951,3201.21,1.4,ok,,,,
fifo_sync,memory,fifo_sync,delay_choice_deep@booth,0,2407,26426.60,-1.302,-416.343,3478.64,1.9,ok,,,,
fifo_sync,memory,fifo_sync,delay_map@booth+adder=kogge-stone,0,2909,27417.55,-0.345,-33.614,2829.61,1.0,ok,,,,
fifo_sync,memory,fifo_sync,balanced_resyn2x@booth,0,2404,26730.64,-0.814,-326.042,2974.60,2.4,ok,,,,
fifo_sync,memory,fifo_sync,area_classic@booth,0,2363,26952.10,-0.786,-319.885,2983.40,1.9,ok,,,,
fifo_sync,memory,fifo_sync,orfs_speed@booth,0,2407,26410.33,-1.302,-423.466,3488.63,1.5,ok,,,,
fifo_sync,memory,fifo_sync,yosys_default@booth,0,2421,26656.82,-1.111,-399.662,3295.10,1.5,ok,,,,
fifo_sync,memory,fifo_sync,delay_aggressive@adder=sklansky,0,2390,26887.04,-0.826,-296.631,2907.58,4.7,ok,,,,
fifo_sync,memory,fifo_sync,delay_map_resyn@booth+adder=kogge-stone,0,2968,27433.81,-0.258,-32.731,2772.55,1.5,ok,,,,
fifo_sync,memory,fifo_sync,balanced_resyn@booth+adder=kogge-stone,0,2401,26615.53,-0.762,-321.156,2973.23,1.3,ok,,,,
fifo_sync,memory,fifo_sync,delay_triple@booth,0,2405,26628.04,-1.106,-319.695,3262.09,3.5,ok,,,,
fifo_sync,memory,fifo_sync,delay_choice_deep@booth+adder=kogge-stone,0,2407,27072.21,-0.871,-410.845,3202.18,1.5,ok,,,,
fifo_sync,memory,fifo_sync,delay_choice_deep_v3@booth+adder=kogge-stone,0,2408,27163.55,-0.892,-371.973,3134.09,1.8,ok,,,,
fifo_sync,memory,fifo_sync,delay_choice_deep_bb@booth+adder=kogge-stone,0,2409,27321.20,-0.758,-289.292,3026.52,1.5,ok,,,,
fifo_sync,memory,fifo_sync,balanced_resyn2x@booth+adder=kogge-stone,0,2404,26731.89,-0.814,-325.528,2974.60,2.0,ok,,,,
fifo_sync,memory,fifo_sync,area_max@booth,0,2376,26760.67,-0.847,-331.280,2979.97,2.9,ok,,,,
fifo_sync,memory,fifo_sync,area_lut6@booth,0,2382,27948.05,-0.602,-229.472,2821.82,3.2,ok,,,,
fifo_sync,memory,fifo_sync,delay_choice_deep_v4@booth+adder=kogge-stone,0,2414,27899.26,-0.839,-333.738,3031.22,1.5,ok,,,,
fifo_sync,memory,fifo_sync,orfs_area@booth+adder=kogge-stone,0,2567,28728.80,-0.619,-227.552,2814.38,1.2,ok,,,,
fifo_sync,memory,fifo_sync,delay_iter_heavy@booth,0,2404,26849.50,-1.100,-405.819,3286.12,4.4,ok,,,,
fifo_sync,memory,fifo_sync,area_classic@booth+adder=kogge-stone,0,2361,26870.77,-0.788,-310.845,2942.43,1.5,ok,,,,
fifo_sync,memory,fifo_sync,delay_syn2@booth+adder=kogge-stone,0,2461,27719.08,-1.223,-491.070,3367.86,2.0,ok,,,,
fifo_sync,memory,fifo_sync,yosys_default@booth+adder=kogge-stone,0,2418,26283.96,-0.932,-344.749,3351.21,1.0,ok,,,,
fifo_sync,memory,fifo_sync,orfs_speed@booth+adder=kogge-stone,0,2407,27019.66,-0.853,-364.074,3210.27,1.2,ok,,,,
fifo_sync,memory,fifo_sync,delay_triple@booth+adder=kogge-stone,0,2406,26980.88,-0.846,-284.067,3031.05,2.8,ok,,,,
fifo_sync,memory,fifo_sync,area_lut6@booth+adder=kogge-stone,0,2383,26964.61,-0.863,-324.584,3005.13,1.8,ok,,,,
fifo_sync,memory,fifo_sync,delay_aggressive@booth,0,2385,26887.04,-0.759,-308.180,2940.50,4.6,ok,,,,
fifo_sync,memory,fifo_sync,delay_iter_heavy@booth+adder=kogge-stone,0,2404,26562.98,-1.042,-310.938,3158.09,3.2,ok,,,,
fifo_sync,memory,fifo_sync,area_max@booth+adder=kogge-stone,0,2380,26766.92,-0.731,-293.343,2961.93,2.2,ok,,,,
fifo_sync,memory,fifo_sync,delay_aggressive@booth+adder=kogge-stone,0,2390,26887.04,-0.826,-296.631,2907.58,3.5,ok,,,,
zx16_core_ahb,cpu,zx16_core_ahb,orfs_speed,0,2884,20201.88,-0.724,-52.470,7050.13,2.3,ok,,,,
zx16_core_ahb,cpu,zx16_core_ahb,delay_syn2,0,2943,20587.24,-0.579,-29.404,6711.47,2.4,ok,,,,
zx16_core_ahb,cpu,zx16_core_ahb,delay_choice_deep_v4,0,2888,19969.15,-1.315,-121.298,7568.33,2.4,ok,,,,
zx16_core_ahb,cpu,zx16_core_ahb,delay_choice_deep_v3,0,2891,19890.33,-0.916,-50.595,7143.65,2.5,ok,,,,
zx16_core_ahb,cpu,zx16_core_ahb,delay_map,0,3680,23085.89,0.768,0.000,5788.22,2.6,ok,,,,
zx16_core_ahb,cpu,zx16_core_ahb,delay_choice_deep_bb,0,2880,20052.98,-0.955,-77.350,7235.53,2.7,ok,,,,
zx16_core_ahb,cpu,zx16_core_ahb,delay_choice_deep,0,2884,20300.72,-0.724,-40.306,6976.38,2.9,ok,,,,
zx16_core_ahb,cpu,zx16_core_ahb,yosys_default,0,2830,19652.60,-2.028,-154.242,8189.96,2.9,ok,,,,
zx16_core_ahb,cpu,zx16_core_ahb,orfs_area,0,3169,22372.71,-0.005,-0.011,6243.24,3.0,ok,,,,
zx16_core_ahb,cpu,zx16_core_ahb,delay_map_resyn,1,3359,20573.48,0.136,0.000,6477.04,3.1,ok,,0.110,0.000,20573.48
zx16_core_ahb,cpu,zx16_core_ahb,balanced_resyn,0,2963,20895.04,-0.763,-58.294,6884.93,3.4,ok,,,,
zx16_core_ahb,cpu,zx16_core_ahb,area_lut6,0,2828,19640.09,-1.223,-77.937,7565.35,3.4,ok,,,,
zx16_core_ahb,cpu,zx16_core_ahb,area_classic,0,2832,19595.04,-1.107,-80.216,7398.87,3.5,ok,,,,
zx16_core_ahb,cpu,zx16_core_ahb,balanced_resyn2x,0,2886,19752.69,-1.042,-69.275,7299.69,4.7,ok,,,,
zx16_core_ahb,cpu,zx16_core_ahb,delay_choice_deep_v3@adder=kogge-stone,0,2994,20333.25,-1.016,-67.314,7127.18,2.6,ok,,,,
zx16_core_ahb,cpu,zx16_core_ahb,delay_triple,0,2853,20679.83,-0.408,-4.629,6365.56,5.3,ok,,,,
zx16_core_ahb,cpu,zx16_core_ahb,delay_map@adder=kogge-stone,0,3850,23078.38,0.675,0.000,5905.38,3.3,ok,,,,
zx16_core_ahb,cpu,zx16_core_ahb,balanced_resyn@adder=kogge-stone,0,3012,21256.64,-0.226,-4.454,6489.88,3.0,ok,,,,
zx16_core_ahb,cpu,zx16_core_ahb,delay_choice_deep_bb@adder=kogge-stone,0,2999,21917.27,-0.282,-2.245,6274.35,2.7,ok,,,,
zx16_core_ahb,cpu,zx16_core_ahb,area_max,0,2781,19307.27,-1.034,-66.439,7417.54,5.8,ok,,,,
zx16_core_ahb,cpu,zx16_core_ahb,delay_choice_deep@adder=kogge-stone,0,2932,20658.56,-0.440,-19.681,6681.86,3.0,ok,,,,
zx16_core_ahb,cpu,zx16_core_ahb,delay_syn2@adder=kogge-stone,0,3153,22248.84,-0.104,-0.934,6206.59,3.0,ok,,,,
zx16_core_ahb,cpu,zx16_core_ahb,delay_map_resyn@adder=kogge-stone,0,3426,21555.67,0.652,0.000,5875.45,3.6,ok,,,,
zx16_core_ahb,cpu,zx16_core_ahb,delay_choice_deep_v4@adder=kogge-stone,0,3009,21715.83,-0.255,-2.068,6262.20,2.7,ok,,,,
zx16_core_ahb,cpu,zx16_core_ahb,delay_iter_heavy,0,2845,20519.68,-0.173,-2.058,6398.06,6.5,ok,,,,
zx16_core_ahb,cpu,zx16_core_ahb,area_classic@adder=kogge-stone,0,2898,19924.11,-1.454,-105.040,7611.65,3.4,ok,,,,
zx16_core_ahb,cpu,zx16_core_ahb,orfs_area@adder=kogge-stone,0,3282,22615.44,0.051,0.000,6260.41,2.9,ok,,,,
zx16_core_ahb,cpu,zx16_core_ahb,delay_triple@adder=kogge-stone,0,2910,20966.36,-0.546,-8.798,6558.16,5.4,ok,,,,
zx16_core_ahb,cpu,zx16_core_ahb,balanced_resyn2x@adder=kogge-stone,0,3015,20990.13,-0.515,-17.484,6593.17,5.0,ok,,,,
zx16_core_ahb,cpu,zx16_core_ahb,orfs_speed@adder=kogge-stone,0,2932,20437.10,-0.672,-43.990,6856.79,2.6,ok,,,,
zx16_core_ahb,cpu,zx16_core_ahb,delay_map@adder=han-carlson,0,3766,23014.57,0.757,0.000,5807.28,2.4,ok,,,,
zx16_core_ahb,cpu,zx16_core_ahb,yosys_default@adder=kogge-stone,0,2912,20111.79,-1.076,-65.264,7315.21,2.5,ok,,,,
zx16_core_ahb,cpu,zx16_core_ahb,delay_aggressive,0,2812,19294.76,-1.079,-57.695,7353.07,8.4,ok,,,,
zx16_core_ahb,cpu,zx16_core_ahb,delay_choice_deep_v3@adder=han-carlson,0,2945,20091.77,-0.982,-60.866,7151.63,2.5,ok,,,,
zx16_core_ahb,cpu,zx16_core_ahb,area_lut6@adder=kogge-stone,0,2830,19661.36,-1.361,-75.493,7637.49,3.4,ok,,,,
zx16_core_ahb,cpu,zx16_core_ahb,delay_map_resyn@adder=han-carlson,0,3300,21639.50,0.889,0.000,5728.27,2.9,ok,,,,
zx16_core_ahb,cpu,zx16_core_ahb,balanced_resyn@adder=han-carlson,0,2936,20321.99,-0.492,-9.609,6621.66,3.1,ok,,,,
zx16_core_ahb,cpu,zx16_core_ahb,delay_iter_heavy@adder=kogge-stone,0,2954,21057.70,-0.619,-10.612,6545.62,6.6,ok,,,,
zx16_core_ahb,cpu,zx16_core_ahb,delay_choice_deep@adder=han-carlson,0,2876,20388.30,-0.546,-25.671,6750.09,2.8,ok,,,,
zx16_core_ahb,cpu,zx16_core_ahb,delay_syn2@adder=han-carlson,0,3054,21346.72,-0.323,-9.229,6514.60,2.4,ok,,,,
zx16_core_ahb,cpu,zx16_core_ahb,delay_choice_deep_v4@adder=han-carlson,0,2969,21659.52,-0.020,-0.099,6176.61,2.7,ok,,,,
zx16_core_ahb,cpu,zx16_core_ahb,delay_choice_deep_bb@adder=han-carlson,0,2950,20836.23,-0.195,-0.901,6480.21,3.1,ok,,,,
zx16_core_ahb,cpu,zx16_core_ahb,area_max@adder=kogge-stone,0,2848,19879.07,-1.200,-84.991,7348.23,5.8,ok,,,,
zx16_core_ahb,cpu,zx16_core_ahb,orfs_speed@adder=han-carlson,0,2876,20294.46,-0.663,-43.246,6874.78,2.6,ok,,,,
zx16_core_ahb,cpu,zx16_core_ahb,orfs_area@adder=han-carlson,0,3214,22664.24,-0.149,-2.102,6277.14,2.9,ok,,,,
zx16_core_ahb,cpu,zx16_core_ahb,yosys_default@adder=han-carlson,0,2832,19243.46,-1.983,-152.688,8267.93,2.5,ok,,,,
zx16_core_ahb,cpu,zx16_core_ahb,delay_aggressive@adder=kogge-stone,0,2842,19721.41,-0.747,-41.469,6981.16,8.0,ok,,,,
zx16_core_ahb,cpu,zx16_core_ahb,delay_choice_deep_v3@adder=sklansky,0,2920,20274.44,-0.509,-24.798,6704.12,2.4,ok,,,,
zx16_core_ahb,cpu,zx16_core_ahb,delay_triple@adder=han-carlson,0,2832,20429.59,-0.342,-7.043,6487.92,5.7,ok,,,,
zx16_core_ahb,cpu,zx16_core_ahb,delay_map@adder=sklansky,0,3724,23034.59,0.728,0.000,5911.46,2.6,ok,,,,
zx16_core_ahb,cpu,zx16_core_ahb,balanced_resyn2x@adder=han-carlson,0,2994,21232.86,-0.370,-9.576,6506.26,4.9,ok,,,,
zx16_core_ahb,cpu,zx16_core_ahb,area_lut6@adder=han-carlson,0,2783,19361.07,-1.371,-84.803,7711.45,3.5,ok,,,,
zx16_core_ahb,cpu,zx16_core_ahb,delay_iter_heavy@adder=han-carlson,0,2884,20179.35,-0.608,-18.088,6593.79,6.0,ok,,,,
zx16_core_ahb,cpu,zx16_core_ahb,delay_map_resyn@adder=sklansky,0,3372,21266.65,0.547,0.000,6021.83,2.9,ok,,,,
zx16_core_ahb,cpu,zx16_core_ahb,area_classic@adder=han-carlson,0,2826,19259.72,-1.784,-137.366,8039.33,3.9,ok,,,,
zx16_core_ahb,cpu,zx16_core_ahb,delay_syn2@adder=sklansky,0,2975,20970.11,-0.375,-15.388,6608.41,2.4,ok,,,,
zx16_core_ahb,cpu,zx16_core_ahb,delay_choice_deep@adder=sklansky,0,2896,20422.09,-0.566,-25.576,6799.62,2.7,ok,,,,
zx16_core_ahb,cpu,zx16_core_ahb,balanced_resyn@adder=sklansky,0,2955,20920.06,-0.256,-10.725,6576.18,3.0,ok,,,,
zx16_core_ahb,cpu,zx16_core_ahb,delay_choice_deep_bb@adder=sklansky,0,2953,20549.71,-0.769,-33.748,6941.79,2.8,ok,,,,
zx16_core_ahb,cpu,zx16_core_ahb,delay_choice_deep_v4@adder=sklansky,0,2951,20912.56,-0.421,-9.578,6447.02,2.5,ok,,,,
zx16_core_ahb,cpu,zx16_core_ahb,yosys_default@adder=sklansky,0,2845,19416.12,-1.649,-150.269,7939.15,2.5,ok,,,,
zx16_core_ahb,cpu,zx16_core_ahb,area_max@adder=han-carlson,0,2757,19431.14,-1.167,-77.489,7405.23,6.1,ok,,,,
zx16_core_ahb,cpu,zx16_core_ahb,orfs_speed@adder=sklansky,0,2896,20377.04,-0.614,-35.601,6847.99,2.5,ok,,,,
zx16_core_ahb,cpu,zx16_core_ahb,area_classic@adder=sklansky,0,2804,19112.08,-1.745,-125.836,8014.57,3.1,ok,,,,
zx16_core_ahb,cpu,zx16_core_ahb,orfs_area@adder=sklansky,0,3200,22785.60,-0.202,-1.785,6184.37,3.2,ok,,,,
zx16_core_ahb,cpu,zx16_core_ahb,delay_map@booth,0,3680,23085.89,0.768,0.000,5788.22,2.9,ok,,,,
zx16_core_ahb,cpu,zx16_core_ahb,delay_triple@adder=sklansky,0,2889,20858.76,-0.325,-4.453,6379.27,5.0,ok,,,,
zx16_core_ahb,cpu,zx16_core_ahb,area_lut6@adder=sklansky,0,2863,19414.87,-1.639,-109.389,7843.84,3.6,ok,,,,
zx16_core_ahb,cpu,zx16_core_ahb,delay_choice_deep_v3@booth,0,2891,19890.33,-0.916,-50.595,7143.65,2.4,ok,,,,
zx16_core_ahb,cpu,zx16_core_ahb,delay_aggressive@adder=han-carlson,0,2793,19479.93,-1.159,-74.216,7388.12,8.3,ok,,,,
zx16_core_ahb,cpu,zx16_core_ahb,balanced_resyn2x@adder=sklansky,0,2935,20210.63,-0.823,-49.464,6996.62,5.3,ok,,,,
zx16_core_ahb,cpu,zx16_core_ahb,delay_map_resyn@booth,0,3359,20573.48,0.136,0.000,6477.04,3.2,ok,,,,
zx16_core_ahb,cpu,zx16_core_ahb,delay_syn2@booth,0,2943,20587.24,-0.579,-29.404,6711.47,2.4,ok,,,,
zx16_core_ahb,cpu,zx16_core_ahb,delay_choice_deep@booth,0,2884,20300.72,-0.724,-40.306,6976.38,2.6,ok,,,,
zx16_core_ahb,cpu,zx16_core_ahb,delay_iter_heavy@adder=sklansky,0,2878,20230.65,-0.699,-9.745,6579.71,6.4,ok,,,,
zx16_core_ahb,cpu,zx16_core_ahb,balanced_resyn@booth,0,2963,20895.04,-0.763,-58.294,6884.93,3.4,ok,,,,
zx16_core_ahb,cpu,zx16_core_ahb,delay_choice_deep_bb@booth,0,2880,20052.98,-0.955,-77.350,7235.53,2.7,ok,,,,
zx16_core_ahb,cpu,zx16_core_ahb,area_max@adder=sklansky,0,2743,18859.34,-1.843,-136.400,8155.15,5.7,ok,,,,
zx16_core_ahb,cpu,zx16_core_ahb,delay_choice_deep_v4@booth,0,2888,19969.15,-1.315,-121.298,7568.33,2.9,ok,,,,
zx16_core_ahb,cpu,zx16_core_ahb,area_classic@booth,0,2832,19595.04,-1.107,-80.216,7398.87,3.4,ok,,,,
zx16_core_ahb,cpu,zx16_core_ahb,orfs_area@booth,0,3169,22372.71,-0.005,-0.011,6243.24,3.1,ok,,,,
zx16_core_ahb,cpu,zx16_core_ahb,orfs_speed@booth,0,2884,20201.88,-0.724,-52.470,7050.13,2.7,ok,,,,
zx16_core_ahb,cpu,zx16_core_ahb,delay_triple@booth,0,2853,20679.83,-0.408,-4.629,6365.56,5.1,ok,,,,
zx16_core_ahb,cpu,zx16_core_ahb,delay_aggressive@adder=sklansky,0,2762,19180.90,-1.338,-71.603,7498.49,7.9,ok,,,,
zx16_core_ahb,cpu,zx16_core_ahb,balanced_resyn2x@booth,0,2886,19752.69,-1.042,-69.275,7299.69,4.7,ok,,,,
zx16_core_ahb,cpu,zx16_core_ahb,yosys_default@booth,0,2830,19652.60,-2.028,-154.242,8189.96,2.7,ok,,,,
zx16_core_ahb,cpu,zx16_core_ahb,area_lut6@booth,0,2828,19640.09,-1.223,-77.937,7565.35,3.5,ok,,,,
zx16_core_ahb,cpu,zx16_core_ahb,delay_map@booth+adder=kogge-stone,0,3850,23078.38,0.675,0.000,5905.38,3.0,ok,,,,
zx16_core_ahb,cpu,zx16_core_ahb,delay_choice_deep_v3@booth+adder=kogge-stone,0,2994,20333.25,-1.016,-67.314,7127.18,2.6,ok,,,,
zx16_core_ahb,cpu,zx16_core_ahb,delay_iter_heavy@booth,0,2845,20519.68,-0.173,-2.058,6398.06,5.9,ok,,,,
zx16_core_ahb,cpu,zx16_core_ahb,delay_map_resyn@booth+adder=kogge-stone,0,3426,21555.67,0.652,0.000,5875.45,3.4,ok,,,,
zx16_core_ahb,cpu,zx16_core_ahb,balanced_resyn@booth+adder=kogge-stone,0,3012,21256.64,-0.226,-4.454,6489.88,3.4,ok,,,,
zx16_core_ahb,cpu,zx16_core_ahb,delay_choice_deep@booth+adder=kogge-stone,0,2932,20658.56,-0.440,-19.681,6681.86,3.2,ok,,,,
zx16_core_ahb,cpu,zx16_core_ahb,delay_syn2@booth+adder=kogge-stone,0,3153,22248.84,-0.104,-0.934,6206.59,2.5,ok,,,,
zx16_core_ahb,cpu,zx16_core_ahb,delay_choice_deep_bb@booth+adder=kogge-stone,0,2999,21917.27,-0.282,-2.245,6274.35,2.6,ok,,,,
zx16_core_ahb,cpu,zx16_core_ahb,area_max@booth,0,2781,19307.27,-1.034,-66.439,7417.54,5.5,ok,,,,
zx16_core_ahb,cpu,zx16_core_ahb,delay_choice_deep_v4@booth+adder=kogge-stone,0,3009,21715.83,-0.255,-2.068,6262.20,2.7,ok,,,,
zx16_core_ahb,cpu,zx16_core_ahb,area_classic@booth+adder=kogge-stone,0,2898,19924.11,-1.454,-105.040,7611.65,2.9,ok,,,,
zx16_core_ahb,cpu,zx16_core_ahb,orfs_area@booth+adder=kogge-stone,0,3282,22615.44,0.051,0.000,6260.41,2.8,ok,,,,
zx16_core_ahb,cpu,zx16_core_ahb,orfs_speed@booth+adder=kogge-stone,0,2932,20437.10,-0.672,-43.990,6856.79,2.4,ok,,,,
zx16_core_ahb,cpu,zx16_core_ahb,delay_aggressive@booth,0,2812,19294.76,-1.079,-57.695,7353.07,7.4,ok,,,,
zx16_core_ahb,cpu,zx16_core_ahb,delay_triple@booth+adder=kogge-stone,0,2910,20966.36,-0.546,-8.798,6558.16,4.8,ok,,,,
zx16_core_ahb,cpu,zx16_core_ahb,yosys_default@booth+adder=kogge-stone,0,2912,20111.79,-1.076,-65.264,7315.21,2.4,ok,,,,
zx16_core_ahb,cpu,zx16_core_ahb,balanced_resyn2x@booth+adder=kogge-stone,0,3015,20990.13,-0.515,-17.484,6593.17,4.2,ok,,,,
zx16_core_ahb,cpu,zx16_core_ahb,area_lut6@booth+adder=kogge-stone,0,2830,19661.36,-1.361,-75.493,7637.49,3.0,ok,,,,
zx16_core_ahb,cpu,zx16_core_ahb,delay_iter_heavy@booth+adder=kogge-stone,0,2954,21057.70,-0.619,-10.612,6545.62,5.4,ok,,,,
zx16_core_ahb,cpu,zx16_core_ahb,area_max@booth+adder=kogge-stone,0,2848,19879.07,-1.200,-84.991,7348.23,4.1,ok,,,,
zx16_core_ahb,cpu,zx16_core_ahb,delay_aggressive@booth+adder=kogge-stone,0,2842,19721.41,-0.747,-41.469,6981.16,5.6,ok,,,,
zxip,soc_ip,zxip_top,orfs_area,0,18202,164851.86,-1.213,-15.690,4762.85,12.1,ok,,,,
zxip,soc_ip,zxip_top,delay_choice_deep_v3,0,18186,161253.40,-0.238,-1.034,4946.96,12.6,ok,,,,
zxip,soc_ip,zxip_top,delay_syn2,0,18278,161454.85,-0.996,-10.909,5277.95,13.2,ok,,,,
zxip,soc_ip,zxip_top,delay_map,0,23159,162833.67,-0.875,-8.963,4642.67,13.2,ok,,,,
zxip,soc_ip,zxip_top,yosys_default,0,17998,158558.32,-0.936,-11.433,5879.73,13.6,ok,,,,
zxip,soc_ip,zxip_top,orfs_speed,0,18305,160806.73,-1.322,-16.220,5108.59,14.2,ok,,,,
zxip,soc_ip,zxip_top,delay_choice_deep_v4,0,18052,160383.82,-0.997,-11.220,5340.56,14.3,ok,,,,
zxip,soc_ip,zxip_top,delay_choice_deep,0,18305,161153.31,-1.322,-16.220,4965.22,14.3,ok,,,,
zxip,soc_ip,zxip_top,delay_choice_deep_bb,0,18083,159854.56,-0.377,-2.583,5492.03,14.5,ok,,,,
zxip,soc_ip,zxip_top,delay_map_resyn,1,22489,159531.75,-0.429,-3.999,4735.02,15.1,ok,,0.050,0.000,159601.82
zxip,soc_ip,zxip_top,balanced_resyn,0,18211,156725.31,-0.865,-10.723,5334.71,16.2,ok,,,,
zxip,soc_ip,zxip_top,area_classic,0,18381,157921.46,-0.879,-9.801,5455.29,18.4,ok,,,,
zxip,soc_ip,zxip_top,area_lut6,0,18286,157088.16,-0.908,-9.738,6028.01,20.0,ok,,,,
zxip,soc_ip,zxip_top,delay_map@adder=kogge-stone,0,23283,163275.34,-0.875,-9.110,4527.43,12.8,ok,,,,
zxip,soc_ip,zxip_top,balanced_resyn2x,0,17916,156191.05,-0.877,-10.319,5416.32,25.0,ok,,,,
zxip,soc_ip,zxip_top,delay_choice_deep_v3@adder=kogge-stone,0,18109,160372.56,-0.375,-2.019,5215.58,11.9,ok,,,,
zxip,soc_ip,zxip_top,delay_triple,0,18031,158832.33,-1.016,-12.249,4811.74,26.8,ok,,,,
zxip,soc_ip,zxip_top,delay_choice_deep@adder=kogge-stone,0,18237,160202.40,-0.947,-11.006,5363.51,13.4,ok,,,,
zxip,soc_ip,zxip_top,delay_syn2@adder=kogge-stone,0,18183,161478.62,-0.976,-10.967,4964.82,13.2,ok,,,,
zxip,soc_ip,zxip_top,area_max,0,18052,157987.77,-0.880,-9.848,5424.97,28.7,ok,,,,
zxip,soc_ip,zxip_top,delay_choice_deep_bb@adder=kogge-stone,0,17806,160322.51,-0.323,-1.953,4989.27,13.7,ok,,,,
zxip,soc_ip,zxip_top,delay_map_resyn@adder=kogge-stone,0,23070,162030.40,-0.713,-6.546,4480.06,16.2,ok,,,,
zxip,soc_ip,zxip_top,balanced_resyn@adder=kogge-stone,0,18644,158059.09,-0.864,-10.953,5057.80,15.3,ok,,,,
zxip,soc_ip,zxip_top,delay_iter_heavy,0,17707,157572.37,-1.030,-11.133,5059.71,31.1,ok,,,,
zxip,soc_ip,zxip_top,delay_choice_deep_v4@adder=kogge-stone,0,18083,160749.17,-0.984,-11.065,4961.34,13.8,ok,,,,
zxip,soc_ip,zxip_top,orfs_area@adder=kogge-stone,0,18062,163282.85,-0.955,-11.463,5041.06,11.9,ok,,,,
zxip,soc_ip,zxip_top,area_classic@adder=kogge-stone,0,18165,158812.31,-0.867,-9.177,5466.95,17.5,ok,,,,
zxip,soc_ip,zxip_top,delay_triple@adder=kogge-stone,0,17774,158911.16,-1.016,-12.280,4933.45,25.2,ok,,,,
zxip,soc_ip,zxip_top,delay_aggressive,0,18191,156581.42,-0.875,-9.694,6335.98,39.1,ok,,,,
zxip,soc_ip,zxip_top,balanced_resyn2x@adder=kogge-stone,0,17885,158182.96,-0.909,-11.052,5250.84,26.1,ok,,,,
zxip,soc_ip,zxip_top,orfs_speed@adder=kogge-stone,0,18237,160202.40,-0.947,-11.006,5363.51,14.4,ok,,,,
zxip,soc_ip,zxip_top,delay_map@adder=han-carlson,0,23235,163829.63,-0.935,-9.734,4486.40,14.2,ok,,,,
zxip,soc_ip,zxip_top,yosys_default@adder=kogge-stone,0,17890,159325.31,-0.936,-10.690,5384.20,14.5,ok,,,,
zxip,soc_ip,zxip_top,delay_choice_deep_v3@adder=han-carlson,0,18053,161309.71,-0.238,-0.989,4989.11,13.7,ok,,,,
zxip,soc_ip,zxip_top,area_lut6@adder=kogge-stone,0,17924,157673.72,-0.869,-9.223,5630.85,19.8,ok,,,,
zxip,soc_ip,zxip_top,delay_map_resyn@adder=han-carlson,0,22858,162061.68,-0.613,-6.833,4570.75,17.0,ok,,,,
zxip,soc_ip,zxip_top,delay_iter_heavy@adder=kogge-stone,0,17808,158592.10,-0.937,-10.573,5033.07,32.8,ok,,,,
zxip,soc_ip,zxip_top,delay_choice_deep@adder=han-carlson,0,18474,161262.16,-0.948,-11.571,5119.32,15.9,ok,,,,
zxip,soc_ip,zxip_top,balanced_resyn@adder=han-carlson,0,18675,157786.33,-0.867,-11.044,5270.45,17.2,ok,,,,
zxip,soc_ip,zxip_top,delay_syn2@adder=han-carlson,0,18403,161743.88,-1.006,-11.438,5381.38,13.8,ok,,,,
zxip,soc_ip,zxip_top,delay_choice_deep_bb@adder=han-carlson,0,18043,160855.52,-0.325,-1.654,5255.83,15.5,ok,,,,
zxip,soc_ip,zxip_top,orfs_area@adder=han-carlson,0,18433,163127.70,-0.955,-11.457,5014.22,12.0,ok,,,,
zxip,soc_ip,zxip_top,delay_choice_deep_v4@adder=han-carlson,0,18012,160066.02,-0.997,-11.269,5229.44,14.7,ok,,,,
zxip,soc_ip,zxip_top,area_max@adder=kogge-stone,0,17937,158390.66,-0.878,-10.135,5327.47,30.7,ok,,,,
zxip,soc_ip,zxip_top,delay_triple@adder=han-carlson,0,17774,158699.71,-0.958,-11.688,5101.26,27.7,ok,,,,
zxip,soc_ip,zxip_top,orfs_speed@adder=han-carlson,0,18474,161203.36,-0.948,-11.571,5187.10,14.1,ok,,,,
zxip,soc_ip,zxip_top,delay_aggressive@adder=kogge-stone,0,17956,156802.89,-0.903,-9.780,5551.29,44.0,ok,,,,
zxip,soc_ip,zxip_top,yosys_default@adder=han-carlson,0,18050,159362.84,-0.931,-11.852,5634.35,14.5,ok,,,,
zxip,soc_ip,zxip_top,area_classic@adder=han-carlson,0,17970,158404.42,-0.869,-9.067,5567.13,19.2,ok,,,,
zxip,soc_ip,zxip_top,delay_map@adder=sklansky,0,22604,160497.68,-0.803,-7.706,4596.74,14.5,ok,,,,
zxip,soc_ip,zxip_top,delay_choice_deep_v3@adder=sklansky,0,18096,161348.50,-0.237,-1.094,4861.02,13.2,ok,,,,
zxip,soc_ip,zxip_top,balanced_resyn2x@adder=han-carlson,0,18029,157912.70,-0.878,-10.335,5159.70,26.3,ok,,,,
zxip,soc_ip,zxip_top,delay_iter_heavy@adder=han-carlson,0,17735,158348.12,-0.958,-11.652,5075.84,33.7,ok,,,,
zxip,soc_ip,zxip_top,area_lut6@adder=han-carlson,0,18280,157531.08,-0.923,-9.634,6042.19,21.5,ok,,,,
zxip,soc_ip,zxip_top,delay_map_resyn@adder=sklansky,0,22713,160266.21,-0.375,-3.450,4724.65,17.2,ok,,,,
zxip,soc_ip,zxip_top,delay_choice_deep@adder=sklansky,0,18355,160352.54,-0.946,-11.768,5093.35,14.7,ok,,,,
zxip,soc_ip,zxip_top,delay_syn2@adder=sklansky,0,18551,162135.50,-0.940,-11.258,5169.40,14.0,ok,,,,
zxip,soc_ip,zxip_top,balanced_resyn@adder=sklansky,0,18567,157641.19,-0.863,-10.971,5119.17,18.1,ok,,,,
zxip,soc_ip,zxip_top,delay_choice_deep_bb@adder=sklansky,0,18022,160158.60,-0.580,-3.982,5620.49,14.1,ok,,,,
zxip,soc_ip,zxip_top,orfs_area@adder=sklansky,0,18083,164869.37,-1.213,-15.714,4879.19,12.4,ok,,,,
zxip,soc_ip,zxip_top,area_max@adder=han-carlson,0,18163,157853.89,-0.877,-9.679,5505.46,31.2,ok,,,,
zxip,soc_ip,zxip_top,delay_choice_deep_v4@adder=sklansky,0,17967,160267.46,-0.997,-11.250,5098.82,14.7,ok,,,,
zxip,soc_ip,zxip_top,orfs_speed@adder=sklansky,0,18355,160330.02,-0.946,-11.768,5120.27,13.5,ok,,,,
zxip,soc_ip,zxip_top,delay_triple@adder=sklansky,0,17732,159012.51,-0.935,-10.849,5127.31,25.5,ok,,,,
zxip,soc_ip,zxip_top,yosys_default@adder=sklansky,0,18004,158777.28,-0.957,-11.411,5970.59,14.3,ok,,,,
zxip,soc_ip,zxip_top,delay_map@booth,0,23159,162833.67,-0.875,-8.963,4642.67,14.8,ok,,,,
zxip,soc_ip,zxip_top,area_classic@adder=sklansky,0,18376,158316.84,-0.878,-9.555,5881.82,20.2,ok,,,,
zxip,soc_ip,zxip_top,delay_aggressive@adder=han-carlson,0,18091,157478.53,-0.877,-9.638,5556.96,41.9,ok,,,,
zxip,soc_ip,zxip_top,area_lut6@adder=sklansky,0,18007,157175.74,-0.908,-10.489,5832.32,20.9,ok,,,,
zxip,soc_ip,zxip_top,balanced_resyn2x@adder=sklansky,0,18124,157292.11,-0.878,-10.262,5350.82,27.3,ok,,,,
zxip,soc_ip,zxip_top,delay_choice_deep_v3@booth,0,18186,161253.40,-0.238,-1.034,4946.96,13.4,ok,,,,
zxip,soc_ip,zxip_top,delay_map_resyn@booth,0,22489,159531.75,-0.429,-3.999,4735.02,16.9,ok,,,,
zxip,soc_ip,zxip_top,delay_iter_heavy@adder=sklansky,0,17697,158221.75,-0.934,-10.291,5064.77,33.6,ok,,,,
zxip,soc_ip,zxip_top,delay_choice_deep@booth,0,18305,161153.31,-1.322,-16.220,4965.22,15.6,ok,,,,
zxip,soc_ip,zxip_top,delay_syn2@booth,0,18278,161454.85,-0.996,-10.909,5277.95,13.6,ok,,,,
zxip,soc_ip,zxip_top,delay_choice_deep_bb@booth,0,18083,159854.56,-0.377,-2.583,5492.03,14.3,ok,,,,
zxip,soc_ip,zxip_top,balanced_resyn@booth,0,18211,156725.31,-0.865,-10.723,5334.71,19.3,ok,,,,
zxip,soc_ip,zxip_top,orfs_area@booth,0,18202,164851.86,-1.213,-15.690,4762.85,12.5,ok,,,,
zxip,soc_ip,zxip_top,area_max@adder=sklansky,0,18208,157785.08,-0.903,-9.975,5616.39,30.4,ok,,,,
zxip,soc_ip,zxip_top,delay_choice_deep_v4@booth,0,18052,160383.82,-0.997,-11.220,5340.56,15.0,ok,,,,
zxip,soc_ip,zxip_top,orfs_speed@booth,0,18305,160806.73,-1.322,-16.220,5108.59,13.9,ok,,,,
zxip,soc_ip,zxip_top,delay_triple@booth,0,18031,158832.33,-1.016,-12.249,4811.74,26.3,ok,,,,
zxip,soc_ip,zxip_top,area_classic@booth,0,18381,157921.46,-0.879,-9.801,5455.29,19.6,ok,,,,
zxip,soc_ip,zxip_top,delay_map@booth+adder=kogge-stone,0,23283,163275.34,-0.875,-9.110,4527.43,13.5,ok,,,,
zxip,soc_ip,zxip_top,balanced_resyn2x@booth,0,17916,156191.05,-0.877,-10.319,5416.32,26.8,ok,,,,
zxip,soc_ip,zxip_top,delay_aggressive@adder=sklansky,0,17895,157671.22,-0.878,-9.932,6104.41,41.7,ok,,,,
zxip,soc_ip,zxip_top,yosys_default@booth,0,17998,158558.32,-0.936,-11.433,5879.73,15.3,ok,,,,
zxip,soc_ip,zxip_top,area_lut6@booth,0,18286,157088.16,-0.908,-9.738,6028.01,19.9,ok,,,,
zxip,soc_ip,zxip_top,delay_choice_deep_v3@booth+adder=kogge-stone,0,18109,160372.56,-0.375,-2.019,5215.58,13.4,ok,,,,
zxip,soc_ip,zxip_top,delay_map_resyn@booth+adder=kogge-stone,0,23070,162030.40,-0.713,-6.546,4480.06,15.9,ok,,,,
zxip,soc_ip,zxip_top,delay_choice_deep@booth+adder=kogge-stone,0,18237,160202.40,-0.947,-11.006,5363.51,14.1,ok,,,,
zxip,soc_ip,zxip_top,delay_iter_heavy@booth,0,17707,157572.37,-1.030,-11.133,5059.71,35.2,ok,,,,
zxip,soc_ip,zxip_top,delay_syn2@booth+adder=kogge-stone,0,18183,161478.62,-0.976,-10.967,4964.82,11.9,ok,,,,
zxip,soc_ip,zxip_top,balanced_resyn@booth+adder=kogge-stone,0,18644,158059.09,-0.864,-10.953,5057.80,16.6,ok,,,,
zxip,soc_ip,zxip_top,area_max@booth,0,18052,157987.77,-0.880,-9.848,5424.97,27.6,ok,,,,
zxip,soc_ip,zxip_top,delay_choice_deep_bb@booth+adder=kogge-stone,0,17806,160322.51,-0.323,-1.953,4989.27,12.5,ok,,,,
zxip,soc_ip,zxip_top,orfs_area@booth+adder=kogge-stone,0,18062,163282.85,-0.955,-11.463,5041.06,9.9,ok,,,,
zxip,soc_ip,zxip_top,delay_choice_deep_v4@booth+adder=kogge-stone,0,18083,160749.17,-0.984,-11.065,4961.34,11.6,ok,,,,
zxip,soc_ip,zxip_top,delay_triple@booth+adder=kogge-stone,0,17774,158911.16,-1.016,-12.280,4933.45,23.0,ok,,,,
zxip,soc_ip,zxip_top,orfs_speed@booth+adder=kogge-stone,0,18237,160202.40,-0.947,-11.006,5363.51,10.8,ok,,,,
zxip,soc_ip,zxip_top,yosys_default@booth+adder=kogge-stone,0,17890,159325.31,-0.936,-10.690,5384.20,10.5,ok,,,,
zxip,soc_ip,zxip_top,delay_aggressive@booth,0,18191,156581.42,-0.875,-9.694,6335.98,37.8,ok,,,,
zxip,soc_ip,zxip_top,area_classic@booth+adder=kogge-stone,0,18165,158812.31,-0.867,-9.177,5466.95,14.4,ok,,,,
zxip,soc_ip,zxip_top,balanced_resyn2x@booth+adder=kogge-stone,0,17885,158182.96,-0.909,-11.052,5250.84,21.3,ok,,,,
zxip,soc_ip,zxip_top,area_lut6@booth+adder=kogge-stone,0,17924,157673.72,-0.869,-9.223,5630.85,15.5,ok,,,,
zxip,soc_ip,zxip_top,delay_iter_heavy@booth+adder=kogge-stone,0,17808,158592.10,-0.937,-10.573,5033.07,26.0,ok,,,,
zxip,soc_ip,zxip_top,area_max@booth+adder=kogge-stone,0,17937,158390.66,-0.878,-10.135,5327.47,17.6,ok,,,,
zxip,soc_ip,zxip_top,delay_aggressive@booth+adder=kogge-stone,0,17956,156802.89,-0.903,-9.780,5551.29,22.6,ok,,,,
ms_psram_ahb,soc_ip,ms_psram_ahb,orfs_area,0,3090,28030.63,-0.798,-2.424,3578.21,1.0,ok,,,,
ms_psram_ahb,soc_ip,ms_psram_ahb,delay_choice_deep_v3,0,2998,28192.04,-0.817,-2.450,3556.19,1.1,ok,,,,
ms_psram_ahb,soc_ip,ms_psram_ahb,delay_syn2,0,2926,26638.05,-1.518,-7.501,4545.51,1.2,ok,,,,
ms_psram_ahb,soc_ip,ms_psram_ahb,yosys_default,0,2882,26013.70,-0.697,-2.090,5168.93,1.2,ok,,,,
ms_psram_ahb,soc_ip,ms_psram_ahb,delay_map,0,3470,26975.87,-1.679,-5.036,3298.57,1.2,ok,,,,
ms_psram_ahb,soc_ip,ms_psram_ahb,delay_map_resyn,0,3132,25215.43,-0.633,-1.899,3601.03,1.3,ok,,,,
ms_psram_ahb,soc_ip,ms_psram_ahb,orfs_speed,0,2917,26905.80,-1.134,-4.884,4029.61,1.2,ok,,,,
ms_psram_ahb,soc_ip,ms_psram_ahb,delay_choice_deep_v4,0,2811,26265.19,-0.652,-2.067,4862.23,1.3,ok,,,,
ms_psram_ahb,soc_ip,ms_psram_ahb,balanced_resyn,0,2737,25557.01,-0.572,-1.754,4025.08,1.3,ok,,,,
ms_psram_ahb,soc_ip,ms_psram_ahb,delay_choice_deep,0,2917,26940.84,-1.134,-4.884,3978.04,1.3,ok,,,,
ms_psram_ahb,soc_ip,ms_psram_ahb,delay_choice_deep_bb,0,2796,25928.62,-0.754,-2.827,6971.49,1.4,ok,,,,
ms_psram_ahb,soc_ip,ms_psram_ahb,area_classic,0,2717,25146.62,-0.192,-0.576,4829.22,1.5,ok,,,,
ms_psram_ahb,soc_ip,ms_psram_ahb,area_lut6,0,2606,25069.04,-0.912,-3.332,7359.92,2.1,ok,,,,
ms_psram_ahb,soc_ip,ms_psram_ahb,balanced_resyn2x,1,2685,25149.12,0.117,0.000,4685.35,2.2,ok,,0.100,0.000,25149.12
ms_psram_ahb,soc_ip,ms_psram_ahb,delay_triple,0,2853,26332.76,-0.637,-1.940,3760.94,3.0,ok,,,,
ms_psram_ahb,soc_ip,ms_psram_ahb,area_max,0,2674,24986.46,-0.397,-1.191,6084.75,3.0,ok,,,,
ms_psram_ahb,soc_ip,ms_psram_ahb,delay_syn2@adder=kogge-stone,0,2922,26939.59,-1.383,-5.820,3928.24,1.8,ok,,,,
ms_psram_ahb,soc_ip,ms_psram_ahb,delay_choice_deep_v3@adder=kogge-stone,0,3074,28527.36,-1.423,-4.375,3540.21,2.1,ok,,,,
ms_psram_ahb,soc_ip,ms_psram_ahb,delay_map@adder=kogge-stone,0,3545,27294.93,-1.334,-4.002,3138.49,2.4,ok,,,,
ms_psram_ahb,soc_ip,ms_psram_ahb,delay_map_resyn@adder=kogge-stone,0,3168,25115.34,-0.862,-2.587,3596.40,2.4,ok,,,,
ms_psram_ahb,soc_ip,ms_psram_ahb,balanced_resyn@adder=kogge-stone,0,2783,25605.81,-0.746,-2.601,3963.58,2.4,ok,,,,
ms_psram_ahb,soc_ip,ms_psram_ahb,delay_iter_heavy,0,2815,26133.81,-1.296,-5.959,3687.56,3.7,ok,,,,
ms_psram_ahb,soc_ip,ms_psram_ahb,delay_choice_deep_v4@adder=kogge-stone,0,2830,26850.75,-0.213,-0.640,3984.64,2.3,ok,,,,
ms_psram_ahb,soc_ip,ms_psram_ahb,delay_choice_deep_bb@adder=kogge-stone,0,2851,27177.32,-0.118,-0.355,3387.93,2.5,ok,,,,
ms_psram_ahb,soc_ip,ms_psram_ahb,delay_choice_deep@adder=kogge-stone,0,2915,27317.45,-0.683,-2.050,3603.86,2.7,ok,,,,
ms_psram_ahb,soc_ip,ms_psram_ahb,delay_aggressive,0,2634,25065.29,-0.180,-0.541,5196.04,4.0,ok,,,,
ms_psram_ahb,soc_ip,ms_psram_ahb,orfs_area@adder=kogge-stone,0,3129,28317.16,-0.835,-2.505,3484.17,1.8,ok,,,,
ms_psram_ahb,soc_ip,ms_psram_ahb,area_classic@adder=kogge-stone,0,2717,25234.20,-0.420,-1.361,6395.85,2.3,ok,,,,
ms_psram_ahb,soc_ip,ms_psram_ahb,balanced_resyn2x@adder=kogge-stone,0,2686,25324.29,-0.672,-2.418,4517.81,3.5,ok,,,,
ms_psram_ahb,soc_ip,ms_psram_ahb,delay_triple@adder=kogge-stone,0,2840,26527.94,-0.386,-1.157,3596.70,3.7,ok,,,,
ms_psram_ahb,soc_ip,ms_psram_ahb,orfs_speed@adder=kogge-stone,0,2915,27269.90,-0.683,-2.050,3668.10,2.2,ok,,,,
ms_psram_ahb,soc_ip,ms_psram_ahb,yosys_default@adder=kogge-stone,0,2906,26182.61,-0.597,-1.853,5088.80,2.2,ok,,,,
ms_psram_ahb,soc_ip,ms_psram_ahb,delay_map@adder=han-carlson,0,3518,27228.61,-1.376,-4.127,3200.36,2.2,ok,,,,
ms_psram_ahb,soc_ip,ms_psram_ahb,delay_map_resyn@adder=han-carlson,0,3140,25269.24,-0.657,-1.971,3599.04,2.2,ok,,,,
ms_psram_ahb,soc_ip,ms_psram_ahb,delay_iter_heavy@adder=kogge-stone,0,2806,26636.80,-0.386,-1.157,3563.16,4.5,ok,,,,
ms_psram_ahb,soc_ip,ms_psram_ahb,delay_choice_deep_v3@adder=han-carlson,0,3073,28225.82,-1.308,-3.924,3639.99,2.2,ok,,,,
ms_psram_ahb,soc_ip,ms_psram_ahb,area_lut6@adder=kogge-stone,0,2756,25749.70,-0.868,-4.034,7058.87,2.9,ok,,,,
ms_psram_ahb,soc_ip,ms_psram_ahb,delay_choice_deep@adder=han-carlson,0,2904,27426.30,-0.825,-2.476,3269.46,2.1,ok,,,,
ms_psram_ahb,soc_ip,ms_psram_ahb,balanced_resyn@adder=han-carlson,0,2732,25384.35,-0.589,-1.821,3987.97,2.2,ok,,,,
ms_psram_ahb,soc_ip,ms_psram_ahb,delay_syn2@adder=han-carlson,0,2892,27104.75,-1.314,-5.347,3832.78,2.1,ok,,,,
ms_psram_ahb,soc_ip,ms_psram_ahb,delay_aggressive@adder=kogge-stone,0,2649,25084.06,-0.179,-0.536,5633.88,5.2,ok,,,,
ms_psram_ahb,soc_ip,ms_psram_ahb,delay_choice_deep_bb@adder=han-carlson,0,2763,26150.08,-0.834,-2.503,4803.78,2.3,ok,,,,
ms_psram_ahb,soc_ip,ms_psram_ahb,area_max@adder=kogge-stone,0,2700,25044.02,-1.668,-10.776,7878.59,3.7,ok,,,,
ms_psram_ahb,soc_ip,ms_psram_ahb,balanced_resyn2x@adder=han-carlson,0,2658,25267.98,-0.415,-1.244,4393.98,2.9,ok,,,,
ms_psram_ahb,soc_ip,ms_psram_ahb,delay_choice_deep_v4@adder=han-carlson,0,2874,27282.42,-0.591,-1.823,3704.08,2.2,ok,,,,
ms_psram_ahb,soc_ip,ms_psram_ahb,delay_triple@adder=han-carlson,0,2808,26158.84,-0.352,-1.056,3606.05,3.7,ok,,,,
ms_psram_ahb,soc_ip,ms_psram_ahb,orfs_area@adder=han-carlson,0,3039,28273.37,-0.703,-2.268,4093.60,2.0,ok,,,,
ms_psram_ahb,soc_ip,ms_psram_ahb,yosys_default@adder=han-carlson,0,2896,26181.36,-0.764,-2.292,5025.49,1.8,ok,,,,
ms_psram_ahb,soc_ip,ms_psram_ahb,area_classic@adder=han-carlson,0,2710,25211.68,-0.371,-1.262,6214.07,2.4,ok,,,,
ms_psram_ahb,soc_ip,ms_psram_ahb,orfs_speed@adder=han-carlson,0,2904,27341.22,-0.825,-2.476,3330.70,2.3,ok,,,,
ms_psram_ahb,soc_ip,ms_psram_ahb,delay_map@adder=sklansky,0,3540,26862.01,-1.672,-5.016,3312.75,2.1,ok,,,,
ms_psram_ahb,soc_ip,ms_psram_ahb,delay_map_resyn@adder=sklansky,0,3084,24707.45,-0.633,-1.899,3646.49,2.2,ok,,,,
ms_psram_ahb,soc_ip,ms_psram_ahb,delay_iter_heavy@adder=han-carlson,0,2793,26286.46,-0.691,-2.072,3244.86,4.4,ok,,,,
ms_psram_ahb,soc_ip,ms_psram_ahb,delay_choice_deep_v3@adder=sklansky,0,3000,28029.38,-1.342,-4.349,3952.49,2.2,ok,,,,
ms_psram_ahb,soc_ip,ms_psram_ahb,area_lut6@adder=han-carlson,0,2628,25224.19,-4.162,-31.772,10448.15,2.7,ok,,,,
ms_psram_ahb,soc_ip,ms_psram_ahb,balanced_resyn@adder=sklansky,0,2735,25381.84,-0.025,-0.076,4319.27,2.1,ok,,,,
ms_psram_ahb,soc_ip,ms_psram_ahb,delay_choice_deep@adder=sklansky,0,2886,26899.55,-1.236,-3.711,4173.10,2.2,ok,,,,
ms_psram_ahb,soc_ip,ms_psram_ahb,area_max@adder=han-carlson,0,2654,25132.85,-6.081,-67.716,12138.84,3.5,ok,,,,
ms_psram_ahb,soc_ip,ms_psram_ahb,delay_syn2@adder=sklansky,0,2909,26618.03,-1.551,-7.958,4700.05,2.2,ok,,,,
ms_psram_ahb,soc_ip,ms_psram_ahb,delay_triple@adder=sklansky,0,2767,26152.58,-0.224,-0.672,3924.47,3.5,ok,,,,
ms_psram_ahb,soc_ip,ms_psram_ahb,delay_choice_deep_bb@adder=sklansky,0,2788,25951.14,-0.726,-2.179,6009.24,2.2,ok,,,,
ms_psram_ahb,soc_ip,ms_psram_ahb,delay_choice_deep_v4@adder=sklansky,0,2805,26306.48,-0.588,-1.764,4654.34,2.2,ok,,,,
ms_psram_ahb,soc_ip,ms_psram_ahb,balanced_resyn2x@adder=sklansky,0,2672,25226.69,-0.347,-1.042,4569.62,3.0,ok,,,,
ms_psram_ahb,soc_ip,ms_psram_ahb,orfs_area@adder=sklansky,0,3068,27979.33,-0.985,-3.159,3674.12,2.0,ok,,,,
ms_psram_ahb,soc_ip,ms_psram_ahb,delay_aggressive@adder=han-carlson,0,2719,24991.47,-0.608,-1.823,5113.78,5.3,ok,,,,
ms_psram_ahb,soc_ip,ms_psram_ahb,area_classic@adder=sklansky,0,2697,25057.78,-0.191,-0.571,5276.36,2.4,ok,,,,
ms_psram_ahb,soc_ip,ms_psram_ahb,yosys_default@adder=sklansky,0,2835,25765.96,-0.877,-3.038,6310.44,2.0,ok,,,,
ms_psram_ahb,soc_ip,ms_psram_ahb,orfs_speed@adder=sklansky,0,2886,26879.53,-1.236,-3.711,4196.47,2.0,ok,,,,
ms_psram_ahb,soc_ip,ms_psram_ahb,delay_map@booth,0,3470,26975.87,-1.679,-5.036,3298.57,2.2,ok,,,,
ms_psram_ahb,soc_ip,ms_psram_ahb,delay_choice_deep_v3@booth,0,2998,28192.04,-0.817,-2.450,3556.19,2.0,ok,,,,
ms_psram_ahb,soc_ip,ms_psram_ahb,delay_map_resyn@booth,0,3132,25215.43,-0.633,-1.899,3601.03,2.4,ok,,,,
ms_psram_ahb,soc_ip,ms_psram_ahb,area_lut6@adder=sklansky,0,2606,24987.72,-4.593,-43.295,11102.04,3.1,ok,,,,
ms_psram_ahb,soc_ip,ms_psram_ahb,delay_iter_heavy@adder=sklansky,0,2786,26063.75,-0.346,-1.157,3772.30,5.1,ok,,,,
ms_psram_ahb,soc_ip,ms_psram_ahb,balanced_resyn@booth,0,2737,25557.01,-0.572,-1.754,4025.08,2.0,ok,,,,
ms_psram_ahb,soc_ip,ms_psram_ahb,area_max@adder=sklansky,0,2652,24888.87,-2.468,-14.437,8676.26,3.5,ok,,,,
ms_psram_ahb,soc_ip,ms_psram_ahb,delay_syn2@booth,0,2926,26638.05,-1.518,-7.501,4545.51,2.0,ok,,,,
ms_psram_ahb,soc_ip,ms_psram_ahb,delay_choice_deep_bb@booth,0,2796,25928.62,-0.754,-2.827,6971.49,2.2,ok,,,,
ms_psram_ahb,soc_ip,ms_psram_ahb,orfs_area@booth,0,3090,28030.63,-0.798,-2.424,3578.21,1.9,ok,,,,
ms_psram_ahb,soc_ip,ms_psram_ahb,delay_choice_deep@booth,0,2917,26940.84,-1.134,-4.884,3978.04,2.5,ok,,,,
ms_psram_ahb,soc_ip,ms_psram_ahb,delay_choice_deep_v4@booth,0,2811,26265.19,-0.652,-2.067,4862.23,2.0,ok,,,,
ms_psram_ahb,soc_ip,ms_psram_ahb,delay_triple@booth,0,2853,26332.76,-0.637,-1.940,3760.94,3.4,ok,,,,
ms_psram_ahb,soc_ip,ms_psram_ahb,area_classic@booth,0,2717,25146.62,-0.192,-0.576,4829.22,2.4,ok,,,,
ms_psram_ahb,soc_ip,ms_psram_ahb,delay_aggressive@adder=sklansky,0,2618,25060.28,-0.230,-0.689,4690.38,5.2,ok,,,,
ms_psram_ahb,soc_ip,ms_psram_ahb,area_lut6@booth,0,2606,25069.04,-0.912,-3.332,7359.92,2.4,ok,,,,
ms_psram_ahb,soc_ip,ms_psram_ahb,yosys_default@booth,0,2882,26013.70,-0.697,-2.090,5168.93,1.8,ok,,,,
ms_psram_ahb,soc_ip,ms_psram_ahb,balanced_resyn2x@booth,0,2685,25149.12,0.117,0.000,4685.35,3.2,ok,,,,
ms_psram_ahb,soc_ip,ms_psram_ahb,orfs_speed@booth,0,2917,26905.80,-1.134,-4.884,4029.61,1.9,ok,,,,
ms_psram_ahb,soc_ip,ms_psram_ahb,delay_map@booth+adder=kogge-stone,0,3545,27294.93,-1.334,-4.002,3138.49,2.2,ok,,,,
ms_psram_ahb,soc_ip,ms_psram_ahb,delay_iter_heavy@booth,0,2815,26133.81,-1.296,-5.959,3687.56,4.5,ok,,,,
ms_psram_ahb,soc_ip,ms_psram_ahb,delay_choice_deep_v3@booth+adder=kogge-stone,0,3074,28527.36,-1.423,-4.375,3540.21,2.1,ok,,,,
ms_psram_ahb,soc_ip,ms_psram_ahb,delay_map_resyn@booth+adder=kogge-stone,0,3168,25115.34,-0.862,-2.587,3596.40,2.3,ok,,,,
ms_psram_ahb,soc_ip,ms_psram_ahb,balanced_resyn@booth+adder=kogge-stone,0,2783,25605.81,-0.746,-2.601,3963.58,2.0,ok,,,,
ms_psram_ahb,soc_ip,ms_psram_ahb,delay_syn2@booth+adder=kogge-stone,0,2922,26939.59,-1.383,-5.820,3928.24,1.8,ok,,,,
ms_psram_ahb,soc_ip,ms_psram_ahb,area_max@booth,0,2674,24986.46,-0.397,-1.191,6084.75,3.5,ok,,,,
ms_psram_ahb,soc_ip,ms_psram_ahb,delay_choice_deep@booth+adder=kogge-stone,0,2915,27317.45,-0.683,-2.050,3603.86,2.2,ok,,,,
ms_psram_ahb,soc_ip,ms_psram_ahb,delay_choice_deep_bb@booth+adder=kogge-stone,0,2851,27177.32,-0.118,-0.355,3387.93,1.9,ok,,,,
ms_psram_ahb,soc_ip,ms_psram_ahb,delay_choice_deep_v4@booth+adder=kogge-stone,0,2830,26850.75,-0.213,-0.640,3984.64,1.7,ok,,,,
ms_psram_ahb,soc_ip,ms_psram_ahb,orfs_area@booth+adder=kogge-stone,0,3129,28317.16,-0.835,-2.505,3484.17,1.6,ok,,,,
ms_psram_ahb,soc_ip,ms_psram_ahb,delay_aggressive@booth,0,2634,25065.29,-0.180,-0.541,5196.04,4.7,ok,,,,
ms_psram_ahb,soc_ip,ms_psram_ahb,area_classic@booth+adder=kogge-stone,0,2717,25234.20,-0.420,-1.361,6395.85,2.1,ok,,,,
ms_psram_ahb,soc_ip,ms_psram_ahb,balanced_resyn2x@booth+adder=kogge-stone,0,2686,25324.29,-0.672,-2.418,4517.81,3.0,ok,,,,
ms_psram_ahb,soc_ip,ms_psram_ahb,area_lut6@booth+adder=kogge-stone,0,2756,25749.70,-0.868,-4.034,7058.87,2.2,ok,,,,
ms_psram_ahb,soc_ip,ms_psram_ahb,delay_triple@booth+adder=kogge-stone,0,2840,26527.94,-0.386,-1.157,3596.70,3.3,ok,,,,
ms_psram_ahb,soc_ip,ms_psram_ahb,orfs_speed@booth+adder=kogge-stone,0,2915,27269.90,-0.683,-2.050,3668.10,1.5,ok,,,,
ms_psram_ahb,soc_ip,ms_psram_ahb,yosys_default@booth+adder=kogge-stone,0,2906,26182.61,-0.597,-1.853,5088.80,1.5,ok,,,,
ms_psram_ahb,soc_ip,ms_psram_ahb,delay_iter_heavy@booth+adder=kogge-stone,0,2806,26636.80,-0.386,-1.157,3563.16,3.7,ok,,,,
ms_psram_ahb,soc_ip,ms_psram_ahb,area_max@booth+adder=kogge-stone,0,2700,25044.02,-1.668,-10.776,7878.59,2.4,ok,,,,
ms_psram_ahb,soc_ip,ms_psram_ahb,delay_aggressive@booth+adder=kogge-stone,0,2649,25084.06,-0.179,-0.536,5633.88,3.6,ok,,,,
uart_apb_sys,soc_ip,uart_apb_sys,delay_map,0,2100,17550.58,4.119,0.000,2470.27,1.0,ok,,,,
uart_apb_sys,soc_ip,uart_apb_sys,yosys_default,0,1801,15703.81,-1.130,-2.732,9965.85,1.2,ok,,,,
uart_apb_sys,soc_ip,uart_apb_sys,delay_choice_deep_bb,0,1879,15952.80,1.739,0.000,7106.37,1.2,ok,,,,
uart_apb_sys,soc_ip,uart_apb_sys,delay_syn2,0,1898,16240.58,3.457,0.000,4049.34,1.2,ok,,,,
uart_apb_sys,soc_ip,uart_apb_sys,balanced_resyn,0,1920,16273.11,3.540,0.000,3250.69,1.3,ok,,,,
uart_apb_sys,soc_ip,uart_apb_sys,delay_choice_deep_v4,0,1898,16016.61,3.087,0.000,5590.50,1.4,ok,,,,
uart_apb_sys,soc_ip,uart_apb_sys,delay_choice_deep,0,1828,17138.94,3.968,0.000,2959.09,1.5,ok,,,,
uart_apb_sys,soc_ip,uart_apb_sys,area_classic,0,1802,15712.57,-0.431,-0.550,9109.56,1.5,ok,,,,
uart_apb_sys,soc_ip,uart_apb_sys,delay_choice_deep_v3,0,1896,17285.33,3.866,0.000,2800.08,1.5,ok,,,,
uart_apb_sys,soc_ip,uart_apb_sys,delay_map_resyn,0,1988,16583.40,4.119,0.000,2671.57,1.7,ok,,,,
uart_apb_sys,soc_ip,uart_apb_sys,orfs_area,0,1961,17575.61,3.995,0.000,3042.44,1.7,ok,,,,
uart_apb_sys,soc_ip,uart_apb_sys,area_lut6,0,1792,15619.98,-1.130,-2.805,9982.24,1.9,ok,,,,
uart_apb_sys,soc_ip,uart_apb_sys,orfs_speed,0,1828,16713.53,3.968,0.000,2990.58,1.9,ok,,,,
uart_apb_sys,soc_ip,uart_apb_sys,balanced_resyn2x,0,1883,16041.64,3.542,0.000,3274.81,1.9,ok,,,,
uart_apb_sys,soc_ip,uart_apb_sys,area_max,0,1777,15594.96,-0.682,-1.705,9746.67,2.4,ok,,,,
uart_apb_sys,soc_ip,uart_apb_sys,delay_triple,0,1827,16489.56,3.968,0.000,2922.54,2.8,ok,,,,
uart_apb_sys,soc_ip,uart_apb_sys,delay_map_resyn@adder=kogge-stone,0,1996,17241.54,4.120,0.000,2541.62,1.8,ok,,,,
uart_apb_sys,soc_ip,uart_apb_sys,delay_map@adder=kogge-stone,0,2261,17616.90,4.119,0.000,2564.89,2.0,ok,,,,
uart_apb_sys,soc_ip,uart_apb_sys,delay_aggressive,1,1779,15606.22,0.105,0.000,8698.04,3.3,ok,,0.090,0.000,15606.22
uart_apb_sys,soc_ip,uart_apb_sys,balanced_resyn@adder=kogge-stone,0,1919,16447.02,3.624,0.000,3227.79,2.0,ok,,,,
uart_apb_sys,soc_ip,uart_apb_sys,delay_choice_deep_v3@adder=kogge-stone,0,1932,17188.99,3.697,0.000,2951.72,2.2,ok,,,,
uart_apb_sys,soc_ip,uart_apb_sys,delay_choice_deep_bb@adder=kogge-stone,0,1920,16647.22,3.903,0.000,2967.47,1.8,ok,,,,
uart_apb_sys,soc_ip,uart_apb_sys,delay_iter_heavy,0,1828,16917.48,3.971,0.000,2807.50,3.5,ok,,,,
uart_apb_sys,soc_ip,uart_apb_sys,delay_syn2@adder=kogge-stone,0,1910,16358.19,3.453,0.000,3722.72,2.1,ok,,,,
uart_apb_sys,soc_ip,uart_apb_sys,orfs_area@adder=kogge-stone,0,1938,18129.89,3.998,0.000,2800.98,1.9,ok,,,,
uart_apb_sys,soc_ip,uart_apb_sys,delay_choice_deep_v4@adder=kogge-stone,0,1931,16552.12,3.851,0.000,3036.52,2.1,ok,,,,
uart_apb_sys,soc_ip,uart_apb_sys,delay_choice_deep@adder=kogge-stone,0,1897,16970.03,3.719,0.000,3489.79,2.6,ok,,,,
uart_apb_sys,soc_ip,uart_apb_sys,area_classic@adder=kogge-stone,0,1795,15676.28,-0.010,-0.010,8720.35,2.1,ok,,,,
uart_apb_sys,soc_ip,uart_apb_sys,yosys_default@adder=kogge-stone,0,1807,15697.56,-1.034,-2.469,9609.36,1.4,ok,,,,
uart_apb_sys,soc_ip,uart_apb_sys,balanced_resyn2x@adder=kogge-stone,0,1913,16189.28,3.538,0.000,3309.40,3.1,ok,,,,
uart_apb_sys,soc_ip,uart_apb_sys,orfs_speed@adder=kogge-stone,0,1897,16971.28,3.719,0.000,3489.79,1.7,ok,,,,
uart_apb_sys,soc_ip,uart_apb_sys,delay_triple@adder=kogge-stone,0,1884,17306.60,3.969,0.000,2911.79,3.5,ok,,,,
uart_apb_sys,soc_ip,uart_apb_sys,area_lut6@adder=kogge-stone,0,1802,15648.76,-0.889,-1.456,9569.94,2.3,ok,,,,
uart_apb_sys,soc_ip,uart_apb_sys,delay_map@adder=han-carlson,0,2252,17933.45,4.119,0.000,2486.02,1.6,ok,,,,
uart_apb_sys,soc_ip,uart_apb_sys,delay_map_resyn@adder=han-carlson,0,1991,17385.42,4.120,0.000,2514.93,1.7,ok,,,,
uart_apb_sys,soc_ip,uart_apb_sys,delay_aggressive@adder=kogge-stone,0,1775,15619.98,0.006,0.000,8683.72,3.7,ok,,,,
uart_apb_sys,soc_ip,uart_apb_sys,balanced_resyn@adder=han-carlson,0,1958,16488.31,3.701,0.000,3069.26,1.8,ok,,,,
uart_apb_sys,soc_ip,uart_apb_sys,delay_syn2@adder=han-carlson,0,1903,16528.35,3.666,0.000,3331.15,1.7,ok,,,,
uart_apb_sys,soc_ip,uart_apb_sys,area_max@adder=kogge-stone,0,1776,15582.44,-0.901,-1.708,9563.08,3.0,ok,,,,
uart_apb_sys,soc_ip,uart_apb_sys,delay_choice_deep_v3@adder=han-carlson,0,1921,17153.95,3.697,0.000,3008.16,2.4,ok,,,,
uart_apb_sys,soc_ip,uart_apb_sys,delay_iter_heavy@adder=kogge-stone,0,1891,16858.67,3.731,0.000,3211.51,4.6,ok,,,,
uart_apb_sys,soc_ip,uart_apb_sys,delay_choice_deep_bb@adder=han-carlson,0,1907,16226.81,3.903,0.000,3552.36,2.0,ok,,,,
uart_apb_sys,soc_ip,uart_apb_sys,delay_choice_deep@adder=han-carlson,0,1860,16537.11,3.719,0.000,3421.92,2.5,ok,,,,
uart_apb_sys,soc_ip,uart_apb_sys,delay_choice_deep_v4@adder=han-carlson,0,1922,16360.69,3.837,0.000,3364.78,1.8,ok,,,,
uart_apb_sys,soc_ip,uart_apb_sys,area_classic@adder=han-carlson,0,1808,15747.60,0.607,0.000,8053.71,1.9,ok,,,,
uart_apb_sys,soc_ip,uart_apb_sys,orfs_area@adder=han-carlson,0,1989,17790.81,3.665,0.000,2999.88,1.9,ok,,,,
uart_apb_sys,soc_ip,uart_apb_sys,balanced_resyn2x@adder=han-carlson,0,1897,16089.18,3.537,0.000,3344.69,2.6,ok,,,,
uart_apb_sys,soc_ip,uart_apb_sys,area_lut6@adder=han-carlson,0,1805,15693.80,-0.752,-1.231,9451.03,2.1,ok,,,,
uart_apb_sys,soc_ip,uart_apb_sys,delay_map@adder=sklansky,0,2244,17538.07,4.119,0.000,2564.55,1.5,ok,,,,
uart_apb_sys,soc_ip,uart_apb_sys,yosys_default@adder=han-carlson,0,1796,15688.80,-1.415,-4.020,10019.48,1.5,ok,,,,
uart_apb_sys,soc_ip,uart_apb_sys,orfs_speed@adder=han-carlson,0,1860,16537.11,3.719,0.000,3421.92,1.9,ok,,,,
uart_apb_sys,soc_ip,uart_apb_sys,delay_triple@adder=han-carlson,0,1846,16692.26,3.785,0.000,2986.27,3.6,ok,,,,
uart_apb_sys,soc_ip,uart_apb_sys,delay_iter_heavy@adder=han-carlson,0,1858,17110.16,3.786,0.000,3054.11,4.1,ok,,,,
uart_apb_sys,soc_ip,uart_apb_sys,delay_map_resyn@adder=sklansky,0,1994,17015.07,4.120,0.000,2656.35,1.9,ok,,,,
uart_apb_sys,soc_ip,uart_apb_sys,delay_syn2@adder=sklansky,0,1907,16298.13,3.454,0.000,4326.17,1.2,ok,,,,
uart_apb_sys,soc_ip,uart_apb_sys,area_max@adder=han-carlson,0,1782,15637.50,-0.629,-1.085,9401.90,3.0,ok,,,,
uart_apb_sys,soc_ip,uart_apb_sys,delay_choice_deep_v3@adder=sklansky,0,1910,17073.88,3.640,0.000,2944.01,2.1,ok,,,,
uart_apb_sys,soc_ip,uart_apb_sys,balanced_resyn@adder=sklansky,0,1946,15956.55,3.539,0.000,3942.93,1.9,ok,,,,
uart_apb_sys,soc_ip,uart_apb_sys,delay_aggressive@adder=han-carlson,0,1776,15632.49,0.239,0.000,8427.92,3.8,ok,,,,
uart_apb_sys,soc_ip,uart_apb_sys,delay_choice_deep_bb@adder=sklansky,0,1891,15995.34,2.679,0.000,6144.11,1.8,ok,,,,
uart_apb_sys,soc_ip,uart_apb_sys,delay_choice_deep_v4@adder=sklansky,0,1909,16094.19,3.759,0.000,5068.57,1.6,ok,,,,
uart_apb_sys,soc_ip,uart_apb_sys,delay_choice_deep@adder=sklansky,0,1865,17138.94,3.724,0.000,3023.28,2.2,ok,,,,
uart_apb_sys,soc_ip,uart_apb_sys,orfs_area@adder=sklansky,0,1992,17596.88,3.685,0.000,3032.83,1.8,ok,,,,
uart_apb_sys,soc_ip,uart_apb_sys,delay_triple@adder=sklansky,0,1858,16634.70,3.732,0.000,2982.35,3.1,ok,,,,
uart_apb_sys,soc_ip,uart_apb_sys,area_classic@adder=sklansky,0,1801,15713.82,0.869,0.000,7733.21,2.0,ok,,,,
uart_apb_sys,soc_ip,uart_apb_sys,balanced_resyn2x@adder=sklansky,0,1892,16183.02,3.623,0.000,3233.67,2.6,ok,,,,
uart_apb_sys,soc_ip,uart_apb_sys,yosys_default@adder=sklansky,0,1791,15602.46,-1.121,-2.682,9914.29,1.4,ok,,,,
uart_apb_sys,soc_ip,uart_apb_sys,delay_map@booth,0,2100,17550.58,4.119,0.000,2470.27,1.3,ok,,,,
uart_apb_sys,soc_ip,uart_apb_sys,area_lut6@adder=sklansky,0,1804,15702.56,-0.917,-1.540,9618.23,2.2,ok,,,,
uart_apb_sys,soc_ip,uart_apb_sys,orfs_speed@adder=sklansky,0,1865,16843.65,3.724,0.000,3041.81,1.9,ok,,,,
uart_apb_sys,soc_ip,uart_apb_sys,delay_choice_deep_v3@booth,0,1896,17285.33,3.866,0.000,2800.08,1.5,ok,,,,
uart_apb_sys,soc_ip,uart_apb_sys,delay_map_resyn@booth,0,1988,16583.40,4.119,0.000,2671.57,1.7,ok,,,,
uart_apb_sys,soc_ip,uart_apb_sys,area_max@adder=sklansky,0,1782,15603.72,-0.064,-0.105,8879.09,2.8,ok,,,,
uart_apb_sys,soc_ip,uart_apb_sys,balanced_resyn@booth,0,1920,16273.11,3.540,0.000,3250.69,1.8,ok,,,,
uart_apb_sys,soc_ip,uart_apb_sys,delay_syn2@booth,0,1898,16240.58,3.457,0.000,4049.34,1.5,ok,,,,
uart_apb_sys,soc_ip,uart_apb_sys,delay_iter_heavy@adder=sklansky,0,1856,17075.13,3.968,0.000,3004.06,4.4,ok,,,,
uart_apb_sys,soc_ip,uart_apb_sys,delay_choice_deep_bb@booth,0,1879,15952.80,1.739,0.000,7106.37,1.5,ok,,,,
uart_apb_sys,soc_ip,uart_apb_sys,delay_choice_deep@booth,0,1828,17138.94,3.968,0.000,2959.09,2.1,ok,,,,
uart_apb_sys,soc_ip,uart_apb_sys,delay_choice_deep_v4@booth,0,1898,16016.61,3.087,0.000,5590.50,1.6,ok,,,,
uart_apb_sys,soc_ip,uart_apb_sys,orfs_area@booth,0,1961,17575.61,3.995,0.000,3042.44,1.6,ok,,,,
uart_apb_sys,soc_ip,uart_apb_sys,balanced_resyn2x@booth,0,1883,16041.64,3.542,0.000,3274.81,2.3,ok,,,,
uart_apb_sys,soc_ip,uart_apb_sys,delay_aggressive@adder=sklansky,0,1786,15621.23,1.297,0.000,7527.59,4.5,ok,,,,
uart_apb_sys,soc_ip,uart_apb_sys,delay_triple@booth,0,1827,16489.56,3.968,0.000,2922.54,3.1,ok,,,,
uart_apb_sys,soc_ip,uart_apb_sys,area_lut6@booth,0,1792,15619.98,-1.130,-2.805,9982.24,1.8,ok,,,,
uart_apb_sys,soc_ip,uart_apb_sys,orfs_speed@booth,0,1828,16713.53,3.968,0.000,2990.58,1.6,ok,,,,
uart_apb_sys,soc_ip,uart_apb_sys,area_classic@booth,0,1802,15712.57,-0.431,-0.550,9109.56,2.2,ok,,,,
uart_apb_sys,soc_ip,uart_apb_sys,yosys_default@booth,0,1801,15703.81,-1.130,-2.732,9965.85,1.7,ok,,,,
uart_apb_sys,soc_ip,uart_apb_sys,delay_map@booth+adder=kogge-stone,0,2261,17616.90,4.119,0.000,2564.89,1.5,ok,,,,
uart_apb_sys,soc_ip,uart_apb_sys,delay_map_resyn@booth+adder=kogge-stone,0,1996,17241.54,4.120,0.000,2541.62,1.7,ok,,,,
uart_apb_sys,soc_ip,uart_apb_sys,delay_iter_heavy@booth,0,1828,16917.48,3.971,0.000,2807.50,3.7,ok,,,,
uart_apb_sys,soc_ip,uart_apb_sys,balanced_resyn@booth+adder=kogge-stone,0,1919,16447.02,3.624,0.000,3227.79,1.6,ok,,,,
uart_apb_sys,soc_ip,uart_apb_sys,delay_choice_deep_v3@booth+adder=kogge-stone,0,1932,17188.99,3.697,0.000,2951.72,2.0,ok,,,,
uart_apb_sys,soc_ip,uart_apb_sys,area_max@booth,0,1777,15594.96,-0.682,-1.705,9746.67,2.9,ok,,,,
uart_apb_sys,soc_ip,uart_apb_sys,delay_aggressive@booth,0,1779,15606.22,0.105,0.000,8698.04,3.5,ok,,,,
uart_apb_sys,soc_ip,uart_apb_sys,delay_syn2@booth+adder=kogge-stone,0,1910,16358.19,3.453,0.000,3722.72,1.6,ok,,,,
uart_apb_sys,soc_ip,uart_apb_sys,delay_choice_deep_v4@booth+adder=kogge-stone,0,1931,16552.12,3.851,0.000,3036.52,1.6,ok,,,,
uart_apb_sys,soc_ip,uart_apb_sys,area_classic@booth+adder=kogge-stone,0,1795,15676.28,-0.010,-0.010,8720.35,1.6,ok,,,,
uart_apb_sys,soc_ip,uart_apb_sys,delay_choice_deep@booth+adder=kogge-stone,0,1897,16970.03,3.719,0.000,3489.79,2.0,ok,,,,
uart_apb_sys,soc_ip,uart_apb_sys,orfs_area@booth+adder=kogge-stone,0,1938,18129.89,3.998,0.000,2800.98,1.5,ok,,,,
uart_apb_sys,soc_ip,uart_apb_sys,delay_choice_deep_bb@booth+adder=kogge-stone,0,1920,16647.22,3.903,0.000,2967.47,1.7,ok,,,,
uart_apb_sys,soc_ip,uart_apb_sys,area_lut6@booth+adder=kogge-stone,0,1802,15648.76,-0.889,-1.456,9569.94,1.6,ok,,,,
uart_apb_sys,soc_ip,uart_apb_sys,yosys_default@booth+adder=kogge-stone,0,1807,15697.56,-1.034,-2.469,9609.36,1.2,ok,,,,
uart_apb_sys,soc_ip,uart_apb_sys,balanced_resyn2x@booth+adder=kogge-stone,0,1913,16189.28,3.538,0.000,3309.40,2.3,ok,,,,
uart_apb_sys,soc_ip,uart_apb_sys,orfs_speed@booth+adder=kogge-stone,0,1897,16971.28,3.719,0.000,3489.79,1.3,ok,,,,
uart_apb_sys,soc_ip,uart_apb_sys,area_max@booth+adder=kogge-stone,0,1776,15582.44,-0.901,-1.708,9563.08,2.0,ok,,,,
uart_apb_sys,soc_ip,uart_apb_sys,delay_triple@booth+adder=kogge-stone,0,1884,17306.60,3.969,0.000,2911.79,3.0,ok,,,,
uart_apb_sys,soc_ip,uart_apb_sys,delay_iter_heavy@booth+adder=kogge-stone,0,1891,16858.67,3.731,0.000,3211.51,3.3,ok,,,,
uart_apb_sys,soc_ip,uart_apb_sys,delay_aggressive@booth+adder=kogge-stone,0,1775,15619.98,0.006,0.000,8683.72,2.8,ok,,,,
