design,category,top,recipe,is_winner,cells,area_um2,wns_ns,tns_ns,abc_delay_ps,runtime_s,status,error,final_wns_slow,final_tns_slow,final_area_um2
alu32,datapath,alu32,delay_choice_deep_v3,0,2051,11124.42,-1.753,-8.024,8391.89,0.8,ok,,,,
alu32,datapath,alu32,delay_map,0,2453,11762.53,0.732,0.000,6194.01,0.9,ok,,,,
alu32,datapath,alu32,delay_syn2,0,2038,11644.92,-1.227,-2.173,7585.55,1.0,ok,,,,
alu32,datapath,alu32,delay_choice_deep_v2,0,2064,10897.95,-1.898,-9.617,8455.35,1.0,ok,,,,
alu32,datapath,alu32,delay_choice_deep_bb,0,2019,10954.26,-1.766,-11.889,8632.31,1.0,ok,,,,
alu32,datapath,alu32,delay_choice_deep_v4,0,2015,11113.16,-1.100,-1.986,7697.92,1.0,ok,,,,
alu32,datapath,alu32,delay_choice_deep,0,2064,10895.45,-1.872,-9.672,8565.83,1.0,ok,,,,
alu32,datapath,alu32,orfs_area,0,2139,12732.21,-0.485,-0.589,6812.25,1.0,ok,,,,
alu32,datapath,alu32,area_classic,0,2004,10765.32,-2.427,-26.962,9112.10,1.1,ok,,,,
alu32,datapath,alu32,delay_map_resyn,0,2257,10998.05,-1.314,-6.559,8022.05,1.1,ok,,,,
alu32,datapath,alu32,balanced_resyn,0,1977,10719.03,-2.508,-15.271,9155.43,1.1,ok,,,,
alu32,datapath,alu32,area_safe,0,2051,10795.35,-2.879,-33.004,9502.55,1.2,ok,,,,
alu32,datapath,alu32,area_lut6,0,2039,10936.74,-2.555,-25.585,9075.45,1.2,ok,,,,
alu32,datapath,alu32,delay_triple,0,2020,10870.43,-0.922,-2.070,7656.44,1.5,ok,,,,
alu32,datapath,alu32,yosys_default,0,2064,11001.80,-3.402,-29.322,9544.78,0.8,ok,,,,
alu32,datapath,alu32,orfs_speed,0,2064,10884.19,-1.947,-10.541,8501.65,0.8,ok,,,,
alu32,datapath,alu32,balanced_resyn2x,0,1985,10715.28,-2.429,-17.918,9099.93,1.7,ok,,,,
alu32,datapath,alu32,delay_choice_deep_v3@adder=kogge-stone,0,2150,11547.32,-0.563,-1.355,7370.09,0.9,ok,,,,
alu32,datapath,alu32,delay_iter_heavy,0,2001,10636.45,-1.628,-5.097,8260.44,1.9,ok,,,,
alu32,datapath,alu32,delay_map@adder=kogge-stone,1,2664,12759.74,1.070,0.000,5802.76,1.0,ok,,1.040,0.000,12759.74
alu32,datapath,alu32,area_max,0,1985,10830.39,-2.862,-28.902,9540.73,2.0,ok,,,,
alu32,datapath,alu32,delay_syn2@adder=kogge-stone,0,2249,12585.82,0.706,0.000,6006.23,0.9,ok,,,,
alu32,datapath,alu32,delay_choice_deep_bb@adder=kogge-stone,0,2126,11474.76,-0.549,-1.505,7392.62,0.9,ok,,,,
alu32,datapath,alu32,delay_choice_deep@adder=kogge-stone,0,2087,11150.69,-1.669,-13.131,8335.92,1.1,ok,,,,
alu32,datapath,alu32,delay_choice_deep_v2@adder=kogge-stone,0,2087,11150.69,-1.669,-13.131,8335.92,1.0,ok,,,,
alu32,datapath,alu32,delay_map_resyn@adder=kogge-stone,0,2418,11649.92,0.101,0.000,6773.13,1.2,ok,,,,
alu32,datapath,alu32,balanced_resyn@adder=kogge-stone,0,2041,11349.64,-1.380,-7.081,7926.08,1.2,ok,,,,
alu32,datapath,alu32,delay_aggressive,0,2001,10844.15,-2.724,-27.100,9314.20,2.4,ok,,,,
alu32,datapath,alu32,delay_choice_deep_v4@adder=kogge-stone,0,2184,11693.72,-0.331,-0.480,7246.32,0.9,ok,,,,
alu32,datapath,alu32,delay_triple@adder=kogge-stone,0,2070,11408.44,-0.868,-2.413,7405.08,1.7,ok,,,,
alu32,datapath,alu32,area_safe@adder=kogge-stone,0,2054,11239.53,-1.681,-12.856,8101.87,1.1,ok,,,,
alu32,datapath,alu32,balanced_resyn2x@adder=kogge-stone,0,2034,10779.09,-1.807,-12.368,8716.12,1.8,ok,,,,
alu32,datapath,alu32,orfs_area@adder=kogge-stone,0,2197,13160.12,-0.233,-0.233,6468.48,1.0,ok,,,,
alu32,datapath,alu32,yosys_default@adder=kogge-stone,0,2137,11287.08,-1.575,-16.667,8470.54,0.8,ok,,,,
alu32,datapath,alu32,orfs_speed@adder=kogge-stone,0,2087,11135.68,-1.675,-14.453,8348.71,1.0,ok,,,,
alu32,datapath,alu32,area_classic@adder=kogge-stone,0,2074,11188.23,-2.223,-21.871,8615.33,1.3,ok,,,,
alu32,datapath,alu32,delay_map@adder=han-carlson,0,2470,11613.64,0.433,0.000,6264.89,0.9,ok,,,,
alu32,datapath,alu32,delay_choice_deep_v3@adder=han-carlson,0,2087,11021.82,-1.420,-12.938,8348.14,0.9,ok,,,,
alu32,datapath,alu32,delay_iter_heavy@adder=kogge-stone,0,2052,11115.66,-0.770,-2.852,7452.83,2.1,ok,,,,
alu32,datapath,alu32,area_lut6@adder=kogge-stone,0,2080,11244.53,-1.383,-10.024,7888.87,1.3,ok,,,,
alu32,datapath,alu32,delay_map_resyn@adder=han-carlson,0,2415,11554.83,0.326,0.000,6506.90,1.1,ok,,,,
alu32,datapath,alu32,delay_choice_deep@adder=han-carlson,0,2034,10874.18,-1.282,-3.164,7708.82,0.9,ok,,,,
alu32,datapath,alu32,balanced_resyn@adder=han-carlson,0,2019,10777.84,-1.583,-8.062,8395.62,1.2,ok,,,,
alu32,datapath,alu32,delay_choice_deep_v2@adder=han-carlson,0,2034,10914.22,-0.893,-1.694,7674.31,1.0,ok,,,,
alu32,datapath,alu32,delay_syn2@adder=han-carlson,0,2123,11597.37,-0.181,-0.181,6646.72,0.9,ok,,,,
alu32,datapath,alu32,delay_triple@adder=han-carlson,0,1969,10696.51,-1.108,-8.570,8105.05,1.6,ok,,,,
alu32,datapath,alu32,delay_choice_deep_bb@adder=han-carlson,0,2043,11104.40,-0.901,-3.146,7847.47,1.0,ok,,,,
alu32,datapath,alu32,area_max@adder=kogge-stone,0,2045,10822.88,-2.401,-25.606,8969.12,2.0,ok,,,,
alu32,datapath,alu32,delay_aggressive@adder=kogge-stone,0,2064,10910.46,-2.984,-37.199,9567.97,2.5,ok,,,,
alu32,datapath,alu32,delay_choice_deep_v4@adder=han-carlson,0,2006,11164.46,-0.606,-1.279,7382.59,1.0,ok,,,,
alu32,datapath,alu32,area_safe@adder=han-carlson,0,2045,10955.51,-2.179,-25.240,8990.65,1.1,ok,,,,
alu32,datapath,alu32,delay_iter_heavy@adder=han-carlson,0,1969,10809.12,-0.944,-6.364,7975.55,1.9,ok,,,,
alu32,datapath,alu32,orfs_area@adder=han-carlson,0,2219,12938.66,-0.210,-0.210,6394.26,1.1,ok,,,,
alu32,datapath,alu32,orfs_speed@adder=han-carlson,0,2034,10851.66,-1.259,-3.202,7745.79,0.9,ok,,,,
alu32,datapath,alu32,area_classic@adder=han-carlson,0,2030,11153.20,-2.863,-30.780,9668.64,1.3,ok,,,,
alu32,datapath,alu32,yosys_default@adder=han-carlson,0,2071,11103.15,-1.729,-23.829,8422.22,0.8,ok,,,,
alu32,datapath,alu32,area_lut6@adder=han-carlson,0,2051,11010.56,-2.235,-26.859,9005.64,1.3,ok,,,,
alu32,datapath,alu32,balanced_resyn2x@adder=han-carlson,0,1995,10717.78,-1.957,-18.922,8621.04,1.9,ok,,,,
alu32,datapath,alu32,delay_map@adder=sklansky,0,2444,11648.67,0.600,0.000,6191.77,1.0,ok,,,,
alu32,datapath,alu32,delay_choice_deep_v3@adder=sklansky,0,2095,11030.58,-1.788,-14.325,8692.93,0.9,ok,,,,
alu32,datapath,alu32,delay_map_resyn@adder=sklansky,0,2283,10917.97,-1.335,-6.422,8014.43,1.2,ok,,,,
alu32,datapath,alu32,delay_syn2@adder=sklansky,0,2045,11539.82,-1.033,-6.240,7733.43,0.9,ok,,,,
alu32,datapath,alu32,delay_choice_deep@adder=sklansky,0,2045,10821.63,-1.702,-15.633,8686.55,1.0,ok,,,,
alu32,datapath,alu32,delay_choice_deep_bb@adder=sklansky,0,2018,10968.02,-0.869,-0.906,7583.41,0.9,ok,,,,
alu32,datapath,alu32,delay_choice_deep_v2@adder=sklansky,0,2045,10821.63,-1.702,-15.633,8686.55,1.0,ok,,,,
alu32,datapath,alu32,area_max@adder=han-carlson,0,1994,10829.14,-3.134,-34.517,9617.33,2.0,ok,,,,
alu32,datapath,alu32,balanced_resyn@adder=sklansky,0,1978,10770.33,-2.076,-16.535,8789.65,1.3,ok,,,,
alu32,datapath,alu32,delay_choice_deep_v4@adder=sklansky,0,2030,11041.84,-0.858,-1.177,7457.09,0.8,ok,,,,
alu32,datapath,alu32,area_classic@adder=sklansky,0,2053,10800.36,-2.635,-30.486,9404.15,1.1,ok,,,,
alu32,datapath,alu32,delay_triple@adder=sklansky,0,2038,10821.63,-0.755,-2.412,7534.32,1.7,ok,,,,
alu32,datapath,alu32,area_safe@adder=sklansky,0,2031,11051.85,-1.796,-15.161,8438.57,1.2,ok,,,,
alu32,datapath,alu32,orfs_area@adder=sklansky,0,2164,12607.09,0.112,0.000,6489.26,1.0,ok,,,,
alu32,datapath,alu32,delay_aggressive@adder=han-carlson,0,2016,10924.23,-2.749,-27.444,9349.34,2.7,ok,,,,
alu32,datapath,alu32,balanced_resyn2x@adder=sklansky,0,1939,10780.34,-3.076,-27.607,9637.83,1.8,ok,,,,
alu32,datapath,alu32,yosys_default@adder=sklansky,0,2053,10999.30,-2.499,-27.162,9020.77,0.8,ok,,,,
alu32,datapath,alu32,orfs_speed@adder=sklansky,0,2045,10900.45,-1.808,-15.178,8785.92,0.9,ok,,,,
alu32,datapath,alu32,area_lut6@adder=sklansky,0,2021,10941.74,-2.535,-24.494,9176.34,1.3,ok,,,,
alu32,datapath,alu32,delay_iter_heavy@adder=sklansky,0,2061,10961.76,-0.777,-2.675,7510.79,2.1,ok,,,,
alu32,datapath,alu32,delay_map@booth,0,2453,11762.53,0.732,0.000,6194.01,1.0,ok,,,,
alu32,datapath,alu32,delay_choice_deep_v3@booth,0,2051,11124.42,-1.753,-8.024,8391.89,0.9,ok,,,,
alu32,datapath,alu32,delay_map_resyn@booth,0,2257,10998.05,-1.314,-6.559,8022.05,1.2,ok,,,,
alu32,datapath,alu32,delay_choice_deep@booth,0,2064,10895.45,-1.872,-9.672,8565.83,0.9,ok,,,,
alu32,datapath,alu32,balanced_resyn@booth,0,1977,10719.03,-2.508,-15.271,9155.43,1.2,ok,,,,
alu32,datapath,alu32,delay_syn2@booth,0,2038,11644.92,-1.227,-2.173,7585.55,0.9,ok,,,,
alu32,datapath,alu32,delay_choice_deep_v2@booth,0,2064,10897.95,-1.898,-9.617,8455.35,0.9,ok,,,,
alu32,datapath,alu32,area_max@adder=sklansky,0,1978,11003.05,-2.735,-29.404,9428.44,1.8,ok,,,,
alu32,datapath,alu32,delay_choice_deep_bb@booth,0,2019,10954.26,-1.766,-11.889,8632.31,1.0,ok,,,,
alu32,datapath,alu32,delay_aggressive@adder=sklansky,0,1997,10894.20,-3.019,-28.900,9587.29,2.5,ok,,,,
alu32,datapath,alu32,delay_triple@booth,0,2020,10870.43,-0.922,-2.070,7656.44,1.6,ok,,,,
alu32,datapath,alu32,delay_choice_deep_v4@booth,0,2015,11113.16,-1.100,-1.986,7697.92,0.9,ok,,,,
alu32,datapath,alu32,orfs_area@booth,0,2139,12732.21,-0.485,-0.589,6812.25,1.1,ok,,,,
alu32,datapath,alu32,orfs_speed@booth,0,2064,10884.19,-1.947,-10.541,8501.65,0.9,ok,,,,
alu32,datapath,alu32,area_classic@booth,0,2004,10765.32,-2.427,-26.962,9112.10,1.2,ok,,,,
alu32,datapath,alu32,area_safe@booth,0,2051,10795.35,-2.879,-33.004,9502.55,1.4,ok,,,,
alu32,datapath,alu32,delay_iter_heavy@booth,0,2001,10636.45,-1.628,-5.097,8260.44,2.1,ok,,,,
alu32,datapath,alu32,yosys_default@booth,0,2064,11001.80,-3.402,-29.322,9544.78,0.9,ok,,,,
alu32,datapath,alu32,area_lut6@booth,0,2039,10936.74,-2.555,-25.585,9075.45,1.4,ok,,,,
alu32,datapath,alu32,balanced_resyn2x@booth,0,1985,10715.28,-2.429,-17.918,9099.93,1.8,ok,,,,
alu32,datapath,alu32,delay_choice_deep_v3@booth+adder=kogge-stone,0,2150,11547.32,-0.563,-1.355,7370.09,0.9,ok,,,,
alu32,datapath,alu32,delay_map@booth+adder=kogge-stone,0,2664,12759.74,1.070,0.000,5802.76,1.1,ok,,,,
alu32,datapath,alu32,delay_map_resyn@booth+adder=kogge-stone,0,2418,11649.92,0.101,0.000,6773.13,1.2,ok,,,,
alu32,datapath,alu32,delay_choice_deep@booth+adder=kogge-stone,0,2087,11150.69,-1.669,-13.131,8335.92,1.1,ok,,,,
alu32,datapath,alu32,area_max@booth,0,1985,10830.39,-2.862,-28.902,9540.73,1.9,ok,,,,
alu32,datapath,alu32,balanced_resyn@booth+adder=kogge-stone,0,2041,11349.64,-1.380,-7.081,7926.08,1.2,ok,,,,
alu32,datapath,alu32,delay_syn2@booth+adder=kogge-stone,0,2249,12585.82,0.706,0.000,6006.23,1.0,ok,,,,
alu32,datapath,alu32,delay_choice_deep_v2@booth+adder=kogge-stone,0,2087,11150.69,-1.669,-13.131,8335.92,1.1,ok,,,,
alu32,datapath,alu32,delay_choice_deep_bb@booth+adder=kogge-stone,0,2126,11474.76,-0.549,-1.505,7392.62,1.0,ok,,,,
alu32,datapath,alu32,delay_choice_deep_v4@booth+adder=kogge-stone,0,2184,11693.72,-0.331,-0.480,7246.32,1.0,ok,,,,
alu32,datapath,alu32,delay_triple@booth+adder=kogge-stone,0,2070,11408.44,-0.868,-2.413,7405.08,1.8,ok,,,,
alu32,datapath,alu32,delay_aggressive@booth,0,2001,10844.15,-2.724,-27.100,9314.20,2.6,ok,,,,
alu32,datapath,alu32,area_safe@booth+adder=kogge-stone,0,2054,11239.53,-1.681,-12.856,8101.87,1.2,ok,,,,
alu32,datapath,alu32,orfs_area@booth+adder=kogge-stone,0,2197,13160.12,-0.233,-0.233,6468.48,1.2,ok,,,,
alu32,datapath,alu32,area_classic@booth+adder=kogge-stone,0,2074,11188.23,-2.223,-21.871,8615.33,1.2,ok,,,,
alu32,datapath,alu32,balanced_resyn2x@booth+adder=kogge-stone,0,2034,10779.09,-1.807,-12.368,8716.12,1.9,ok,,,,
alu32,datapath,alu32,orfs_speed@booth+adder=kogge-stone,0,2087,11135.68,-1.675,-14.453,8348.71,0.9,ok,,,,
alu32,datapath,alu32,area_lut6@booth+adder=kogge-stone,0,2080,11244.53,-1.383,-10.024,7888.87,1.3,ok,,,,
alu32,datapath,alu32,yosys_default@booth+adder=kogge-stone,0,2137,11287.08,-1.575,-16.667,8470.54,0.8,ok,,,,
alu32,datapath,alu32,delay_iter_heavy@booth+adder=kogge-stone,0,2052,11115.66,-0.770,-2.852,7452.83,2.2,ok,,,,
alu32,datapath,alu32,area_max@booth+adder=kogge-stone,0,2045,10822.88,-2.401,-25.606,8969.12,1.7,ok,,,,
alu32,datapath,alu32,delay_aggressive@booth+adder=kogge-stone,0,2064,10910.46,-2.984,-37.199,9567.97,2.4,ok,,,,
mul16_pipe,datapath,mul16_pipe,delay_choice_deep_v3,0,1849,12760.99,-0.667,-2.191,8071.68,0.5,ok,,,,
mul16_pipe,datapath,mul16_pipe,delay_choice_deep,0,1826,12390.63,-0.435,-1.823,8099.35,0.6,ok,,,,
mul16_pipe,datapath,mul16_pipe,delay_syn2,0,2132,13160.12,-1.688,-5.185,9102.21,0.6,ok,,,,
mul16_pipe,datapath,mul16_pipe,delay_choice_deep_v4,0,1905,12669.65,-1.699,-7.859,9222.78,0.7,ok,,,,
mul16_pipe,datapath,mul16_pipe,delay_choice_deep_bb,0,1915,12730.96,-1.740,-6.693,9384.23,0.7,ok,,,,
mul16_pipe,datapath,mul16_pipe,delay_choice_deep_v2,0,1826,12390.63,-0.435,-1.823,8099.35,0.7,ok,,,,
mul16_pipe,datapath,mul16_pipe,delay_map,0,4199,20694.85,0.593,0.000,6928.90,0.7,ok,,,,
mul16_pipe,datapath,mul16_pipe,orfs_area,0,2122,13609.30,-0.473,-0.694,8022.13,0.9,ok,,,,
mul16_pipe,datapath,mul16_pipe,balanced_resyn,0,1860,12463.20,-0.411,-0.667,8087.58,0.9,ok,,,,
mul16_pipe,datapath,mul16_pipe,area_safe,0,1856,12325.57,-3.242,-18.920,10740.58,0.9,ok,,,,
mul16_pipe,datapath,mul16_pipe,delay_map_resyn,0,2997,15353.48,0.491,0.000,7121.98,0.9,ok,,,,
mul16_pipe,datapath,mul16_pipe,area_lut6,0,1851,12265.51,-3.226,-18.560,10799.00,1.0,ok,,,,
mul16_pipe,datapath,mul16_pipe,orfs_speed,0,1826,12390.63,-0.435,-1.823,8099.35,0.5,ok,,,,
mul16_pipe,datapath,mul16_pipe,area_classic,0,1852,12220.47,-3.280,-23.844,10776.83,1.1,ok,,,,
mul16_pipe,datapath,mul16_pipe,yosys_default,0,1898,12383.13,-3.324,-23.927,10892.57,0.5,ok,,,,
mul16_pipe,datapath,mul16_pipe,delay_triple,0,1871,12426.92,-0.706,-3.904,8270.90,1.2,ok,,,,
mul16_pipe,datapath,mul16_pipe,balanced_resyn2x,0,1876,12494.48,-1.179,-4.471,8491.98,1.5,ok,,,,
mul16_pipe,datapath,mul16_pipe,delay_iter_heavy,0,1864,12370.61,-0.550,-2.827,8244.83,1.6,ok,,,,
mul16_pipe,datapath,mul16_pipe,delay_map_resyn@adder=kogge-stone,0,3705,17625.65,0.967,0.000,6477.90,1.1,ok,,,,
mul16_pipe,datapath,mul16_pipe,balanced_resyn@adder=kogge-stone,0,1946,13071.29,-0.612,-0.949,7858.77,1.0,ok,,,,
mul16_pipe,datapath,mul16_pipe,delay_choice_deep_v3@adder=kogge-stone,0,1919,13127.59,-0.262,-0.387,7825.76,1.2,ok,,,,
mul16_pipe,datapath,mul16_pipe,area_max,0,1892,12512.00,-3.045,-19.411,10338.18,1.9,ok,,,,
mul16_pipe,datapath,mul16_pipe,delay_syn2@adder=kogge-stone,0,2288,14916.81,0.311,0.000,7324.98,1.0,ok,,,,
mul16_pipe,datapath,mul16_pipe,area_safe@adder=kogge-stone,0,1896,12704.68,-1.532,-9.330,9048.94,1.0,ok,,,,
mul16_pipe,datapath,mul16_pipe,delay_map@adder=kogge-stone,0,4390,21743.35,0.888,0.000,6598.52,1.6,ok,,,,
mul16_pipe,datapath,mul16_pipe,delay_choice_deep@adder=kogge-stone,0,1897,12982.45,-0.138,-0.196,7745.51,1.4,ok,,,,
mul16_pipe,datapath,mul16_pipe,delay_aggressive,0,1875,12533.27,-2.497,-15.905,9955.20,2.3,ok,,,,
mul16_pipe,datapath,mul16_pipe,delay_choice_deep_v2@adder=kogge-stone,0,1897,12982.45,-0.138,-0.196,7745.51,1.4,ok,,,,
mul16_pipe,datapath,mul16_pipe,delay_choice_deep_bb@adder=kogge-stone,0,1981,13352.81,0.018,0.000,7786.45,1.3,ok,,,,
mul16_pipe,datapath,mul16_pipe,area_classic@adder=kogge-stone,0,1911,12588.32,-2.394,-15.834,9872.17,1.0,ok,,,,
mul16_pipe,datapath,mul16_pipe,delay_choice_deep_v4@adder=kogge-stone,0,1979,13563.01,-0.424,-0.479,7876.79,1.2,ok,,,,
mul16_pipe,datapath,mul16_pipe,balanced_resyn2x@adder=kogge-stone,0,1925,12887.36,-0.507,-0.944,7876.34,1.6,ok,,,,
mul16_pipe,datapath,mul16_pipe,yosys_default@adder=kogge-stone,0,1948,12755.98,-1.848,-8.201,9342.38,0.6,ok,,,,
mul16_pipe,datapath,mul16_pipe,orfs_area@adder=kogge-stone,0,2259,14760.41,0.031,0.000,7409.05,1.0,ok,,,,
mul16_pipe,datapath,mul16_pipe,area_lut6@adder=kogge-stone,0,1882,12529.52,-2.442,-15.998,9833.38,1.1,ok,,,,
mul16_pipe,datapath,mul16_pipe,delay_triple@adder=kogge-stone,0,1965,13081.30,-0.277,-0.341,7768.58,2.2,ok,,,,
mul16_pipe,datapath,mul16_pipe,delay_choice_deep_v3@adder=han-carlson,0,1872,12872.35,-0.509,-1.166,8010.54,0.8,ok,,,,
mul16_pipe,datapath,mul16_pipe,delay_map@adder=han-carlson,0,4251,21215.35,0.781,0.000,6739.85,1.1,ok,,,,
mul16_pipe,datapath,mul16_pipe,delay_map_resyn@adder=han-carlson,0,3454,17153.95,0.687,0.000,6780.97,1.0,ok,,,,
mul16_pipe,datapath,mul16_pipe,balanced_resyn@adder=han-carlson,0,1885,12745.97,-0.415,-0.784,7949.67,0.9,ok,,,,
mul16_pipe,datapath,mul16_pipe,orfs_speed@adder=kogge-stone,0,1897,12918.64,-0.151,-0.249,7837.89,1.3,ok,,,,
mul16_pipe,datapath,mul16_pipe,delay_choice_deep@adder=han-carlson,0,1864,12730.96,-0.444,-0.653,7915.53,1.0,ok,,,,
mul16_pipe,datapath,mul16_pipe,delay_iter_heavy@adder=kogge-stone,0,1955,12933.65,-0.585,-1.739,8059.98,2.7,ok,,,,
mul16_pipe,datapath,mul16_pipe,delay_syn2@adder=han-carlson,0,2164,14486.39,-0.007,-0.007,7466.02,1.0,ok,,,,
mul16_pipe,datapath,mul16_pipe,delay_choice_deep_v2@adder=han-carlson,0,1864,12730.96,-0.444,-0.653,7915.53,1.1,ok,,,,
mul16_pipe,datapath,mul16_pipe,delay_choice_deep_bb@adder=han-carlson,0,1926,13261.47,-0.219,-0.509,7838.18,1.0,ok,,,,
mul16_pipe,datapath,mul16_pipe,delay_aggressive@adder=kogge-stone,0,1916,12617.10,-2.359,-13.733,10056.42,2.5,ok,,,,
mul16_pipe,datapath,mul16_pipe,area_max@adder=kogge-stone,0,1926,12633.37,-3.013,-17.523,10408.62,1.8,ok,,,,
mul16_pipe,datapath,mul16_pipe,delay_choice_deep_v4@adder=han-carlson,0,1924,13336.54,-0.242,-0.469,7884.68,0.9,ok,,,,
mul16_pipe,datapath,mul16_pipe,delay_triple@adder=han-carlson,0,1879,12557.04,-0.447,-1.250,8034.59,1.7,ok,,,,
mul16_pipe,datapath,mul16_pipe,area_safe@adder=han-carlson,0,1857,12329.32,-3.176,-21.242,10777.24,1.0,ok,,,,
mul16_pipe,datapath,mul16_pipe,yosys_default@adder=han-carlson,0,1906,12523.26,-2.946,-18.622,10605.16,0.5,ok,,,,
mul16_pipe,datapath,mul16_pipe,orfs_area@adder=han-carlson,0,2193,14351.26,0.111,0.000,7472.26,0.9,ok,,,,
mul16_pipe,datapath,mul16_pipe,area_classic@adder=han-carlson,0,1848,12345.59,-3.105,-22.149,10527.29,1.0,ok,,,,
mul16_pipe,datapath,mul16_pipe,balanced_resyn2x@adder=han-carlson,0,1864,12562.05,-0.282,-1.292,7942.75,1.7,ok,,,,
mul16_pipe,datapath,mul16_pipe,orfs_speed@adder=han-carlson,0,1864,12730.96,-0.444,-0.653,7915.53,1.0,ok,,,,
mul16_pipe,datapath,mul16_pipe,area_lut6@adder=han-carlson,0,1851,12298.04,-2.845,-16.608,10445.09,1.2,ok,,,,
mul16_pipe,datapath,mul16_pipe,delay_choice_deep_v3@adder=sklansky,0,1884,12963.68,-0.357,-0.643,7901.95,0.8,ok,,,,
mul16_pipe,datapath,mul16_pipe,delay_iter_heavy@adder=han-carlson,0,1899,12812.29,-0.708,-3.105,8165.31,2.1,ok,,,,
mul16_pipe,datapath,mul16_pipe,delay_map_resyn@adder=sklansky,0,3183,16152.99,0.680,0.000,6830.01,1.1,ok,,,,
mul16_pipe,datapath,mul16_pipe,delay_map@adder=sklansky,0,4349,21420.54,0.787,0.000,6745.49,1.1,ok,,,,
mul16_pipe,datapath,mul16_pipe,balanced_resyn@adder=sklansky,0,1886,12674.66,-0.290,-0.656,7883.88,1.0,ok,,,,
mul16_pipe,datapath,mul16_pipe,delay_choice_deep@adder=sklansky,0,1892,12856.08,-0.194,-0.440,7872.60,1.0,ok,,,,
mul16_pipe,datapath,mul16_pipe,delay_choice_deep_bb@adder=sklansky,0,1930,13023.74,-0.595,-3.769,8314.04,0.8,ok,,,,
mul16_pipe,datapath,mul16_pipe,delay_syn2@adder=sklansky,0,2152,13744.43,-0.627,-1.995,8043.17,0.9,ok,,,,
mul16_pipe,datapath,mul16_pipe,delay_choice_deep_v2@adder=sklansky,0,1892,12996.21,-0.153,-0.217,7816.59,1.0,ok,,,,
mul16_pipe,datapath,mul16_pipe,area_max@adder=han-carlson,0,1869,12265.51,-3.586,-25.992,11236.29,1.8,ok,,,,
mul16_pipe,datapath,mul16_pipe,area_safe@adder=sklansky,0,1859,12378.12,-2.802,-19.946,10426.41,1.0,ok,,,,
mul16_pipe,datapath,mul16_pipe,delay_aggressive@adder=han-carlson,0,1877,12434.43,-2.901,-16.121,10114.62,2.6,ok,,,,
mul16_pipe,datapath,mul16_pipe,delay_choice_deep_v4@adder=sklansky,0,1923,13427.88,-0.602,-2.632,8089.78,1.0,ok,,,,
mul16_pipe,datapath,mul16_pipe,delay_choice_deep_v3@booth,0,1165,9207.58,-0.150,-0.374,7764.32,0.4,ok,,,,
mul16_pipe,datapath,mul16_pipe,delay_triple@adder=sklansky,0,1898,12755.98,-0.455,-0.907,7893.88,1.7,ok,,,,
mul16_pipe,datapath,mul16_pipe,orfs_area@adder=sklansky,0,2185,14383.80,-0.239,-0.548,7605.82,0.9,ok,,,,
mul16_pipe,datapath,mul16_pipe,area_classic@adder=sklansky,0,1874,12281.78,-2.256,-16.284,10033.57,1.0,ok,,,,
mul16_pipe,datapath,mul16_pipe,yosys_default@adder=sklansky,0,1918,12525.76,-2.878,-22.695,10220.66,0.6,ok,,,,
mul16_pipe,datapath,mul16_pipe,delay_map@booth,0,2437,13775.71,0.832,0.000,6776.05,0.6,ok,,,,
mul16_pipe,datapath,mul16_pipe,area_lut6@adder=sklansky,0,1857,12311.81,-2.401,-15.937,10036.87,1.1,ok,,,,
mul16_pipe,datapath,mul16_pipe,orfs_speed@adder=sklansky,0,1892,12891.11,-0.182,-0.379,7881.92,0.9,ok,,,,
mul16_pipe,datapath,mul16_pipe,delay_map_resyn@booth,0,2103,11846.36,1.008,0.000,6538.81,0.7,ok,,,,
mul16_pipe,datapath,mul16_pipe,balanced_resyn2x@adder=sklansky,0,1879,12495.73,-0.684,-2.587,8151.62,1.7,ok,,,,
mul16_pipe,datapath,mul16_pipe,delay_choice_deep@booth,0,1166,9121.25,-0.186,-0.357,7845.64,0.5,ok,,,,
mul16_pipe,datapath,mul16_pipe,balanced_resyn@booth,0,1200,9042.42,-0.249,-0.353,7908.92,0.6,ok,,,,
mul16_pipe,datapath,mul16_pipe,delay_iter_heavy@adder=sklansky,0,1897,12688.42,-0.837,-2.955,8219.59,2.1,ok,,,,
mul16_pipe,datapath,mul16_pipe,delay_choice_deep_v2@booth,0,1166,9158.78,-0.150,-0.261,7815.30,0.5,ok,,,,
mul16_pipe,datapath,mul16_pipe,delay_choice_deep_bb@booth,0,1165,8928.56,-1.553,-9.306,9026.89,0.5,ok,,,,
mul16_pipe,datapath,mul16_pipe,delay_choice_deep_v4@booth,0,1174,9390.26,-0.778,-3.632,8249.65,0.5,ok,,,,
mul16_pipe,datapath,mul16_pipe,delay_triple@booth,0,1160,9173.80,0.041,0.000,7753.30,1.0,ok,,,,
mul16_pipe,datapath,mul16_pipe,delay_syn2@booth,0,1958,12459.45,0.003,0.000,7490.38,0.7,ok,,,,
mul16_pipe,datapath,mul16_pipe,area_safe@booth,0,1220,9042.42,-2.914,-20.801,10487.14,0.8,ok,,,,
mul16_pipe,datapath,mul16_pipe,delay_iter_heavy@booth,0,1170,9250.12,-0.028,-0.047,7755.07,1.1,ok,,,,
mul16_pipe,datapath,mul16_pipe,orfs_speed@booth,0,1166,9125.00,-0.127,-0.327,7869.86,0.5,ok,,,,
mul16_pipe,datapath,mul16_pipe,yosys_default@booth,0,1203,8934.82,-2.995,-21.463,10516.21,0.4,ok,,,,
mul16_pipe,datapath,mul16_pipe,area_classic@booth,0,1215,8999.88,-3.085,-25.648,10577.32,0.7,ok,,,,
mul16_pipe,datapath,mul16_pipe,balanced_resyn2x@booth,0,1197,9182.56,-0.072,-0.115,7706.80,1.1,ok,,,,
mul16_pipe,datapath,mul16_pipe,orfs_area@booth,0,2368,14390.05,0.419,0.000,7181.96,0.8,ok,,,,
mul16_pipe,datapath,mul16_pipe,area_lut6@booth,0,1215,9083.71,-3.383,-27.974,10627.32,0.8,ok,,,,
mul16_pipe,datapath,mul16_pipe,area_max@adder=sklansky,0,1897,12496.99,-2.918,-20.915,10527.42,1.8,ok,,,,
mul16_pipe,datapath,mul16_pipe,delay_aggressive@adder=sklansky,0,1897,12416.91,-2.941,-19.276,10242.14,2.6,ok,,,,
mul16_pipe,datapath,mul16_pipe,delay_map_resyn@booth+adder=kogge-stone,1,2298,12844.82,1.279,0.000,6270.49,0.9,ok,,1.250,0.000,12844.82
mul16_pipe,datapath,mul16_pipe,balanced_resyn@booth+adder=kogge-stone,0,1281,9629.24,0.133,0.000,7479.67,0.8,ok,,,,
mul16_pipe,datapath,mul16_pipe,area_max@booth,0,1188,9132.51,-3.252,-26.157,10794.67,1.2,ok,,,,
mul16_pipe,datapath,mul16_pipe,delay_choice_deep_v3@booth+adder=kogge-stone,0,1235,9536.65,-0.082,-0.082,7542.15,1.1,ok,,,,
mul16_pipe,datapath,mul16_pipe,delay_syn2@booth+adder=kogge-stone,0,2046,13217.68,0.617,0.000,6885.29,0.7,ok,,,,
mul16_pipe,datapath,mul16_pipe,delay_aggressive@booth,0,1200,9067.45,-2.767,-20.326,10259.45,1.7,ok,,,,
mul16_pipe,datapath,mul16_pipe,delay_map@booth+adder=kogge-stone,0,2700,14850.49,0.961,0.000,6538.89,1.3,ok,,,,
mul16_pipe,datapath,mul16_pipe,area_safe@booth+adder=kogge-stone,0,1265,9171.30,-2.535,-16.405,10046.97,0.8,ok,,,,
mul16_pipe,datapath,mul16_pipe,delay_choice_deep_bb@booth+adder=kogge-stone,0,1255,9664.27,0.023,0.000,7505.08,0.9,ok,,,,
mul16_pipe,datapath,mul16_pipe,area_classic@booth+adder=kogge-stone,0,1260,9250.12,-2.161,-17.152,9492.53,0.8,ok,,,,
mul16_pipe,datapath,mul16_pipe,delay_choice_deep@booth+adder=kogge-stone,0,1235,9550.41,-0.017,-0.017,7614.30,1.1,ok,,,,
mul16_pipe,datapath,mul16_pipe,delay_choice_deep_v4@booth+adder=kogge-stone,0,1263,9664.27,-0.090,-0.090,7767.50,0.9,ok,,,,
mul16_pipe,datapath,mul16_pipe,delay_choice_deep_v2@booth+adder=kogge-stone,0,1235,9604.21,-0.017,-0.017,7551.91,1.1,ok,,,,
mul16_pipe,datapath,mul16_pipe,yosys_default@booth+adder=kogge-stone,0,1241,9082.46,-2.715,-19.199,10120.47,0.5,ok,,,,
mul16_pipe,datapath,mul16_pipe,delay_triple@booth+adder=kogge-stone,0,1236,9320.19,-0.120,-0.130,7735.98,1.6,ok,,,,
mul16_pipe,datapath,mul16_pipe,balanced_resyn2x@booth+adder=kogge-stone,0,1272,9482.84,0.272,0.000,7727.61,1.4,ok,,,,
mul16_pipe,datapath,mul16_pipe,orfs_area@booth+adder=kogge-stone,0,2420,15312.19,0.409,0.000,7004.20,0.9,ok,,,,
mul16_pipe,datapath,mul16_pipe,area_lut6@booth+adder=kogge-stone,0,1258,9316.44,-2.553,-18.226,9793.76,0.9,ok,,,,
mul16_pipe,datapath,mul16_pipe,delay_iter_heavy@booth+adder=kogge-stone,0,1245,9290.16,-0.042,-0.083,7716.09,1.8,ok,,,,
mul16_pipe,datapath,mul16_pipe,orfs_speed@booth+adder=kogge-stone,0,1235,9505.37,-0.158,-0.362,7731.91,1.0,ok,,,,
mul16_pipe,datapath,mul16_pipe,delay_aggressive@booth+adder=kogge-stone,0,1234,9121.25,-2.444,-20.059,9974.75,1.6,ok,,,,
mul16_pipe,datapath,mul16_pipe,area_max@booth+adder=kogge-stone,0,1229,9062.44,-2.906,-23.620,10464.28,1.3,ok,,,,
mul32_mac,datapath,mul32_mac,delay_choice_deep_v3,0,6430,39709.33,-2.717,-2.717,10313.23,1.7,ok,,,,
mul32_mac,datapath,mul32_mac,delay_choice_deep,0,6338,39507.89,-2.725,-2.725,10137.80,1.9,ok,,,,
mul32_mac,datapath,mul32_mac,delay_choice_deep_v2,0,6338,39507.89,-2.725,-2.725,10137.80,2.0,ok,,,,
mul32_mac,datapath,mul32_mac,delay_choice_deep_bb,0,6362,38876.04,-3.623,-3.703,11125.02,2.0,ok,,,,
mul32_mac,datapath,mul32_mac,delay_choice_deep_v4,0,6266,38798.46,-3.593,-4.443,11285.48,2.0,ok,,,,
mul32_mac,datapath,mul32_mac,delay_syn2,0,7467,42518.28,-2.953,-2.953,10506.31,2.2,ok,,,,
mul32_mac,datapath,mul32_mac,delay_map,0,13934,65830.64,-1.142,-1.142,8519.29,2.5,ok,,,,
mul32_mac,datapath,mul32_mac,balanced_resyn,0,6482,39668.04,-2.584,-2.584,10049.95,2.7,ok,,,,
mul32_mac,datapath,mul32_mac,orfs_area,0,7448,44025.97,-2.638,-2.638,9988.78,2.7,ok,,,,
mul32_mac,datapath,mul32_mac,area_safe,0,6452,38822.23,-6.541,-54.120,13889.93,3.1,ok,,,,
mul32_mac,datapath,mul32_mac,area_lut6,0,6445,38737.15,-10.429,-118.470,17539.52,3.3,ok,,,,
mul32_mac,datapath,mul32_mac,orfs_speed,0,6338,39507.89,-2.725,-2.725,10137.80,1.7,ok,,,,
mul32_mac,datapath,mul32_mac,delay_map_resyn,0,12413,57480.13,-1.002,-1.002,8509.73,3.4,ok,,,,
mul32_mac,datapath,mul32_mac,area_classic,0,6414,38708.37,-12.960,-160.011,19976.86,3.4,ok,,,,
mul32_mac,datapath,mul32_mac,yosys_default,0,6703,39501.64,-6.720,-72.925,14538.89,1.6,ok,,,,
mul32_mac,datapath,mul32_mac,delay_triple,0,6526,40134.74,-2.809,-2.809,10222.36,4.3,ok,,,,
mul32_mac,datapath,mul32_mac,delay_choice_deep_v3@adder=kogge-stone,0,6700,42231.75,-1.821,-1.821,9423.95,2.8,ok,,,,
mul32_mac,datapath,mul32_mac,balanced_resyn2x,0,6527,39804.43,-2.837,-2.837,10224.83,5.1,ok,,,,
mul32_mac,datapath,mul32_mac,delay_iter_heavy,0,6549,39934.55,-2.795,-2.795,10265.77,5.5,ok,,,,
mul32_mac,datapath,mul32_mac,delay_map@adder=kogge-stone,0,14912,69791.94,-0.871,-0.871,8224.42,3.6,ok,,,,
mul32_mac,datapath,mul32_mac,delay_choice_deep@adder=kogge-stone,0,6640,41551.10,-1.939,-1.939,9489.98,3.1,ok,,,,
mul32_mac,datapath,mul32_mac,delay_map_resyn@adder=kogge-stone,1,12702,58846.44,-0.732,-0.732,8089.96,3.9,ok,,-0.610,-0.610,58919.01
mul32_mac,datapath,mul32_mac,area_max,0,6653,39384.02,-13.732,-187.939,20571.91,6.1,ok,,,,
mul32_mac,datapath,mul32_mac,balanced_resyn@adder=kogge-stone,0,6739,40914.24,-2.120,-2.120,9695.32,3.5,ok,,,,
mul32_mac,datapath,mul32_mac,delay_choice_deep_bb@adder=kogge-stone,0,6411,40341.19,-2.358,-2.358,10123.87,2.9,ok,,,,
mul32_mac,datapath,mul32_mac,delay_syn2@adder=kogge-stone,0,8145,47833.38,-1.799,-1.799,9527.86,3.0,ok,,,,
mul32_mac,datapath,mul32_mac,delay_choice_deep_v2@adder=kogge-stone,0,6640,41551.10,-1.939,-1.939,9489.98,3.3,ok,,,,
mul32_mac,datapath,mul32_mac,area_safe@adder=kogge-stone,0,6596,40122.23,-6.910,-48.378,14031.79,3.7,ok,,,,
mul32_mac,datapath,mul32_mac,delay_choice_deep_v4@adder=kogge-stone,0,6416,41093.16,-2.375,-2.375,9982.78,3.1,ok,,,,
mul32_mac,datapath,mul32_mac,yosys_default@adder=kogge-stone,0,6805,40430.03,-5.864,-36.696,13617.65,1.9,ok,,,,
mul32_mac,datapath,mul32_mac,orfs_area@adder=kogge-stone,0,7628,45200.85,-1.857,-1.857,9370.50,3.0,ok,,,,
mul32_mac,datapath,mul32_mac,delay_choice_deep_v3@adder=han-carlson,0,6499,40536.38,-2.084,-2.084,9691.06,2.2,ok,,,,
mul32_mac,datapath,mul32_mac,area_classic@adder=kogge-stone,0,6508,38898.56,-9.186,-105.399,16836.91,3.7,ok,,,,
mul32_mac,datapath,mul32_mac,delay_aggressive,0,6562,38916.07,-12.605,-158.610,19445.69,8.7,ok,,,,
mul32_mac,datapath,mul32_mac,orfs_speed@adder=kogge-stone,0,6640,41551.10,-1.939,-1.939,9489.98,2.9,ok,,,,
mul32_mac,datapath,mul32_mac,delay_triple@adder=kogge-stone,0,6783,41569.87,-1.912,-1.912,9546.30,6.9,ok,,,,
mul32_mac,datapath,mul32_mac,area_lut6@adder=kogge-stone,0,6503,39312.70,-10.140,-118.260,17246.34,3.9,ok,,,,
mul32_mac,datapath,mul32_mac,delay_map@adder=han-carlson,0,14366,68069.03,-0.943,-0.943,8435.52,3.4,ok,,,,
mul32_mac,datapath,mul32_mac,balanced_resyn2x@adder=kogge-stone,0,6840,41721.26,-2.201,-2.201,9601.23,6.6,ok,,,,
mul32_mac,datapath,mul32_mac,delay_choice_deep@adder=han-carlson,0,6505,40651.49,-2.164,-2.164,9649.55,2.6,ok,,,,
mul32_mac,datapath,mul32_mac,delay_map_resyn@adder=han-carlson,0,12212,56105.06,-1.002,-1.002,8281.35,3.9,ok,,,,
mul32_mac,datapath,mul32_mac,balanced_resyn@adder=han-carlson,0,6529,40278.63,-2.409,-2.409,9765.94,3.4,ok,,,,
mul32_mac,datapath,mul32_mac,delay_choice_deep_v2@adder=han-carlson,0,6505,40651.49,-2.164,-2.164,9649.55,2.8,ok,,,,
mul32_mac,datapath,mul32_mac,delay_choice_deep_bb@adder=han-carlson,0,6236,39899.52,-2.320,-2.320,10043.48,2.8,ok,,,,
mul32_mac,datapath,mul32_mac,delay_syn2@adder=han-carlson,0,8015,47291.61,-2.231,-2.231,9889.71,3.0,ok,,,,
mul32_mac,datapath,mul32_mac,delay_iter_heavy@adder=kogge-stone,0,6839,41688.73,-1.784,-1.784,9501.98,9.2,ok,,,,
mul32_mac,datapath,mul32_mac,delay_choice_deep_v4@adder=han-carlson,0,6256,39693.07,-2.631,-2.631,10285.90,2.6,ok,,,,
mul32_mac,datapath,mul32_mac,area_safe@adder=han-carlson,0,6468,38864.77,-7.759,-77.326,15076.92,3.5,ok,,,,
mul32_mac,datapath,mul32_mac,delay_triple@adder=han-carlson,0,6632,40819.15,-1.968,-1.968,9672.63,6.0,ok,,,,
mul32_mac,datapath,mul32_mac,delay_aggressive@adder=kogge-stone,0,6678,39331.47,-10.338,-109.934,17534.37,9.1,ok,,,,
mul32_mac,datapath,mul32_mac,orfs_speed@adder=han-carlson,0,6505,40651.49,-2.164,-2.164,9649.55,2.4,ok,,,,
mul32_mac,datapath,mul32_mac,orfs_area@adder=han-carlson,0,7504,44338.77,-2.940,-2.940,10467.38,3.1,ok,,,,
mul32_mac,datapath,mul32_mac,yosys_default@adder=han-carlson,0,6743,39859.48,-8.006,-81.962,15307.22,2.0,ok,,,,
mul32_mac,datapath,mul32_mac,area_max@adder=kogge-stone,0,6692,39467.85,-11.338,-140.066,18504.35,7.2,ok,,,,
mul32_mac,datapath,mul32_mac,area_classic@adder=han-carlson,0,6429,38705.87,-12.128,-163.804,19122.34,3.6,ok,,,,
mul32_mac,datapath,mul32_mac,area_lut6@adder=han-carlson,0,6409,38687.10,-10.791,-135.770,17913.98,4.0,ok,,,,
mul32_mac,datapath,mul32_mac,delay_choice_deep_v3@adder=sklansky,0,6455,40178.53,-2.087,-2.087,9754.03,2.2,ok,,,,
mul32_mac,datapath,mul32_mac,delay_map@adder=sklansky,0,14224,66268.56,-0.952,-0.952,8381.17,3.1,ok,,,,
mul32_mac,datapath,mul32_mac,delay_iter_heavy@adder=han-carlson,0,6673,40834.16,-2.097,-2.097,9830.82,7.6,ok,,,,
mul32_mac,datapath,mul32_mac,balanced_resyn2x@adder=han-carlson,0,6573,40259.86,-2.095,-2.095,9771.86,6.4,ok,,,,
mul32_mac,datapath,mul32_mac,delay_choice_deep@adder=sklansky,0,6430,40142.25,-2.065,-2.065,9795.73,2.3,ok,,,,
mul32_mac,datapath,mul32_mac,delay_syn2@adder=sklansky,0,7439,43098.84,-3.091,-3.091,10394.29,2.4,ok,,,,
mul32_mac,datapath,mul32_mac,delay_choice_deep_v2@adder=sklansky,0,6430,40142.25,-2.065,-2.065,9795.73,2.6,ok,,,,
mul32_mac,datapath,mul32_mac,delay_map_resyn@adder=sklansky,0,12514,57357.51,-1.089,-1.089,8524.82,3.8,ok,,,,
mul32_mac,datapath,mul32_mac,delay_choice_deep_bb@adder=sklansky,0,6396,39009.91,-4.130,-8.752,11641.57,2.6,ok,,,,
mul32_mac,datapath,mul32_mac,balanced_resyn@adder=sklansky,0,6565,40445.04,-2.233,-2.233,9811.23,3.5,ok,,,,
mul32_mac,datapath,mul32_mac,delay_choice_deep_v4@adder=sklansky,0,6185,39369.01,-3.158,-3.158,10610.07,2.5,ok,,,,
mul32_mac,datapath,mul32_mac,area_safe@adder=sklansky,0,6472,38882.29,-6.685,-55.540,13989.33,3.4,ok,,,,
mul32_mac,datapath,mul32_mac,orfs_area@adder=sklansky,0,7367,42791.04,-3.709,-3.709,10855.28,2.9,ok,,,,
mul32_mac,datapath,mul32_mac,delay_triple@adder=sklansky,0,6474,39873.24,-2.102,-2.102,9816.33,5.2,ok,,,,
mul32_mac,datapath,mul32_mac,orfs_speed@adder=sklansky,0,6430,40142.25,-2.065,-2.065,9795.73,2.2,ok,,,,
mul32_mac,datapath,mul32_mac,yosys_default@adder=sklansky,0,6730,39700.58,-6.463,-55.864,14101.66,2.0,ok,,,,
mul32_mac,datapath,mul32_mac,area_max@adder=han-carlson,0,6642,39361.50,-13.542,-186.548,20498.98,7.1,ok,,,,
mul32_mac,datapath,mul32_mac,delay_choice_deep_v3@booth,0,4890,33195.59,-4.991,-24.181,12348.13,1.9,ok,,,,
mul32_mac,datapath,mul32_mac,delay_aggressive@adder=han-carlson,0,6538,38824.74,-12.559,-162.409,19535.93,8.7,ok,,,,
mul32_mac,datapath,mul32_mac,delay_map@booth,0,11162,55425.66,-3.822,-3.941,11063.58,2.4,ok,,,,
mul32_mac,datapath,mul32_mac,area_classic@adder=sklansky,0,6479,38842.25,-6.368,-61.328,13904.48,3.9,ok,,,,
mul32_mac,datapath,mul32_mac,area_lut6@adder=sklansky,0,6449,38819.73,-10.797,-116.829,17932.74,4.0,ok,,,,
mul32_mac,datapath,mul32_mac,delay_map_resyn@booth,0,8583,42882.38,-3.456,-3.456,10711.00,3.0,ok,,,,
mul32_mac,datapath,mul32_mac,delay_iter_heavy@adder=sklansky,0,6611,40536.38,-2.128,-2.128,9717.49,6.8,ok,,,,
mul32_mac,datapath,mul32_mac,balanced_resyn2x@adder=sklansky,0,6596,40393.74,-2.704,-2.704,10009.45,6.0,ok,,,,
mul32_mac,datapath,mul32_mac,delay_choice_deep@booth,0,4872,33111.76,-4.844,-19.479,12372.85,2.1,ok,,,,
mul32_mac,datapath,mul32_mac,delay_choice_deep_bb@booth,0,4994,33151.80,-5.995,-51.852,13257.70,2.1,ok,,,,
mul32_mac,datapath,mul32_mac,delay_choice_deep_v2@booth,0,4872,33111.76,-4.844,-19.479,12372.85,2.3,ok,,,,
mul32_mac,datapath,mul32_mac,balanced_resyn@booth,0,5070,32996.65,-5.416,-30.180,12866.78,2.8,ok,,,,
mul32_mac,datapath,mul32_mac,delay_choice_deep_v4@booth,0,5026,33362.00,-5.947,-54.652,13386.69,2.1,ok,,,,
mul32_mac,datapath,mul32_mac,delay_syn2@booth,0,8331,46623.47,-5.916,-39.729,13081.79,3.2,ok,,,,
mul32_mac,datapath,mul32_mac,delay_triple@booth,0,5000,33140.53,-5.145,-29.771,12659.23,4.8,ok,,,,
mul32_mac,datapath,mul32_mac,orfs_speed@booth,0,4872,33160.55,-4.940,-20.284,12532.27,1.9,ok,,,,
mul32_mac,datapath,mul32_mac,area_safe@booth,0,5067,32780.19,-12.918,-178.940,20147.15,3.2,ok,,,,
mul32_mac,datapath,mul32_mac,yosys_default@booth,0,4990,32864.02,-12.527,-169.107,19543.44,1.8,ok,,,,
mul32_mac,datapath,mul32_mac,area_max@adder=sklansky,0,6694,39531.66,-6.764,-72.925,14109.62,6.9,ok,,,,
mul32_mac,datapath,mul32_mac,area_classic@booth,0,5093,32841.50,-12.122,-158.737,19354.22,3.4,ok,,,,
mul32_mac,datapath,mul32_mac,orfs_area@booth,0,10197,56494.18,-5.365,-36.756,12734.71,3.5,ok,,,,
mul32_mac,datapath,mul32_mac,area_lut6@booth,0,4935,32797.71,-12.540,-170.860,19594.47,3.7,ok,,,,
mul32_mac,datapath,mul32_mac,delay_iter_heavy@booth,0,5026,33250.64,-5.506,-32.779,13010.47,5.9,ok,,,,
mul32_mac,datapath,mul32_mac,balanced_resyn2x@booth,0,5074,33684.81,-5.314,-27.722,12782.49,5.4,ok,,,,
mul32_mac,datapath,mul32_mac,delay_aggressive@adder=sklansky,0,6619,39064.97,-6.609,-62.906,13693.40,9.6,ok,,,,
mul32_mac,datapath,mul32_mac,delay_choice_deep_v3@booth+adder=kogge-stone,0,5306,35936.97,-4.221,-11.520,11692.56,4.1,ok,,,,
mul32_mac,datapath,mul32_mac,delay_map_resyn@booth+adder=kogge-stone,0,10146,50261.96,-2.447,-2.447,9848.38,4.8,ok,,,,
mul32_mac,datapath,mul32_mac,area_max@booth,0,5063,33299.44,-13.153,-204.484,20415.41,5.9,ok,,,,
mul32_mac,datapath,mul32_mac,delay_map@booth+adder=kogge-stone,0,12872,64061.44,-2.716,-2.716,10064.44,5.7,ok,,,,
mul32_mac,datapath,mul32_mac,balanced_resyn@booth+adder=kogge-stone,0,5631,35702.99,-4.221,-10.136,11893.53,4.7,ok,,,,
mul32_mac,datapath,mul32_mac,delay_choice_deep@booth+adder=kogge-stone,0,5353,35854.39,-4.047,-7.146,11515.90,4.7,ok,,,,
mul32_mac,datapath,mul32_mac,area_safe@booth+adder=kogge-stone,0,5131,33275.66,-12.586,-173.276,19436.36,3.4,ok,,,,
mul32_mac,datapath,mul32_mac,delay_aggressive@booth,0,4955,32675.09,-12.616,-180.616,19612.19,8.4,ok,,,,
mul32_mac,datapath,mul32_mac,delay_choice_deep_v2@booth+adder=kogge-stone,0,5353,36059.58,-4.014,-5.648,11446.65,5.0,ok,,,,
mul32_mac,datapath,mul32_mac,area_classic@booth+adder=kogge-stone,0,5253,33657.28,-12.229,-173.383,19283.25,3.9,ok,,,,
mul32_mac,datapath,mul32_mac,delay_choice_deep_bb@booth+adder=kogge-stone,0,5597,37188.17,-4.165,-7.208,11494.63,5.4,ok,,,,
mul32_mac,datapath,mul32_mac,yosys_default@booth+adder=kogge-stone,0,5205,32956.61,-12.724,-186.258,19608.06,2.1,ok,,,,
mul32_mac,datapath,mul32_mac,orfs_area@booth+adder=kogge-stone,0,10957,62319.77,-3.977,-10.681,11576.25,4.6,ok,,,,
mul32_mac,datapath,mul32_mac,delay_syn2@booth+adder=kogge-stone,0,8930,51254.16,-3.961,-4.771,11327.47,6.0,ok,,,,
mul32_mac,datapath,mul32_mac,area_lut6@booth+adder=kogge-stone,0,5080,33136.78,-11.447,-153.298,18549.84,4.0,ok,,,,
mul32_mac,datapath,mul32_mac,delay_choice_deep_v4@booth+adder=kogge-stone,0,5620,37076.81,-4.137,-7.976,11575.13,5.4,ok,,,,
mul32_mac,datapath,mul32_mac,balanced_resyn2x@booth+adder=kogge-stone,0,5650,36140.91,-4.025,-8.184,11797.87,7.0,ok,,,,
mul32_mac,datapath,mul32_mac,delay_triple@booth+adder=kogge-stone,0,5440,35331.39,-4.231,-11.183,11986.20,7.9,ok,,,,
mul32_mac,datapath,mul32_mac,orfs_speed@booth+adder=kogge-stone,0,5353,35815.60,-4.070,-7.329,11627.41,3.9,ok,,,,
mul32_mac,datapath,mul32_mac,delay_iter_heavy@booth+adder=kogge-stone,0,5429,36028.30,-4.252,-8.828,11642.38,9.1,ok,,,,
mul32_mac,datapath,mul32_mac,area_max@booth+adder=kogge-stone,0,5160,33600.98,-11.082,-151.078,18758.39,5.8,ok,,,,
mul32_mac,datapath,mul32_mac,delay_aggressive@booth+adder=kogge-stone,0,5129,32846.50,-11.660,-153.796,18695.34,8.1,ok,,,,
fir8,dsp,fir8,delay_choice_deep_v3,0,1734,13527.97,0.180,0.000,10268.75,0.6,ok,,,,
fir8,dsp,fir8,delay_choice_deep,0,1708,13291.50,0.323,0.000,10362.18,0.8,ok,,,,
fir8,dsp,fir8,delay_choice_deep_bb,0,1759,13481.68,-0.456,-1.676,11092.90,0.8,ok,,,,
fir8,dsp,fir8,delay_choice_deep_v4,0,1799,13750.69,-0.007,-0.012,10737.30,0.8,ok,,,,
fir8,dsp,fir8,delay_choice_deep_v2,0,1708,13291.50,0.323,0.000,10362.18,0.9,ok,,,,
fir8,dsp,fir8,delay_syn2,0,2285,15920.27,0.896,0.000,9373.95,1.0,ok,,,,
fir8,dsp,fir8,delay_map,0,3750,19562.51,1.528,0.000,8830.88,1.1,ok,,,,
fir8,dsp,fir8,delay_map_resyn,0,2912,15663.77,1.628,0.000,8711.87,1.1,ok,,,,
fir8,dsp,fir8,balanced_resyn,0,1697,13291.50,0.038,0.000,10497.65,1.1,ok,,,,
fir8,dsp,fir8,area_classic,0,1708,13052.52,-1.433,-7.928,12250.10,1.3,ok,,,,
fir8,dsp,fir8,area_lut6,0,1655,12972.44,-1.153,-5.403,11688.13,1.5,ok,,,,
fir8,dsp,fir8,area_safe,0,1652,12954.92,-1.071,-5.118,11667.47,1.5,ok,,,,
fir8,dsp,fir8,orfs_area,0,2466,17301.59,0.752,0.000,9667.86,1.5,ok,,,,
fir8,dsp,fir8,yosys_default,0,1691,13205.16,-1.278,-5.543,11953.84,0.9,ok,,,,
fir8,dsp,fir8,orfs_speed,0,1708,13294.00,0.323,0.000,10362.18,1.0,ok,,,,
fir8,dsp,fir8,delay_triple,0,1733,13227.69,0.285,0.000,10398.42,1.8,ok,,,,
fir8,dsp,fir8,balanced_resyn2x,0,1660,13012.48,-0.040,-0.121,10522.27,1.8,ok,,,,
fir8,dsp,fir8,delay_choice_deep_v3@adder=kogge-stone,0,1811,13718.16,0.300,0.000,10116.94,1.2,ok,,,,
fir8,dsp,fir8,delay_iter_heavy,0,1740,13439.14,0.223,0.000,10317.25,2.2,ok,,,,
fir8,dsp,fir8,delay_choice_deep@adder=kogge-stone,0,1784,13641.83,0.325,0.000,10078.10,1.2,ok,,,,
fir8,dsp,fir8,delay_map@adder=kogge-stone,0,4170,21584.45,1.840,0.000,8591.87,1.6,ok,,,,
fir8,dsp,fir8,area_max,0,1651,12814.79,-1.581,-8.282,12138.20,2.4,ok,,,,
fir8,dsp,fir8,balanced_resyn@adder=kogge-stone,0,1900,14214.88,0.621,0.000,9999.44,1.5,ok,,,,
fir8,dsp,fir8,delay_choice_deep_v2@adder=kogge-stone,0,1784,13641.83,0.325,0.000,10078.10,1.3,ok,,,,
fir8,dsp,fir8,delay_map_resyn@adder=kogge-stone,1,3403,17668.20,2.112,0.000,8302.17,2.0,ok,,2.080,0.000,17668.20
fir8,dsp,fir8,delay_choice_deep_bb@adder=kogge-stone,0,1843,14609.01,0.202,0.000,10054.27,1.4,ok,,,,
fir8,dsp,fir8,delay_syn2@adder=kogge-stone,0,2454,17314.11,1.213,0.000,9180.72,1.6,ok,,,,
fir8,dsp,fir8,delay_choice_deep_v4@adder=kogge-stone,0,1894,14462.62,0.326,0.000,10268.34,1.3,ok,,,,
fir8,dsp,fir8,delay_triple@adder=kogge-stone,0,1773,13545.49,0.650,0.000,10184.12,2.1,ok,,,,
fir8,dsp,fir8,area_safe@adder=kogge-stone,0,1774,13432.88,-0.464,-2.047,10836.92,1.5,ok,,,,
fir8,dsp,fir8,delay_aggressive,0,1648,12868.59,-1.388,-6.734,11501.64,3.4,ok,,,,
fir8,dsp,fir8,yosys_default@adder=kogge-stone,0,1862,13769.46,-0.749,-3.051,11161.60,1.0,ok,,,,
fir8,dsp,fir8,orfs_speed@adder=kogge-stone,0,1784,13641.83,0.325,0.000,10078.10,1.0,ok,,,,
fir8,dsp,fir8,area_classic@adder=kogge-stone,0,1871,13862.04,-0.835,-2.706,11081.01,1.7,ok,,,,
fir8,dsp,fir8,balanced_resyn2x@adder=kogge-stone,0,1852,13834.52,0.417,0.000,10263.14,2.2,ok,,,,
fir8,dsp,fir8,delay_iter_heavy@adder=kogge-stone,0,1786,13743.18,0.607,0.000,9973.60,2.6,ok,,,,
fir8,dsp,fir8,delay_choice_deep_v3@adder=han-carlson,0,1774,13734.42,0.374,0.000,10375.12,1.0,ok,,,,
fir8,dsp,fir8,orfs_area@adder=kogge-stone,0,2672,18407.65,0.781,0.000,9512.15,1.9,ok,,,,
fir8,dsp,fir8,area_lut6@adder=kogge-stone,0,1780,13588.03,-0.715,-2.188,11065.30,2.0,ok,,,,
fir8,dsp,fir8,delay_choice_deep@adder=han-carlson,0,1738,13466.67,0.121,0.000,10425.06,1.1,ok,,,,
fir8,dsp,fir8,delay_map@adder=han-carlson,0,3907,20374.54,1.715,0.000,8675.28,1.6,ok,,,,
fir8,dsp,fir8,delay_choice_deep_bb@adder=han-carlson,0,1823,13855.79,0.090,0.000,10374.86,1.0,ok,,,,
fir8,dsp,fir8,delay_map_resyn@adder=han-carlson,0,3104,16444.52,1.849,0.000,8521.03,1.7,ok,,,,
fir8,dsp,fir8,balanced_resyn@adder=han-carlson,0,1759,13615.56,-0.001,-0.001,10277.53,1.4,ok,,,,
fir8,dsp,fir8,delay_choice_deep_v2@adder=han-carlson,0,1738,13466.67,0.121,0.000,10425.06,1.2,ok,,,,
fir8,dsp,fir8,delay_syn2@adder=han-carlson,0,2298,16001.60,1.143,0.000,9219.98,1.3,ok,,,,
fir8,dsp,fir8,delay_choice_deep_v4@adder=han-carlson,0,1830,13964.64,0.293,0.000,10437.60,1.3,ok,,,,
fir8,dsp,fir8,delay_triple@adder=han-carlson,0,1736,13186.40,-0.178,-0.475,11034.61,2.1,ok,,,,
fir8,dsp,fir8,area_max@adder=kogge-stone,0,1860,13653.09,-0.772,-2.259,11409.04,2.7,ok,,,,
fir8,dsp,fir8,area_safe@adder=han-carlson,0,1659,12942.41,-1.470,-7.121,11957.93,1.6,ok,,,,
fir8,dsp,fir8,orfs_speed@adder=han-carlson,0,1738,13466.67,0.121,0.000,10425.06,0.9,ok,,,,
fir8,dsp,fir8,delay_aggressive@adder=kogge-stone,0,1824,13372.83,-0.506,-2.003,11236.42,3.5,ok,,,,
fir8,dsp,fir8,area_classic@adder=han-carlson,0,1698,12991.21,-1.432,-6.572,12069.27,1.3,ok,,,,
fir8,dsp,fir8,balanced_resyn2x@adder=han-carlson,0,1652,13098.81,0.016,0.000,10372.86,2.0,ok,,,,
fir8,dsp,fir8,delay_iter_heavy@adder=han-carlson,0,1737,13243.95,0.347,0.000,10187.56,2.3,ok,,,,
fir8,dsp,fir8,yosys_default@adder=han-carlson,0,1701,13060.03,-1.302,-6.280,11782.50,1.0,ok,,,,
fir8,dsp,fir8,delay_choice_deep_v3@adder=sklansky,0,1730,13331.54,0.237,0.000,10301.75,0.9,ok,,,,
fir8,dsp,fir8,orfs_area@adder=han-carlson,0,2477,17259.05,0.593,0.000,9802.96,1.6,ok,,,,
fir8,dsp,fir8,delay_map@adder=sklansky,0,3832,19696.39,1.448,0.000,9165.40,1.1,ok,,,,
fir8,dsp,fir8,area_lut6@adder=han-carlson,0,1672,12852.33,-1.358,-6.583,11576.77,1.7,ok,,,,
fir8,dsp,fir8,delay_map_resyn@adder=sklansky,0,3032,16164.25,1.731,0.000,8572.66,1.5,ok,,,,
fir8,dsp,fir8,delay_choice_deep@adder=sklansky,0,1689,13263.97,0.310,0.000,10300.02,1.1,ok,,,,
fir8,dsp,fir8,delay_choice_deep_bb@adder=sklansky,0,1731,13540.49,0.323,0.000,10301.54,1.0,ok,,,,
fir8,dsp,fir8,balanced_resyn@adder=sklansky,0,1705,13341.55,0.204,0.000,10193.91,1.2,ok,,,,
fir8,dsp,fir8,delay_choice_deep_v2@adder=sklansky,0,1689,13325.28,0.356,0.000,10273.81,1.1,ok,,,,
fir8,dsp,fir8,delay_syn2@adder=sklansky,0,2315,16100.44,1.216,0.000,9219.15,1.2,ok,,,,
fir8,dsp,fir8,delay_triple@adder=sklansky,0,1695,13140.10,0.457,0.000,10269.39,1.7,ok,,,,
fir8,dsp,fir8,delay_choice_deep_v4@adder=sklansky,0,1815,13914.60,0.007,0.000,10654.04,1.1,ok,,,,
fir8,dsp,fir8,area_safe@adder=sklansky,0,1682,12976.20,-0.635,-2.305,11172.77,1.3,ok,,,,
fir8,dsp,fir8,area_max@adder=han-carlson,0,1621,12625.86,-1.226,-5.427,11834.17,2.6,ok,,,,
fir8,dsp,fir8,delay_aggressive@adder=han-carlson,0,1619,12702.18,-0.971,-3.700,11373.87,3.4,ok,,,,
fir8,dsp,fir8,balanced_resyn2x@adder=sklansky,0,1648,13009.98,0.181,0.000,10430.64,1.8,ok,,,,
fir8,dsp,fir8,yosys_default@adder=sklansky,0,1710,13392.84,-0.410,-1.228,10857.27,0.9,ok,,,,
fir8,dsp,fir8,area_classic@adder=sklansky,0,1697,13226.44,-0.605,-2.901,11241.95,1.5,ok,,,,
fir8,dsp,fir8,orfs_speed@adder=sklansky,0,1689,13286.49,0.310,0.000,10314.71,1.1,ok,,,,
fir8,dsp,fir8,delay_iter_heavy@adder=sklansky,0,1687,13152.61,0.165,0.000,10383.71,2.1,ok,,,,
fir8,dsp,fir8,orfs_area@adder=sklansky,0,2434,17166.46,0.804,0.000,9484.54,1.5,ok,,,,
fir8,dsp,fir8,delay_choice_deep_v3@booth,0,1882,14412.57,-0.018,-0.038,10439.42,1.0,ok,,,,
fir8,dsp,fir8,area_lut6@adder=sklansky,0,1664,12951.17,-1.082,-4.518,11626.11,1.7,ok,,,,
fir8,dsp,fir8,delay_map@booth,0,3877,19965.40,1.684,0.000,8781.19,1.3,ok,,,,
fir8,dsp,fir8,delay_map_resyn@booth,0,3201,17071.37,1.573,0.000,8748.22,1.6,ok,,,,
fir8,dsp,fir8,delay_choice_deep@booth,0,1877,14341.25,0.340,0.000,10394.05,1.2,ok,,,,
fir8,dsp,fir8,area_max@adder=sklansky,0,1643,12710.94,-1.209,-6.574,11722.38,2.2,ok,,,,
fir8,dsp,fir8,delay_choice_deep_bb@booth,0,1932,14815.46,0.093,0.000,10459.98,1.1,ok,,,,
fir8,dsp,fir8,delay_choice_deep_v2@booth,0,1877,14371.28,0.367,0.000,10375.88,1.3,ok,,,,
fir8,dsp,fir8,balanced_resyn@booth,0,1844,14002.18,-0.239,-0.360,10753.72,1.6,ok,,,,
fir8,dsp,fir8,delay_syn2@booth,0,2263,15611.22,0.918,0.000,9706.45,1.3,ok,,,,
fir8,dsp,fir8,delay_triple@booth,0,1912,14600.25,-0.146,-0.146,10451.80,2.0,ok,,,,
fir8,dsp,fir8,delay_choice_deep_v4@booth,0,1951,14816.71,-0.518,-2.096,11169.28,1.3,ok,,,,
fir8,dsp,fir8,delay_aggressive@adder=sklansky,0,1668,12816.04,-0.517,-2.039,11008.83,3.2,ok,,,,
fir8,dsp,fir8,area_safe@booth,0,1826,13758.20,-1.095,-4.545,11786.76,1.6,ok,,,,
fir8,dsp,fir8,yosys_default@booth,0,1852,13985.91,-1.661,-8.755,12139.15,0.9,ok,,,,
fir8,dsp,fir8,orfs_speed@booth,0,1877,14362.52,0.322,0.000,10363.48,1.0,ok,,,,
fir8,dsp,fir8,area_classic@booth,0,1847,13893.32,-1.326,-6.100,12019.85,1.7,ok,,,,
fir8,dsp,fir8,delay_iter_heavy@booth,0,1912,14281.20,0.079,0.000,10376.57,2.6,ok,,,,
fir8,dsp,fir8,area_lut6@booth,0,1832,13794.48,-1.150,-6.171,11841.95,1.7,ok,,,,
fir8,dsp,fir8,orfs_area@booth,0,2443,16844.91,-0.097,-0.097,10147.47,1.8,ok,,,,
fir8,dsp,fir8,balanced_resyn2x@booth,0,1830,14096.02,-0.171,-0.500,10791.24,2.6,ok,,,,
fir8,dsp,fir8,delay_choice_deep_v3@booth+adder=kogge-stone,0,2015,15041.93,0.574,0.000,10143.72,1.3,ok,,,,
fir8,dsp,fir8,delay_choice_deep@booth+adder=kogge-stone,0,1966,14971.86,0.295,0.000,10157.73,1.4,ok,,,,
fir8,dsp,fir8,delay_map_resyn@booth+adder=kogge-stone,0,3514,17919.69,1.624,0.000,8858.68,1.8,ok,,,,
fir8,dsp,fir8,delay_map@booth+adder=kogge-stone,0,4105,21425.55,1.749,0.000,8683.88,1.9,ok,,,,
fir8,dsp,fir8,balanced_resyn@booth+adder=kogge-stone,0,1963,14646.55,0.376,0.000,10048.11,1.7,ok,,,,
fir8,dsp,fir8,delay_choice_deep_bb@booth+adder=kogge-stone,0,2040,15471.09,0.467,0.000,9961.97,1.4,ok,,,,
fir8,dsp,fir8,delay_syn2@booth+adder=kogge-stone,0,2363,16691.01,1.318,0.000,9384.84,1.4,ok,,,,
fir8,dsp,fir8,area_max@booth,0,1807,13674.36,-1.281,-7.115,11889.76,2.8,ok,,,,
fir8,dsp,fir8,delay_choice_deep_v2@booth+adder=kogge-stone,0,1966,14928.07,0.548,0.000,10128.43,1.6,ok,,,,
fir8,dsp,fir8,delay_choice_deep_v4@booth+adder=kogge-stone,0,2066,15563.68,0.425,0.000,9971.23,1.4,ok,,,,
fir8,dsp,fir8,delay_triple@booth+adder=kogge-stone,0,1965,14670.32,0.289,0.000,10156.58,2.3,ok,,,,
fir8,dsp,fir8,delay_aggressive@booth,0,1805,13869.55,-1.102,-4.726,11527.17,3.6,ok,,,,
fir8,dsp,fir8,area_classic@booth+adder=kogge-stone,0,1918,14172.34,-0.728,-3.017,11158.77,1.6,ok,,,,
fir8,dsp,fir8,area_safe@booth+adder=kogge-stone,0,1899,14069.74,-1.058,-3.137,11255.38,1.7,ok,,,,
fir8,dsp,fir8,delay_iter_heavy@booth+adder=kogge-stone,0,1976,14635.29,0.518,0.000,10171.87,2.7,ok,,,,
fir8,dsp,fir8,balanced_resyn2x@booth+adder=kogge-stone,0,1996,15014.40,0.669,0.000,10128.10,2.5,ok,,,,
fir8,dsp,fir8,orfs_speed@booth+adder=kogge-stone,0,1966,14829.22,0.467,0.000,10223.36,1.1,ok,,,,
fir8,dsp,fir8,area_lut6@booth+adder=kogge-stone,0,1927,14249.92,-1.032,-3.342,11311.06,1.6,ok,,,,
fir8,dsp,fir8,yosys_default@booth+adder=kogge-stone,0,1978,14382.54,-1.579,-8.871,12337.01,1.1,ok,,,,
fir8,dsp,fir8,orfs_area@booth+adder=kogge-stone,0,2536,17730.76,0.859,0.000,9465.35,1.7,ok,,,,
fir8,dsp,fir8,delay_aggressive@booth+adder=kogge-stone,0,1891,14098.52,-0.391,-1.362,10941.77,3.1,ok,,,,
fir8,dsp,fir8,area_max@booth+adder=kogge-stone,0,1888,13917.10,-0.713,-2.142,10851.18,2.2,ok,,,,
aes_round,crypto,aes_round,orfs_area,1,11830,67468.46,1.808,0.000,4421.78,4.5,ok,,1.780,0.000,67468.46
aes_round,crypto,aes_round,delay_syn2,0,11136,61712.94,1.639,0.000,4677.07,4.7,ok,,,,
aes_round,crypto,aes_round,delay_choice_deep_v3,0,9563,57296.20,1.397,0.000,4991.75,5.0,ok,,,,
aes_round,crypto,aes_round,delay_choice_deep_v4,0,9477,55151.64,1.010,0.000,5205.92,5.0,ok,,,,
aes_round,crypto,aes_round,delay_choice_deep_bb,0,9440,55429.41,1.047,0.000,5125.37,5.4,ok,,,,
aes_round,crypto,aes_round,delay_choice_deep_v2,0,9666,55986.20,1.272,0.000,5160.23,5.8,ok,,,,
aes_round,crypto,aes_round,delay_map,0,14609,69809.45,1.630,0.000,4760.22,5.8,ok,,,,
aes_round,crypto,aes_round,delay_choice_deep,0,9666,55986.20,1.272,0.000,5160.23,5.8,ok,,,,
aes_round,crypto,aes_round,balanced_resyn,0,9626,52540.39,1.350,0.000,5022.35,6.0,ok,,,,
aes_round,crypto,aes_round,delay_map_resyn,0,14190,68207.92,1.708,0.000,4549.92,6.3,ok,,,,
aes_round,crypto,aes_round,area_safe,0,9577,53219.79,1.357,0.000,5003.80,6.7,ok,,,,
aes_round,crypto,aes_round,area_classic,0,9273,49650.12,1.001,0.000,5443.96,6.8,ok,,,,
aes_round,crypto,aes_round,area_lut6,0,9562,51007.67,0.972,0.000,5240.92,7.9,ok,,,,
aes_round,crypto,aes_round,orfs_speed,0,9666,55918.63,1.265,0.000,5190.01,5.0,ok,,,,
aes_round,crypto,aes_round,yosys_default,0,9447,53550.11,1.170,0.000,5047.02,5.0,ok,,,,
aes_round,crypto,aes_round,balanced_resyn2x,0,9475,53537.60,1.422,0.000,4947.16,10.0,ok,,,,
aes_round,crypto,aes_round,delay_choice_deep_v3@adder=kogge-stone,0,9563,57296.20,1.397,0.000,4991.75,5.1,ok,,,,
aes_round,crypto,aes_round,delay_map@adder=kogge-stone,0,14609,69809.45,1.630,0.000,4760.22,6.0,ok,,,,
aes_round,crypto,aes_round,delay_triple,0,9486,53426.24,1.251,0.000,4986.31,11.1,ok,,,,
aes_round,crypto,aes_round,delay_choice_deep@adder=kogge-stone,0,9666,55986.20,1.272,0.000,5160.23,5.8,ok,,,,
aes_round,crypto,aes_round,delay_map_resyn@adder=kogge-stone,0,14190,68207.92,1.708,0.000,4549.92,6.9,ok,,,,
aes_round,crypto,aes_round,balanced_resyn@adder=kogge-stone,0,9626,52540.39,1.350,0.000,5022.35,6.2,ok,,,,
aes_round,crypto,aes_round,delay_syn2@adder=kogge-stone,0,11136,61712.94,1.639,0.000,4677.07,5.2,ok,,,,
aes_round,crypto,aes_round,area_max,0,9237,51076.49,1.392,0.000,4996.23,12.2,ok,,,,
aes_round,crypto,aes_round,delay_choice_deep_v2@adder=kogge-stone,0,9666,55986.20,1.272,0.000,5160.23,5.8,ok,,,,
aes_round,crypto,aes_round,delay_choice_deep_bb@adder=kogge-stone,0,9440,55429.41,1.047,0.000,5125.37,6.0,ok,,,,
aes_round,crypto,aes_round,delay_iter_heavy,0,9484,54144.43,1.384,0.000,4917.86,14.1,ok,,,,
aes_round,crypto,aes_round,delay_choice_deep_v4@adder=kogge-stone,0,9477,55151.64,1.010,0.000,5205.92,5.5,ok,,,,
aes_round,crypto,aes_round,orfs_area@adder=kogge-stone,0,11830,67468.46,1.808,0.000,4421.78,5.0,ok,,,,
aes_round,crypto,aes_round,area_safe@adder=kogge-stone,0,9577,53219.79,1.357,0.000,5003.80,7.1,ok,,,,
aes_round,crypto,aes_round,yosys_default@adder=kogge-stone,0,9447,53550.11,1.170,0.000,5047.02,4.8,ok,,,,
aes_round,crypto,aes_round,orfs_speed@adder=kogge-stone,0,9666,55918.63,1.265,0.000,5190.01,5.1,ok,,,,
aes_round,crypto,aes_round,balanced_resyn2x@adder=kogge-stone,0,9475,53537.60,1.422,0.000,4947.16,10.8,ok,,,,
aes_round,crypto,aes_round,area_classic@adder=kogge-stone,0,9273,49650.12,1.001,0.000,5443.96,7.2,ok,,,,
aes_round,crypto,aes_round,delay_aggressive,0,9359,51421.82,1.374,0.000,4982.58,17.7,ok,,,,
aes_round,crypto,aes_round,delay_triple@adder=kogge-stone,0,9486,53426.24,1.251,0.000,4986.31,12.1,ok,,,,
aes_round,crypto,aes_round,delay_choice_deep_v3@adder=han-carlson,0,9563,57296.20,1.397,0.000,4991.75,5.5,ok,,,,
aes_round,crypto,aes_round,delay_map@adder=han-carlson,0,14609,69809.45,1.630,0.000,4760.22,6.3,ok,,,,
aes_round,crypto,aes_round,delay_map_resyn@adder=han-carlson,0,14190,68207.92,1.708,0.000,4549.92,6.8,ok,,,,
aes_round,crypto,aes_round,area_lut6@adder=kogge-stone,0,9562,51007.67,0.972,0.000,5240.92,8.0,ok,,,,
aes_round,crypto,aes_round,delay_iter_heavy@adder=kogge-stone,0,9484,54144.43,1.384,0.000,4917.86,14.4,ok,,,,
aes_round,crypto,aes_round,balanced_resyn@adder=han-carlson,0,9626,52540.39,1.350,0.000,5022.35,6.5,ok,,,,
aes_round,crypto,aes_round,delay_choice_deep@adder=han-carlson,0,9666,55986.20,1.272,0.000,5160.23,6.2,ok,,,,
aes_round,crypto,aes_round,delay_syn2@adder=han-carlson,0,11136,61712.94,1.639,0.000,4677.07,5.4,ok,,,,
aes_round,crypto,aes_round,delay_choice_deep_v2@adder=han-carlson,0,9666,55986.20,1.272,0.000,5160.23,6.3,ok,,,,
aes_round,crypto,aes_round,delay_choice_deep_bb@adder=han-carlson,0,9440,55429.41,1.047,0.000,5125.37,6.1,ok,,,,
aes_round,crypto,aes_round,orfs_area@adder=han-carlson,0,11830,67468.46,1.808,0.000,4421.78,5.4,ok,,,,
aes_round,crypto,aes_round,delay_choice_deep_v4@adder=han-carlson,0,9477,55151.64,1.010,0.000,5205.92,6.2,ok,,,,
aes_round,crypto,aes_round,area_max@adder=kogge-stone,0,9237,51076.49,1.392,0.000,4996.23,13.3,ok,,,,
aes_round,crypto,aes_round,area_safe@adder=han-carlson,0,9577,53219.79,1.357,0.000,5003.80,8.1,ok,,,,
aes_round,crypto,aes_round,area_classic@adder=han-carlson,0,9273,49650.12,1.001,0.000,5443.96,8.0,ok,,,,
aes_round,crypto,aes_round,delay_triple@adder=han-carlson,0,9486,53426.24,1.251,0.000,4986.31,12.6,ok,,,,
aes_round,crypto,aes_round,orfs_speed@adder=han-carlson,0,9666,55918.63,1.265,0.000,5190.01,6.3,ok,,,,
aes_round,crypto,aes_round,area_lut6@adder=han-carlson,0,9562,51007.67,0.972,0.000,5240.92,8.8,ok,,,,
aes_round,crypto,aes_round,yosys_default@adder=han-carlson,0,9447,53550.11,1.170,0.000,5047.02,6.0,ok,,,,
aes_round,crypto,aes_round,delay_aggressive@adder=kogge-stone,0,9359,51421.82,1.374,0.000,4982.58,18.6,ok,,,,
aes_round,crypto,aes_round,balanced_resyn2x@adder=han-carlson,0,9475,53537.60,1.422,0.000,4947.16,12.0,ok,,,,
aes_round,crypto,aes_round,delay_map@adder=sklansky,0,14609,69809.45,1.630,0.000,4760.22,6.9,ok,,,,
aes_round,crypto,aes_round,delay_choice_deep_v3@adder=sklansky,0,9563,57296.20,1.397,0.000,4991.75,6.1,ok,,,,
aes_round,crypto,aes_round,delay_map_resyn@adder=sklansky,0,14190,68207.92,1.708,0.000,4549.92,7.6,ok,,,,
aes_round,crypto,aes_round,delay_iter_heavy@adder=han-carlson,0,9484,54144.43,1.384,0.000,4917.86,16.2,ok,,,,
aes_round,crypto,aes_round,delay_choice_deep@adder=sklansky,0,9666,55986.20,1.272,0.000,5160.23,6.8,ok,,,,
aes_round,crypto,aes_round,balanced_resyn@adder=sklansky,0,9626,52540.39,1.350,0.000,5022.35,8.3,ok,,,,
aes_round,crypto,aes_round,delay_syn2@adder=sklansky,0,11136,61712.94,1.639,0.000,4677.07,6.5,ok,,,,
aes_round,crypto,aes_round,delay_choice_deep_v2@adder=sklansky,0,9666,55986.20,1.272,0.000,5160.23,7.3,ok,,,,
aes_round,crypto,aes_round,delay_choice_deep_bb@adder=sklansky,0,9440,55429.41,1.047,0.000,5125.37,6.9,ok,,,,
aes_round,crypto,aes_round,area_max@adder=han-carlson,0,9237,51076.49,1.392,0.000,4996.23,14.8,ok,,,,
aes_round,crypto,aes_round,delay_choice_deep_v4@adder=sklansky,0,9477,55151.64,1.010,0.000,5205.92,6.8,ok,,,,
aes_round,crypto,aes_round,orfs_area@adder=sklansky,0,11830,67468.46,1.808,0.000,4421.78,5.9,ok,,,,
aes_round,crypto,aes_round,area_safe@adder=sklansky,0,9577,53219.79,1.357,0.000,5003.80,8.3,ok,,,,
aes_round,crypto,aes_round,orfs_speed@adder=sklansky,0,9666,55918.63,1.265,0.000,5190.01,6.4,ok,,,,
aes_round,crypto,aes_round,delay_triple@adder=sklansky,0,9486,53426.24,1.251,0.000,4986.31,13.9,ok,,,,
aes_round,crypto,aes_round,area_classic@adder=sklansky,0,9273,49650.12,1.001,0.000,5443.96,8.4,ok,,,,
aes_round,crypto,aes_round,yosys_default@adder=sklansky,0,9447,53550.11,1.170,0.000,5047.02,6.1,ok,,,,
aes_round,crypto,aes_round,delay_aggressive@adder=han-carlson,0,9359,51421.82,1.374,0.000,4982.58,20.6,ok,,,,
aes_round,crypto,aes_round,area_lut6@adder=sklansky,0,9562,51007.67,0.972,0.000,5240.92,9.5,ok,,,,
aes_round,crypto,aes_round,balanced_resyn2x@adder=sklansky,0,9475,53537.60,1.422,0.000,4947.16,13.5,ok,,,,
aes_round,crypto,aes_round,delay_map@booth,0,14609,69809.45,1.630,0.000,4760.22,7.4,ok,,,,
aes_round,crypto,aes_round,delay_choice_deep_v3@booth,0,9563,57296.20,1.397,0.000,4991.75,6.5,ok,,,,
aes_round,crypto,aes_round,delay_map_resyn@booth,0,14190,68207.92,1.708,0.000,4549.92,8.3,ok,,,,
aes_round,crypto,aes_round,delay_iter_heavy@adder=sklansky,0,9484,54144.43,1.384,0.000,4917.86,17.8,ok,,,,
aes_round,crypto,aes_round,delay_choice_deep@booth,0,9666,55986.20,1.272,0.000,5160.23,6.8,ok,,,,
aes_round,crypto,aes_round,balanced_resyn@booth,0,9626,52540.39,1.350,0.000,5022.35,7.9,ok,,,,
aes_round,crypto,aes_round,delay_choice_deep_v2@booth,0,9666,55986.20,1.272,0.000,5160.23,7.0,ok,,,,
aes_round,crypto,aes_round,delay_choice_deep_bb@booth,0,9440,55429.41,1.047,0.000,5125.37,6.8,ok,,,,
aes_round,crypto,aes_round,delay_syn2@booth,0,11136,61712.94,1.639,0.000,4677.07,6.9,ok,,,,
aes_round,crypto,aes_round,delay_choice_deep_v4@booth,0,9477,55151.64,1.010,0.000,5205.92,6.8,ok,,,,
aes_round,crypto,aes_round,area_max@adder=sklansky,0,9237,51076.49,1.392,0.000,4996.23,15.6,ok,,,,
aes_round,crypto,aes_round,orfs_area@booth,0,11830,67468.46,1.808,0.000,4421.78,6.1,ok,,,,
aes_round,crypto,aes_round,area_safe@booth,0,9577,53219.79,1.357,0.000,5003.80,8.6,ok,,,,
aes_round,crypto,aes_round,delay_triple@booth,0,9486,53426.24,1.251,0.000,4986.31,14.4,ok,,,,
aes_round,crypto,aes_round,orfs_speed@booth,0,9666,55918.63,1.265,0.000,5190.01,6.7,ok,,,,
aes_round,crypto,aes_round,yosys_default@booth,0,9447,53550.11,1.170,0.000,5047.02,6.6,ok,,,,
aes_round,crypto,aes_round,area_classic@booth,0,9273,49650.12,1.001,0.000,5443.96,9.1,ok,,,,
aes_round,crypto,aes_round,area_lut6@booth,0,9562,51007.67,0.972,0.000,5240.92,9.6,ok,,,,
aes_round,crypto,aes_round,balanced_resyn2x@booth,0,9475,53537.60,1.422,0.000,4947.16,13.3,ok,,,,
aes_round,crypto,aes_round,delay_aggressive@adder=sklansky,0,9359,51421.82,1.374,0.000,4982.58,21.7,ok,,,,
aes_round,crypto,aes_round,delay_map@booth+adder=kogge-stone,0,14609,69809.45,1.630,0.000,4760.22,7.4,ok,,,,
aes_round,crypto,aes_round,delay_choice_deep_v3@booth+adder=kogge-stone,0,9563,57296.20,1.397,0.000,4991.75,6.4,ok,,,,
aes_round,crypto,aes_round,delay_iter_heavy@booth,0,9484,54144.43,1.384,0.000,4917.86,17.9,ok,,,,
aes_round,crypto,aes_round,delay_map_resyn@booth+adder=kogge-stone,0,14190,68207.92,1.708,0.000,4549.92,8.3,ok,,,,
aes_round,crypto,aes_round,delay_choice_deep@booth+adder=kogge-stone,0,9666,55986.20,1.272,0.000,5160.23,6.8,ok,,,,
aes_round,crypto,aes_round,balanced_resyn@booth+adder=kogge-stone,0,9626,52540.39,1.350,0.000,5022.35,7.5,ok,,,,
aes_round,crypto,aes_round,delay_syn2@booth+adder=kogge-stone,0,11136,61712.94,1.639,0.000,4677.07,6.5,ok,,,,
aes_round,crypto,aes_round,delay_choice_deep_v2@booth+adder=kogge-stone,0,9666,55986.20,1.272,0.000,5160.23,7.4,ok,,,,
aes_round,crypto,aes_round,delay_choice_deep_bb@booth+adder=kogge-stone,0,9440,55429.41,1.047,0.000,5125.37,6.9,ok,,,,
aes_round,crypto,aes_round,delay_choice_deep_v4@booth+adder=kogge-stone,0,9477,55151.64,1.010,0.000,5205.92,6.3,ok,,,,
aes_round,crypto,aes_round,orfs_area@booth+adder=kogge-stone,0,11830,67468.46,1.808,0.000,4421.78,5.8,ok,,,,
aes_round,crypto,aes_round,area_max@booth,0,9237,51076.49,1.392,0.000,4996.23,15.1,ok,,,,
aes_round,crypto,aes_round,area_classic@booth+adder=kogge-stone,0,9273,49650.12,1.001,0.000,5443.96,7.6,ok,,,,
aes_round,crypto,aes_round,orfs_speed@booth+adder=kogge-stone,0,9666,55918.63,1.265,0.000,5190.01,5.3,ok,,,,
aes_round,crypto,aes_round,area_safe@booth+adder=kogge-stone,0,9577,53219.79,1.357,0.000,5003.80,8.0,ok,,,,
aes_round,crypto,aes_round,delay_triple@booth+adder=kogge-stone,0,9486,53426.24,1.251,0.000,4986.31,13.4,ok,,,,
aes_round,crypto,aes_round,yosys_default@booth+adder=kogge-stone,0,9447,53550.11,1.170,0.000,5047.02,5.3,ok,,,,
aes_round,crypto,aes_round,area_lut6@booth+adder=kogge-stone,0,9562,51007.67,0.972,0.000,5240.92,8.0,ok,,,,
aes_round,crypto,aes_round,balanced_resyn2x@booth+adder=kogge-stone,0,9475,53537.60,1.422,0.000,4947.16,11.6,ok,,,,
aes_round,crypto,aes_round,delay_aggressive@booth,0,9359,51421.82,1.374,0.000,4982.58,20.7,ok,,,,
aes_round,crypto,aes_round,delay_iter_heavy@booth+adder=kogge-stone,0,9484,54144.43,1.384,0.000,4917.86,15.4,ok,,,,
aes_round,crypto,aes_round,area_max@booth+adder=kogge-stone,0,9237,51076.49,1.392,0.000,4996.23,11.0,ok,,,,
aes_round,crypto,aes_round,delay_aggressive@booth+adder=kogge-stone,0,9359,51421.82,1.374,0.000,4982.58,16.2,ok,,,,
sha256_core,crypto,sha256_core,delay_syn2,0,9121,68393.09,-1.482,-6.428,12575.78,2.7,ok,,,,
sha256_core,crypto,sha256_core,delay_choice_deep_v3,0,8930,68291.75,-0.484,-1.484,11768.57,2.8,ok,,,,
sha256_core,crypto,sha256_core,delay_choice_deep,0,8788,67689.92,-0.214,-0.446,11735.33,3.0,ok,,,,
sha256_core,crypto,sha256_core,delay_choice_deep_bb,0,8532,66825.34,-1.847,-22.759,13274.88,3.0,ok,,,,
sha256_core,crypto,sha256_core,delay_choice_deep_v4,0,8538,66718.99,-1.967,-24.974,13231.75,3.1,ok,,,,
sha256_core,crypto,sha256_core,delay_map,0,11710,75574.98,1.137,0.000,10201.59,3.1,ok,,,,
sha256_core,crypto,sha256_core,orfs_area,0,9579,74512.71,-0.634,-2.455,11972.23,3.2,ok,,,,
sha256_core,crypto,sha256_core,delay_choice_deep_v2,0,8788,67689.92,-0.214,-0.446,11735.33,3.6,ok,,,,
sha256_core,crypto,sha256_core,balanced_resyn,0,8685,66829.09,-0.807,-2.780,12056.30,4.0,ok,,,,
sha256_core,crypto,sha256_core,delay_map_resyn,0,10600,70989.33,0.353,0.000,10666.37,4.0,ok,,,,
sha256_core,crypto,sha256_core,area_safe,0,8076,64139.01,-2.975,-54.209,14508.29,4.3,ok,,,,
sha256_core,crypto,sha256_core,area_classic,0,8156,64475.59,-3.120,-63.994,14529.24,4.3,ok,,,,
sha256_core,crypto,sha256_core,area_lut6,0,7821,63659.80,-3.070,-64.615,14413.62,4.5,ok,,,,
sha256_core,crypto,sha256_core,yosys_default,0,8274,66212.25,-3.267,-64.325,14701.58,2.7,ok,,,,
sha256_core,crypto,sha256_core,orfs_speed,0,8788,67689.92,-0.214,-0.446,11735.33,2.8,ok,,,,
sha256_core,crypto,sha256_core,balanced_resyn2x,0,8673,66343.63,-0.887,-5.257,12123.46,6.5,ok,,,,
sha256_core,crypto,sha256_core,delay_choice_deep_v3@adder=kogge-stone,0,9516,72031.58,0.176,0.000,11137.19,3.5,ok,,,,
sha256_core,crypto,sha256_core,delay_triple,0,8316,65979.53,-0.074,-0.074,11686.03,6.6,ok,,,,
sha256_core,crypto,sha256_core,delay_map@adder=kogge-stone,0,14111,86482.94,1.587,0.000,9762.71,4.0,ok,,,,
sha256_core,crypto,sha256_core,delay_map_resyn@adder=kogge-stone,1,12170,77196.54,2.075,0.000,9220.16,4.7,ok,,2.050,0.000,77196.54
sha256_core,crypto,sha256_core,delay_iter_heavy,0,8304,65625.44,-0.334,-0.835,11677.99,7.8,ok,,,,
sha256_core,crypto,sha256_core,delay_syn2@adder=kogge-stone,0,9906,72995.01,0.455,0.000,10798.45,3.4,ok,,,,
sha256_core,crypto,sha256_core,balanced_resyn@adder=kogge-stone,0,8900,68230.44,0.760,0.000,10873.47,4.3,ok,,,,
sha256_core,crypto,sha256_core,delay_choice_deep@adder=kogge-stone,0,9298,71056.90,0.313,0.000,10984.67,3.9,ok,,,,
sha256_core,crypto,sha256_core,delay_choice_deep_bb@adder=kogge-stone,0,9174,70428.80,0.236,0.000,11024.82,3.6,ok,,,,
sha256_core,crypto,sha256_core,area_max,0,8090,63821.21,-3.038,-54.237,14436.90,8.3,ok,,,,
sha256_core,crypto,sha256_core,delay_choice_deep_v2@adder=kogge-stone,0,9298,71056.90,0.313,0.000,10984.67,4.1,ok,,,,
sha256_core,crypto,sha256_core,area_safe@adder=kogge-stone,0,8347,66626.40,-2.442,-41.761,13805.33,4.7,ok,,,,
sha256_core,crypto,sha256_core,delay_choice_deep_v4@adder=kogge-stone,0,9204,70789.14,-0.244,-0.244,11132.42,3.7,ok,,,,
sha256_core,crypto,sha256_core,orfs_area@adder=kogge-stone,0,10151,77595.67,0.378,0.000,10995.33,3.9,ok,,,,
sha256_core,crypto,sha256_core,delay_triple@adder=kogge-stone,0,8805,69202.62,0.490,0.000,10968.83,7.5,ok,,,,
sha256_core,crypto,sha256_core,yosys_default@adder=kogge-stone,0,8706,67370.86,-2.662,-39.774,13880.59,3.0,ok,,,,
sha256_core,crypto,sha256_core,delay_choice_deep_v3@adder=han-carlson,0,9033,69103.78,-0.182,-0.359,11582.30,2.9,ok,,,,
sha256_core,crypto,sha256_core,area_classic@adder=kogge-stone,0,8215,65043.63,-2.297,-34.565,13776.26,4.7,ok,,,,
sha256_core,crypto,sha256_core,balanced_resyn2x@adder=kogge-stone,0,8785,68434.38,0.426,0.000,10998.44,7.3,ok,,,,
sha256_core,crypto,sha256_core,orfs_speed@adder=kogge-stone,0,9298,70630.24,0.255,0.000,11177.53,3.7,ok,,,,
sha256_core,crypto,sha256_core,delay_aggressive,0,8036,63905.04,-2.727,-43.457,14245.06,11.5,ok,,,,
sha256_core,crypto,sha256_core,delay_map@adder=han-carlson,0,12740,80472.18,1.573,0.000,9741.40,3.6,ok,,,,
sha256_core,crypto,sha256_core,area_lut6@adder=kogge-stone,0,8049,64748.35,-2.723,-49.422,14123.77,4.8,ok,,,,
sha256_core,crypto,sha256_core,delay_map_resyn@adder=han-carlson,0,11311,73581.82,1.376,0.000,9829.81,4.2,ok,,,,
sha256_core,crypto,sha256_core,delay_iter_heavy@adder=kogge-stone,0,8711,68488.19,0.415,0.000,11269.40,9.3,ok,,,,
sha256_core,crypto,sha256_core,delay_choice_deep@adder=han-carlson,0,8954,68378.08,-0.131,-0.402,11584.44,3.3,ok,,,,
sha256_core,crypto,sha256_core,delay_syn2@adder=han-carlson,0,9432,70771.63,0.100,0.000,11051.17,3.0,ok,,,,
sha256_core,crypto,sha256_core,delay_choice_deep_v2@adder=han-carlson,0,8954,68331.79,-0.179,-0.419,11567.09,3.5,ok,,,,
sha256_core,crypto,sha256_core,delay_choice_deep_bb@adder=han-carlson,0,8694,67796.27,0.025,0.000,11352.73,3.1,ok,,,,
sha256_core,crypto,sha256_core,balanced_resyn@adder=han-carlson,0,8870,67983.95,0.210,0.000,11359.61,4.3,ok,,,,
sha256_core,crypto,sha256_core,delay_triple@adder=han-carlson,0,8389,66907.92,-0.200,-0.280,11588.45,6.3,ok,,,,
sha256_core,crypto,sha256_core,delay_choice_deep_v4@adder=han-carlson,0,8798,68849.78,-0.222,-0.364,11422.29,3.5,ok,,,,
sha256_core,crypto,sha256_core,orfs_area@adder=han-carlson,0,9884,76912.52,-0.362,-0.756,11645.01,3.5,ok,,,,
sha256_core,crypto,sha256_core,area_max@adder=kogge-stone,0,8063,64714.57,-2.926,-51.458,14222.81,7.6,ok,,,,
sha256_core,crypto,sha256_core,orfs_speed@adder=han-carlson,0,8954,68385.59,-0.131,-0.402,11584.44,3.0,ok,,,,
sha256_core,crypto,sha256_core,delay_aggressive@adder=kogge-stone,0,8084,63985.12,-3.003,-53.165,14389.96,10.2,ok,,,,
sha256_core,crypto,sha256_core,area_safe@adder=han-carlson,0,8024,65286.36,-3.081,-68.647,14641.59,4.4,ok,,,,
sha256_core,crypto,sha256_core,yosys_default@adder=han-carlson,0,8383,66170.96,-3.136,-57.297,14645.93,2.8,ok,,,,
sha256_core,crypto,sha256_core,area_classic@adder=han-carlson,0,8107,65056.14,-2.860,-48.280,14535.58,4.9,ok,,,,
sha256_core,crypto,sha256_core,delay_iter_heavy@adder=han-carlson,0,8382,66182.22,0.116,0.000,11680.08,8.2,ok,,,,
sha256_core,crypto,sha256_core,area_lut6@adder=han-carlson,0,8082,64623.23,-3.107,-57.486,14615.98,4.8,ok,,,,
sha256_core,crypto,sha256_core,delay_choice_deep_v3@adder=sklansky,0,9162,70109.74,0.025,0.000,11340.86,2.8,ok,,,,
sha256_core,crypto,sha256_core,delay_map@adder=sklansky,0,12855,80920.11,1.658,0.000,9675.92,3.3,ok,,,,
sha256_core,crypto,sha256_core,balanced_resyn2x@adder=han-carlson,0,8796,67100.60,-0.141,-0.257,11522.05,6.8,ok,,,,
sha256_core,crypto,sha256_core,delay_map_resyn@adder=sklansky,0,11286,73311.56,1.265,0.000,10205.82,4.2,ok,,,,
sha256_core,crypto,sha256_core,delay_choice_deep@adder=sklansky,0,9165,69643.04,-0.147,-0.147,11452.98,3.4,ok,,,,
sha256_core,crypto,sha256_core,delay_syn2@adder=sklansky,0,9318,70054.69,-0.620,-2.342,11852.40,2.9,ok,,,,
sha256_core,crypto,sha256_core,delay_choice_deep_bb@adder=sklansky,0,8813,68022.74,-2.096,-28.666,13255.71,3.3,ok,,,,
sha256_core,crypto,sha256_core,delay_choice_deep_v2@adder=sklansky,0,9165,69771.92,0.029,0.000,11433.62,3.6,ok,,,,
sha256_core,crypto,sha256_core,balanced_resyn@adder=sklansky,0,8927,68013.98,0.089,0.000,11394.08,4.3,ok,,,,
sha256_core,crypto,sha256_core,area_max@adder=han-carlson,0,8081,64011.39,-2.919,-60.422,14336.36,7.4,ok,,,,
sha256_core,crypto,sha256_core,delay_choice_deep_v4@adder=sklansky,0,8803,68473.17,-0.805,-2.313,11918.69,3.2,ok,,,,
sha256_core,crypto,sha256_core,orfs_area@adder=sklansky,0,9768,75985.38,-0.187,-0.490,11422.68,3.2,ok,,,,
sha256_core,crypto,sha256_core,area_safe@adder=sklansky,0,8130,65645.46,-3.122,-63.474,14498.73,4.4,ok,,,,
sha256_core,crypto,sha256_core,area_classic@adder=sklansky,0,8169,64700.80,-2.925,-51.179,14237.57,4.6,ok,,,,
sha256_core,crypto,sha256_core,yosys_default@adder=sklansky,0,8539,67913.88,-2.986,-56.017,14645.13,2.9,ok,,,,
sha256_core,crypto,sha256_core,delay_aggressive@adder=han-carlson,0,8055,64325.44,-2.636,-41.200,14165.45,10.0,ok,,,,
sha256_core,crypto,sha256_core,orfs_speed@adder=sklansky,0,9165,69665.56,-0.147,-0.147,11452.98,3.0,ok,,,,
sha256_core,crypto,sha256_core,delay_triple@adder=sklansky,0,8490,67069.32,-0.134,-0.243,11547.19,7.1,ok,,,,
sha256_core,crypto,sha256_core,delay_map@booth,0,11710,75574.98,1.137,0.000,10201.59,3.0,ok,,,,
sha256_core,crypto,sha256_core,delay_choice_deep_v3@booth,0,8930,68291.75,-0.484,-1.484,11768.57,2.6,ok,,,,
sha256_core,crypto,sha256_core,area_lut6@adder=sklansky,0,7998,64445.56,-3.002,-56.126,14341.04,4.9,ok,,,,
sha256_core,crypto,sha256_core,balanced_resyn2x@adder=sklansky,0,8889,67323.32,-0.215,-0.460,11547.11,7.0,ok,,,,
sha256_core,crypto,sha256_core,delay_iter_heavy@adder=sklansky,0,8510,67265.76,-0.112,-0.168,11490.55,8.2,ok,,,,
sha256_core,crypto,sha256_core,delay_map_resyn@booth,0,10600,70989.33,0.353,0.000,10666.37,3.9,ok,,,,
sha256_core,crypto,sha256_core,delay_choice_deep@booth,0,8788,67689.92,-0.214,-0.446,11735.33,3.1,ok,,,,
sha256_core,crypto,sha256_core,balanced_resyn@booth,0,8685,66829.09,-0.807,-2.780,12056.30,3.7,ok,,,,
sha256_core,crypto,sha256_core,delay_syn2@booth,0,9121,68393.09,-1.482,-6.428,12575.78,2.5,ok,,,,
sha256_core,crypto,sha256_core,delay_choice_deep_bb@booth,0,8532,66825.34,-1.847,-22.759,13274.88,3.0,ok,,,,
sha256_core,crypto,sha256_core,delay_choice_deep_v2@booth,0,8788,67689.92,-0.214,-0.446,11735.33,3.2,ok,,,,
sha256_core,crypto,sha256_core,delay_choice_deep_v4@booth,0,8538,66718.99,-1.967,-24.974,13231.75,2.9,ok,,,,
sha256_core,crypto,sha256_core,area_max@adder=sklansky,0,8086,63980.11,-2.816,-50.107,14204.06,7.4,ok,,,,
sha256_core,crypto,sha256_core,orfs_area@booth,0,9579,74512.71,-0.634,-2.455,11972.23,3.1,ok,,,,
sha256_core,crypto,sha256_core,delay_triple@booth,0,8316,65979.53,-0.074,-0.074,11686.03,6.0,ok,,,,
sha256_core,crypto,sha256_core,area_safe@booth,0,8076,64139.01,-2.975,-54.209,14508.29,4.0,ok,,,,
sha256_core,crypto,sha256_core,yosys_default@booth,0,8274,66212.25,-3.267,-64.325,14701.58,2.6,ok,,,,
sha256_core,crypto,sha256_core,orfs_speed@booth,0,8788,67689.92,-0.214,-0.446,11735.33,2.9,ok,,,,
sha256_core,crypto,sha256_core,area_classic@booth,0,8156,64475.59,-3.120,-63.994,14529.24,4.4,ok,,,,
sha256_core,crypto,sha256_core,delay_aggressive@adder=sklansky,0,8107,64483.09,-2.667,-44.965,13946.77,10.4,ok,,,,
sha256_core,crypto,sha256_core,area_lut6@booth,0,7821,63659.80,-3.070,-64.615,14413.62,4.6,ok,,,,
sha256_core,crypto,sha256_core,balanced_resyn2x@booth,0,8673,66343.63,-0.887,-5.257,12123.46,6.5,ok,,,,
sha256_core,crypto,sha256_core,delay_iter_heavy@booth,0,8304,65625.44,-0.334,-0.835,11677.99,7.7,ok,,,,
sha256_core,crypto,sha256_core,delay_map@booth+adder=kogge-stone,0,14111,86482.94,1.587,0.000,9762.71,4.0,ok,,,,
sha256_core,crypto,sha256_core,delay_choice_deep_v3@booth+adder=kogge-stone,0,9516,72031.58,0.176,0.000,11137.19,3.4,ok,,,,
sha256_core,crypto,sha256_core,delay_map_resyn@booth+adder=kogge-stone,0,12170,77196.54,2.075,0.000,9220.16,4.4,ok,,,,
sha256_core,crypto,sha256_core,delay_choice_deep@booth+adder=kogge-stone,0,9298,71056.90,0.313,0.000,10984.67,3.8,ok,,,,
sha256_core,crypto,sha256_core,balanced_resyn@booth+adder=kogge-stone,0,8900,68230.44,0.760,0.000,10873.47,4.3,ok,,,,
sha256_core,crypto,sha256_core,delay_syn2@booth+adder=kogge-stone,0,9906,72995.01,0.455,0.000,10798.45,3.3,ok,,,,
sha256_core,crypto,sha256_core,delay_choice_deep_bb@booth+adder=kogge-stone,0,9174,70428.80,0.236,0.000,11024.82,3.7,ok,,,,
sha256_core,crypto,sha256_core,delay_choice_deep_v2@booth+adder=kogge-stone,0,9298,71056.90,0.313,0.000,10984.67,4.0,ok,,,,
sha256_core,crypto,sha256_core,area_max@booth,0,8090,63821.21,-3.038,-54.237,14436.90,7.1,ok,,,,
sha256_core,crypto,sha256_core,delay_choice_deep_v4@booth+adder=kogge-stone,0,9204,70789.14,-0.244,-0.244,11132.42,3.5,ok,,,,
sha256_core,crypto,sha256_core,orfs_area@booth+adder=kogge-stone,0,10151,77595.67,0.378,0.000,10995.33,3.7,ok,,,,
sha256_core,crypto,sha256_core,area_safe@booth+adder=kogge-stone,0,8347,66626.40,-2.442,-41.761,13805.33,4.4,ok,,,,
sha256_core,crypto,sha256_core,delay_aggressive@booth,0,8036,63905.04,-2.727,-43.457,14245.06,10.0,ok,,,,
sha256_core,crypto,sha256_core,orfs_speed@booth+adder=kogge-stone,0,9298,70630.24,0.255,0.000,11177.53,3.3,ok,,,,
sha256_core,crypto,sha256_core,delay_triple@booth+adder=kogge-stone,0,8805,69202.62,0.490,0.000,10968.83,7.1,ok,,,,
sha256_core,crypto,sha256_core,yosys_default@booth+adder=kogge-stone,0,8706,67370.86,-2.662,-39.774,13880.59,2.8,ok,,,,
sha256_core,crypto,sha256_core,area_classic@booth+adder=kogge-stone,0,8215,65043.63,-2.297,-34.565,13776.26,4.6,ok,,,,
sha256_core,crypto,sha256_core,area_lut6@booth+adder=kogge-stone,0,8049,64748.35,-2.723,-49.422,14123.77,4.6,ok,,,,
sha256_core,crypto,sha256_core,balanced_resyn2x@booth+adder=kogge-stone,0,8785,68434.38,0.426,0.000,10998.44,6.9,ok,,,,
sha256_core,crypto,sha256_core,delay_iter_heavy@booth+adder=kogge-stone,0,8711,68488.19,0.415,0.000,11269.40,8.5,ok,,,,
sha256_core,crypto,sha256_core,area_max@booth+adder=kogge-stone,0,8063,64714.57,-2.926,-51.458,14222.81,6.9,ok,,,,
sha256_core,crypto,sha256_core,delay_aggressive@booth+adder=kogge-stone,0,8084,63985.12,-3.003,-53.165,14389.96,9.2,ok,,,,
crc32_8,logic,crc32_8,delay_map,0,279,2529.93,0.128,0.000,2558.90,0.2,ok,,,,
crc32_8,logic,crc32_8,delay_choice_deep,0,198,2250.91,-0.131,-0.877,3135.59,0.2,ok,,,,
crc32_8,logic,crc32_8,delay_map_resyn,1,320,2755.14,0.206,0.000,2449.96,0.2,ok,,0.210,0.000,2755.14
crc32_8,logic,crc32_8,delay_choice_deep_v3,0,198,2253.41,-0.146,-0.347,2961.02,0.2,ok,,,,
crc32_8,logic,crc32_8,delay_syn2,0,213,2128.29,-0.567,-2.124,3425.31,0.2,ok,,,,
crc32_8,logic,crc32_8,delay_choice_deep_v2,0,198,2250.91,-0.131,-0.877,3135.59,0.2,ok,,,,
crc32_8,logic,crc32_8,delay_choice_deep_bb,0,182,2149.56,-0.304,-1.648,3186.79,0.2,ok,,,,
crc32_8,logic,crc32_8,delay_choice_deep_v4,0,180,2088.25,-0.359,-1.839,3316.03,0.2,ok,,,,
crc32_8,logic,crc32_8,orfs_area,0,230,2273.43,-0.228,-0.228,2941.15,0.2,ok,,,,
crc32_8,logic,crc32_8,balanced_resyn,0,231,2140.80,-0.242,-0.797,3120.19,0.2,ok,,,,
crc32_8,logic,crc32_8,area_safe,0,249,2304.71,-0.243,-0.825,3134.70,0.3,ok,,,,
crc32_8,logic,crc32_8,area_classic,0,247,2208.37,-0.175,-0.783,3122.14,0.3,ok,,,,
crc32_8,logic,crc32_8,area_lut6,0,244,2148.31,-0.202,-0.670,3191.21,0.3,ok,,,,
crc32_8,logic,crc32_8,delay_triple,0,220,2153.32,-0.030,-0.056,3004.45,0.3,ok,,,,
crc32_8,logic,crc32_8,balanced_resyn2x,0,227,2152.06,-0.329,-0.549,3100.71,0.3,ok,,,,
crc32_8,logic,crc32_8,delay_iter_heavy,0,220,2164.58,-0.142,-0.368,3024.11,0.3,ok,,,,
crc32_8,logic,crc32_8,yosys_default,0,220,2157.07,-0.234,-0.519,3175.36,0.2,ok,,,,
crc32_8,logic,crc32_8,orfs_speed,0,198,2250.91,-0.131,-0.877,3135.59,0.2,ok,,,,
crc32_8,logic,crc32_8,delay_choice_deep_v3@adder=kogge-stone,0,198,2253.41,-0.146,-0.347,2961.02,0.2,ok,,,,
crc32_8,logic,crc32_8,delay_map@adder=kogge-stone,0,279,2529.93,0.128,0.000,2558.90,0.2,ok,,,,
crc32_8,logic,crc32_8,area_max,0,239,2250.91,-0.267,-0.753,3031.39,0.4,ok,,,,
crc32_8,logic,crc32_8,delay_choice_deep@adder=kogge-stone,0,198,2250.91,-0.131,-0.877,3135.59,0.2,ok,,,,
crc32_8,logic,crc32_8,delay_map_resyn@adder=kogge-stone,0,320,2755.14,0.206,0.000,2449.96,0.2,ok,,,,
crc32_8,logic,crc32_8,delay_syn2@adder=kogge-stone,0,213,2128.29,-0.567,-2.124,3425.31,0.2,ok,,,,
crc32_8,logic,crc32_8,balanced_resyn@adder=kogge-stone,0,231,2140.80,-0.242,-0.797,3120.19,0.3,ok,,,,
crc32_8,logic,crc32_8,delay_choice_deep_bb@adder=kogge-stone,0,182,2149.56,-0.304,-1.648,3186.79,0.2,ok,,,,
crc32_8,logic,crc32_8,delay_aggressive,0,234,2145.81,-0.309,-1.104,3116.22,0.5,ok,,,,
crc32_8,logic,crc32_8,delay_triple@adder=kogge-stone,0,220,2153.32,-0.030,-0.056,3004.45,0.3,ok,,,,
crc32_8,logic,crc32_8,delay_choice_deep_v2@adder=kogge-stone,0,198,2250.91,-0.131,-0.877,3135.59,0.3,ok,,,,
crc32_8,logic,crc32_8,delay_choice_deep_v4@adder=kogge-stone,0,180,2088.25,-0.359,-1.839,3316.03,0.2,ok,,,,
crc32_8,logic,crc32_8,balanced_resyn2x@adder=kogge-stone,0,227,2152.06,-0.329,-0.549,3100.71,0.3,ok,,,,
crc32_8,logic,crc32_8,delay_iter_heavy@adder=kogge-stone,0,220,2164.58,-0.142,-0.368,3024.11,0.4,ok,,,,
crc32_8,logic,crc32_8,area_safe@adder=kogge-stone,0,249,2304.71,-0.243,-0.825,3134.70,0.3,ok,,,,
crc32_8,logic,crc32_8,orfs_area@adder=kogge-stone,0,230,2273.43,-0.228,-0.228,2941.15,0.2,ok,,,,
crc32_8,logic,crc32_8,orfs_speed@adder=kogge-stone,0,198,2250.91,-0.131,-0.877,3135.59,0.2,ok,,,,
crc32_8,logic,crc32_8,yosys_default@adder=kogge-stone,0,220,2157.07,-0.234,-0.519,3175.36,0.2,ok,,,,
crc32_8,logic,crc32_8,area_lut6@adder=kogge-stone,0,244,2148.31,-0.202,-0.670,3191.21,0.3,ok,,,,
crc32_8,logic,crc32_8,area_classic@adder=kogge-stone,0,247,2208.37,-0.175,-0.783,3122.14,0.3,ok,,,,
crc32_8,logic,crc32_8,delay_map@adder=han-carlson,0,279,2529.93,0.128,0.000,2558.90,0.3,ok,,,,
crc32_8,logic,crc32_8,delay_map_resyn@adder=han-carlson,0,320,2755.14,0.206,0.000,2449.96,0.3,ok,,,,
crc32_8,logic,crc32_8,delay_choice_deep_v3@adder=han-carlson,0,198,2253.41,-0.146,-0.347,2961.02,0.3,ok,,,,
crc32_8,logic,crc32_8,delay_choice_deep@adder=han-carlson,0,198,2250.91,-0.131,-0.877,3135.59,0.2,ok,,,,
crc32_8,logic,crc32_8,delay_syn2@adder=han-carlson,0,213,2128.29,-0.567,-2.124,3425.31,0.2,ok,,,,
crc32_8,logic,crc32_8,balanced_resyn@adder=han-carlson,0,231,2140.80,-0.242,-0.797,3120.19,0.3,ok,,,,
crc32_8,logic,crc32_8,delay_choice_deep_v2@adder=han-carlson,0,198,2250.91,-0.131,-0.877,3135.59,0.3,ok,,,,
crc32_8,logic,crc32_8,delay_triple@adder=han-carlson,0,220,2153.32,-0.030,-0.056,3004.45,0.3,ok,,,,
crc32_8,logic,crc32_8,area_max@adder=kogge-stone,0,239,2250.91,-0.267,-0.753,3031.39,0.4,ok,,,,
crc32_8,logic,crc32_8,delay_choice_deep_bb@adder=han-carlson,0,182,2149.56,-0.304,-1.648,3186.79,0.3,ok,,,,
crc32_8,logic,crc32_8,delay_aggressive@adder=kogge-stone,0,234,2145.81,-0.309,-1.104,3116.22,0.6,ok,,,,
crc32_8,logic,crc32_8,delay_iter_heavy@adder=han-carlson,0,220,2164.58,-0.142,-0.368,3024.11,0.4,ok,,,,
crc32_8,logic,crc32_8,delay_choice_deep_v4@adder=han-carlson,0,180,2088.25,-0.359,-1.839,3316.03,0.3,ok,,,,
crc32_8,logic,crc32_8,orfs_area@adder=han-carlson,0,230,2273.43,-0.228,-0.228,2941.15,0.2,ok,,,,
crc32_8,logic,crc32_8,balanced_resyn2x@adder=han-carlson,0,227,2152.06,-0.329,-0.549,3100.71,0.4,ok,,,,
crc32_8,logic,crc32_8,area_safe@adder=han-carlson,0,249,2304.71,-0.243,-0.825,3134.70,0.3,ok,,,,
crc32_8,logic,crc32_8,area_classic@adder=han-carlson,0,247,2208.37,-0.175,-0.783,3122.14,0.3,ok,,,,
crc32_8,logic,crc32_8,yosys_default@adder=han-carlson,0,220,2157.07,-0.234,-0.519,3175.36,0.3,ok,,,,
crc32_8,logic,crc32_8,orfs_speed@adder=han-carlson,0,198,2250.91,-0.131,-0.877,3135.59,0.3,ok,,,,
crc32_8,logic,crc32_8,area_lut6@adder=han-carlson,0,244,2148.31,-0.202,-0.670,3191.21,0.3,ok,,,,
crc32_8,logic,crc32_8,delay_map@adder=sklansky,0,279,2529.93,0.128,0.000,2558.90,0.3,ok,,,,
crc32_8,logic,crc32_8,delay_choice_deep_v3@adder=sklansky,0,198,2253.41,-0.146,-0.347,2961.02,0.3,ok,,,,
crc32_8,logic,crc32_8,delay_map_resyn@adder=sklansky,0,320,2755.14,0.206,0.000,2449.96,0.3,ok,,,,
crc32_8,logic,crc32_8,delay_choice_deep@adder=sklansky,0,198,2250.91,-0.131,-0.877,3135.59,0.3,ok,,,,
crc32_8,logic,crc32_8,balanced_resyn@adder=sklansky,0,231,2140.80,-0.242,-0.797,3120.19,0.3,ok,,,,
crc32_8,logic,crc32_8,area_max@adder=han-carlson,0,239,2250.91,-0.267,-0.753,3031.39,0.4,ok,,,,
crc32_8,logic,crc32_8,delay_syn2@adder=sklansky,0,213,2128.29,-0.567,-2.124,3425.31,0.3,ok,,,,
crc32_8,logic,crc32_8,delay_aggressive@adder=han-carlson,0,234,2145.81,-0.309,-1.104,3116.22,0.6,ok,,,,
crc32_8,logic,crc32_8,delay_choice_deep_v2@adder=sklansky,0,198,2250.91,-0.131,-0.877,3135.59,0.3,ok,,,,
crc32_8,logic,crc32_8,delay_choice_deep_bb@adder=sklansky,0,182,2149.56,-0.304,-1.648,3186.79,0.3,ok,,,,
crc32_8,logic,crc32_8,delay_triple@adder=sklansky,0,220,2153.32,-0.030,-0.056,3004.45,0.4,ok,,,,
crc32_8,logic,crc32_8,delay_iter_heavy@adder=sklansky,0,220,2164.58,-0.142,-0.368,3024.11,0.4,ok,,,,
crc32_8,logic,crc32_8,balanced_resyn2x@adder=sklansky,0,227,2152.06,-0.329,-0.549,3100.71,0.4,ok,,,,
crc32_8,logic,crc32_8,delay_choice_deep_v4@adder=sklansky,0,180,2088.25,-0.359,-1.839,3316.03,0.3,ok,,,,
crc32_8,logic,crc32_8,orfs_area@adder=sklansky,0,230,2273.43,-0.228,-0.228,2941.15,0.3,ok,,,,
crc32_8,logic,crc32_8,area_safe@adder=sklansky,0,249,2304.71,-0.243,-0.825,3134.70,0.3,ok,,,,
crc32_8,logic,crc32_8,area_classic@adder=sklansky,0,247,2208.37,-0.175,-0.783,3122.14,0.3,ok,,,,
crc32_8,logic,crc32_8,orfs_speed@adder=sklansky,0,198,2250.91,-0.131,-0.877,3135.59,0.3,ok,,,,
crc32_8,logic,crc32_8,area_lut6@adder=sklansky,0,244,2148.31,-0.202,-0.670,3191.21,0.3,ok,,,,
crc32_8,logic,crc32_8,yosys_default@adder=sklansky,0,220,2157.07,-0.234,-0.519,3175.36,0.2,ok,,,,
crc32_8,logic,crc32_8,delay_map@booth,0,279,2529.93,0.128,0.000,2558.90,0.3,ok,,,,
crc32_8,logic,crc32_8,delay_choice_deep_v3@booth,0,198,2253.41,-0.146,-0.347,2961.02,0.2,ok,,,,
crc32_8,logic,crc32_8,delay_map_resyn@booth,0,320,2755.14,0.206,0.000,2449.96,0.3,ok,,,,
crc32_8,logic,crc32_8,delay_choice_deep@booth,0,198,2250.91,-0.131,-0.877,3135.59,0.3,ok,,,,
crc32_8,logic,crc32_8,delay_aggressive@adder=sklansky,0,234,2145.81,-0.309,-1.104,3116.22,0.5,ok,,,,
crc32_8,logic,crc32_8,balanced_resyn@booth,0,231,2140.80,-0.242,-0.797,3120.19,0.3,ok,,,,
crc32_8,logic,crc32_8,area_max@adder=sklansky,0,239,2250.91,-0.267,-0.753,3031.39,0.4,ok,,,,
crc32_8,logic,crc32_8,delay_syn2@booth,0,213,2128.29,-0.567,-2.124,3425.31,0.2,ok,,,,
crc32_8,logic,crc32_8,delay_triple@booth,0,220,2153.32,-0.030,-0.056,3004.45,0.4,ok,,,,
crc32_8,logic,crc32_8,delay_choice_deep_bb@booth,0,182,2149.56,-0.304,-1.648,3186.79,0.3,ok,,,,
crc32_8,logic,crc32_8,delay_choice_deep_v2@booth,0,198,2250.91,-0.131,-0.877,3135.59,0.3,ok,,,,
crc32_8,logic,crc32_8,delay_iter_heavy@booth,0,220,2164.58,-0.142,-0.368,3024.11,0.4,ok,,,,
crc32_8,logic,crc32_8,delay_choice_deep_v4@booth,0,180,2088.25,-0.359,-1.839,3316.03,0.3,ok,,,,
crc32_8,logic,crc32_8,balanced_resyn2x@booth,0,227,2152.06,-0.329,-0.549,3100.71,0.4,ok,,,,
crc32_8,logic,crc32_8,orfs_area@booth,0,230,2273.43,-0.228,-0.228,2941.15,0.3,ok,,,,
crc32_8,logic,crc32_8,area_safe@booth,0,249,2304.71,-0.243,-0.825,3134.70,0.3,ok,,,,
crc32_8,logic,crc32_8,area_classic@booth,0,247,2208.37,-0.175,-0.783,3122.14,0.3,ok,,,,
crc32_8,logic,crc32_8,orfs_speed@booth,0,198,2250.91,-0.131,-0.877,3135.59,0.3,ok,,,,
crc32_8,logic,crc32_8,area_lut6@booth,0,244,2148.31,-0.202,-0.670,3191.21,0.3,ok,,,,
crc32_8,logic,crc32_8,yosys_default@booth,0,220,2157.07,-0.234,-0.519,3175.36,0.3,ok,,,,
crc32_8,logic,crc32_8,delay_map@booth+adder=kogge-stone,0,279,2529.93,0.128,0.000,2558.90,0.3,ok,,,,
crc32_8,logic,crc32_8,delay_choice_deep_v3@booth+adder=kogge-stone,0,198,2253.41,-0.146,-0.347,2961.02,0.3,ok,,,,
crc32_8,logic,crc32_8,delay_choice_deep@booth+adder=kogge-stone,0,198,2250.91,-0.131,-0.877,3135.59,0.2,ok,,,,
crc32_8,logic,crc32_8,delay_map_resyn@booth+adder=kogge-stone,0,320,2755.14,0.206,0.000,2449.96,0.3,ok,,,,
crc32_8,logic,crc32_8,area_max@booth,0,239,2250.91,-0.267,-0.753,3031.39,0.4,ok,,,,
crc32_8,logic,crc32_8,delay_aggressive@booth,0,234,2145.81,-0.309,-1.104,3116.22,0.6,ok,,,,
crc32_8,logic,crc32_8,delay_choice_deep_v2@booth+adder=kogge-stone,0,198,2250.91,-0.131,-0.877,3135.59,0.3,ok,,,,
crc32_8,logic,crc32_8,delay_syn2@booth+adder=kogge-stone,0,213,2128.29,-0.567,-2.124,3425.31,0.2,ok,,,,
crc32_8,logic,crc32_8,balanced_resyn@booth+adder=kogge-stone,0,231,2140.80,-0.242,-0.797,3120.19,0.3,ok,,,,
crc32_8,logic,crc32_8,delay_choice_deep_bb@booth+adder=kogge-stone,0,182,2149.56,-0.304,-1.648,3186.79,0.3,ok,,,,
crc32_8,logic,crc32_8,delay_triple@booth+adder=kogge-stone,0,220,2153.32,-0.030,-0.056,3004.45,0.4,ok,,,,
crc32_8,logic,crc32_8,orfs_area@booth+adder=kogge-stone,0,230,2273.43,-0.228,-0.228,2941.15,0.2,ok,,,,
crc32_8,logic,crc32_8,delay_choice_deep_v4@booth+adder=kogge-stone,0,180,2088.25,-0.359,-1.839,3316.03,0.3,ok,,,,
crc32_8,logic,crc32_8,delay_iter_heavy@booth+adder=kogge-stone,0,220,2164.58,-0.142,-0.368,3024.11,0.4,ok,,,,
crc32_8,logic,crc32_8,balanced_resyn2x@booth+adder=kogge-stone,0,227,2152.06,-0.329,-0.549,3100.71,0.4,ok,,,,
crc32_8,logic,crc32_8,area_safe@booth+adder=kogge-stone,0,249,2304.71,-0.243,-0.825,3134.70,0.3,ok,,,,
crc32_8,logic,crc32_8,area_classic@booth+adder=kogge-stone,0,247,2208.37,-0.175,-0.783,3122.14,0.3,ok,,,,
crc32_8,logic,crc32_8,orfs_speed@booth+adder=kogge-stone,0,198,2250.91,-0.131,-0.877,3135.59,0.2,ok,,,,
crc32_8,logic,crc32_8,yosys_default@booth+adder=kogge-stone,0,220,2157.07,-0.234,-0.519,3175.36,0.3,ok,,,,
crc32_8,logic,crc32_8,area_lut6@booth+adder=kogge-stone,0,244,2148.31,-0.202,-0.670,3191.21,0.3,ok,,,,
crc32_8,logic,crc32_8,delay_aggressive@booth+adder=kogge-stone,0,234,2145.81,-0.309,-1.104,3116.22,0.5,ok,,,,
crc32_8,logic,crc32_8,area_max@booth+adder=kogge-stone,0,239,2250.91,-0.267,-0.753,3031.39,0.4,ok,,,,
rr_arbiter16,logic,rr_arbiter16,delay_map,1,581,3749.85,0.069,0.000,4163.75,0.3,ok,,0.060,0.000,3749.85
rr_arbiter16,logic,rr_arbiter16,delay_map_resyn,0,563,3744.84,-0.089,-0.089,4236.21,0.3,ok,,,,
rr_arbiter16,logic,rr_arbiter16,delay_choice_deep,0,405,3051.68,-0.723,-6.382,5286.14,0.3,ok,,,,
rr_arbiter16,logic,rr_arbiter16,delay_choice_deep_bb,0,379,3015.39,-0.688,-4.314,4988.13,0.3,ok,,,,
rr_arbiter16,logic,rr_arbiter16,balanced_resyn,0,403,3050.43,-0.611,-3.239,4919.13,0.3,ok,,,,
rr_arbiter16,logic,rr_arbiter16,delay_syn2,0,399,3124.25,-0.730,-9.802,5197.22,0.3,ok,,,,
rr_arbiter16,logic,rr_arbiter16,delay_choice_deep_v3,0,393,3065.44,-0.430,-4.196,4809.73,0.3,ok,,,,
rr_arbiter16,logic,rr_arbiter16,delay_choice_deep_v4,0,379,3015.39,-0.688,-4.314,4988.13,0.3,ok,,,,
rr_arbiter16,logic,rr_arbiter16,area_safe,0,387,3039.16,-0.479,-1.261,4870.92,0.3,ok,,,,
rr_arbiter16,logic,rr_arbiter16,orfs_area,0,446,3133.00,-0.429,-2.427,4765.38,0.3,ok,,,,
rr_arbiter16,logic,rr_arbiter16,area_classic,0,389,3123.00,-0.513,-6.246,5016.10,0.3,ok,,,,
rr_arbiter16,logic,rr_arbiter16,delay_choice_deep_v2,0,405,3051.68,-0.723,-6.382,5286.14,0.4,ok,,,,
rr_arbiter16,logic,rr_arbiter16,area_lut6,0,404,2989.12,-0.983,-12.796,5232.68,0.4,ok,,,,
rr_arbiter16,logic,rr_arbiter16,balanced_resyn2x,0,406,2991.62,-0.831,-6.071,5128.38,0.4,ok,,,,
rr_arbiter16,logic,rr_arbiter16,delay_triple,0,387,3044.17,-0.653,-7.099,5121.29,0.5,ok,,,,
rr_arbiter16,logic,rr_arbiter16,orfs_speed,0,405,3051.68,-0.723,-6.382,5286.14,0.3,ok,,,,
rr_arbiter16,logic,rr_arbiter16,area_max,0,382,3052.93,-0.893,-12.558,5191.48,0.5,ok,,,,
rr_arbiter16,logic,rr_arbiter16,delay_map@adder=kogge-stone,0,564,3523.38,0.022,0.000,4169.90,0.3,ok,,,,
rr_arbiter16,logic,rr_arbiter16,yosys_default,0,387,2951.58,-0.466,-1.704,5002.39,0.3,ok,,,,
rr_arbiter16,logic,rr_arbiter16,delay_choice_deep_v3@adder=kogge-stone,0,396,3016.64,-0.484,-2.471,4907.49,0.3,ok,,,,
rr_arbiter16,logic,rr_arbiter16,delay_iter_heavy,0,389,2915.30,-0.867,-9.361,5252.57,0.7,ok,,,,
rr_arbiter16,logic,rr_arbiter16,delay_map_resyn@adder=kogge-stone,0,563,3744.84,-0.089,-0.089,4236.21,0.4,ok,,,,
rr_arbiter16,logic,rr_arbiter16,delay_choice_deep@adder=kogge-stone,0,406,2991.62,-1.131,-15.306,5565.31,0.4,ok,,,,
rr_arbiter16,logic,rr_arbiter16,balanced_resyn@adder=kogge-stone,0,403,3050.43,-0.611,-3.239,4919.13,0.4,ok,,,,
rr_arbiter16,logic,rr_arbiter16,delay_syn2@adder=kogge-stone,0,402,3099.22,-1.059,-11.362,5303.47,0.4,ok,,,,
rr_arbiter16,logic,rr_arbiter16,delay_aggressive,0,395,2870.25,-0.694,-7.449,5291.87,0.7,ok,,,,
rr_arbiter16,logic,rr_arbiter16,delay_choice_deep_v2@adder=kogge-stone,0,406,2991.62,-1.131,-15.306,5565.31,0.4,ok,,,,
rr_arbiter16,logic,rr_arbiter16,delay_choice_deep_bb@adder=kogge-stone,0,372,3012.89,-0.569,-3.895,4961.02,0.4,ok,,,,
rr_arbiter16,logic,rr_arbiter16,delay_triple@adder=kogge-stone,0,393,2985.36,-0.604,-3.779,5067.47,0.5,ok,,,,
rr_arbiter16,logic,rr_arbiter16,balanced_resyn2x@adder=kogge-stone,0,406,2991.62,-0.831,-6.071,5128.38,0.5,ok,,,,
rr_arbiter16,logic,rr_arbiter16,delay_choice_deep_v4@adder=kogge-stone,0,372,3012.89,-0.569,-3.895,4961.02,0.4,ok,,,,
rr_arbiter16,logic,rr_arbiter16,orfs_area@adder=kogge-stone,0,466,3308.17,-0.841,-6.829,5121.17,0.4,ok,,,,
rr_arbiter16,logic,rr_arbiter16,area_safe@adder=kogge-stone,0,384,3120.49,-0.713,-8.228,4972.91,0.5,ok,,,,
rr_arbiter16,logic,rr_arbiter16,area_classic@adder=kogge-stone,0,389,3123.00,-0.513,-6.246,5016.10,0.4,ok,,,,
rr_arbiter16,logic,rr_arbiter16,orfs_speed@adder=kogge-stone,0,406,2991.62,-1.131,-15.306,5565.31,0.4,ok,,,,
rr_arbiter16,logic,rr_arbiter16,delay_iter_heavy@adder=kogge-stone,0,386,2919.05,-1.095,-9.740,5602.79,0.7,ok,,,,
rr_arbiter16,logic,rr_arbiter16,area_lut6@adder=kogge-stone,0,400,3072.95,-0.778,-9.219,4899.04,0.4,ok,,,,
rr_arbiter16,logic,rr_arbiter16,yosys_default@adder=kogge-stone,0,392,2907.79,-0.444,-2.531,4812.59,0.4,ok,,,,
rr_arbiter16,logic,rr_arbiter16,delay_map@adder=han-carlson,0,581,3749.85,0.069,0.000,4163.75,0.4,ok,,,,
rr_arbiter16,logic,rr_arbiter16,delay_map_resyn@adder=han-carlson,0,563,3744.84,-0.089,-0.089,4236.21,0.4,ok,,,,
rr_arbiter16,logic,rr_arbiter16,delay_choice_deep_v3@adder=han-carlson,0,393,3065.44,-0.430,-4.196,4809.73,0.4,ok,,,,
rr_arbiter16,logic,rr_arbiter16,balanced_resyn@adder=han-carlson,0,403,3050.43,-0.611,-3.239,4919.13,0.4,ok,,,,
rr_arbiter16,logic,rr_arbiter16,area_max@adder=kogge-stone,0,382,3052.93,-0.893,-12.558,5191.48,0.7,ok,,,,
rr_arbiter16,logic,rr_arbiter16,delay_choice_deep@adder=han-carlson,0,405,3051.68,-0.723,-6.382,5286.14,0.4,ok,,,,
rr_arbiter16,logic,rr_arbiter16,delay_choice_deep_bb@adder=han-carlson,0,379,3015.39,-0.688,-4.314,4988.13,0.4,ok,,,,
rr_arbiter16,logic,rr_arbiter16,delay_syn2@adder=han-carlson,0,399,3124.25,-0.730,-9.802,5197.22,0.4,ok,,,,
rr_arbiter16,logic,rr_arbiter16,delay_aggressive@adder=kogge-stone,0,395,2870.25,-0.694,-7.449,5291.87,1.0,ok,,,,
rr_arbiter16,logic,rr_arbiter16,delay_choice_deep_v4@adder=han-carlson,0,379,3015.39,-0.688,-4.314,4988.13,0.4,ok,,,,
rr_arbiter16,logic,rr_arbiter16,delay_triple@adder=han-carlson,0,387,3044.17,-0.653,-7.099,5121.29,0.7,ok,,,,
rr_arbiter16,logic,rr_arbiter16,balanced_resyn2x@adder=han-carlson,0,406,2991.62,-0.831,-6.071,5128.38,0.5,ok,,,,
rr_arbiter16,logic,rr_arbiter16,orfs_area@adder=han-carlson,0,446,3133.00,-0.429,-2.427,4765.38,0.4,ok,,,,
rr_arbiter16,logic,rr_arbiter16,area_safe@adder=han-carlson,0,387,3039.16,-0.479,-1.261,4870.92,0.4,ok,,,,
rr_arbiter16,logic,rr_arbiter16,delay_choice_deep_v2@adder=han-carlson,0,405,3051.68,-0.723,-6.382,5286.14,0.5,ok,,,,
rr_arbiter16,logic,rr_arbiter16,area_classic@adder=han-carlson,0,389,3123.00,-0.513,-6.246,5016.10,0.4,ok,,,,
rr_arbiter16,logic,rr_arbiter16,area_lut6@adder=han-carlson,0,404,2989.12,-0.983,-12.796,5232.68,0.5,ok,,,,
rr_arbiter16,logic,rr_arbiter16,delay_iter_heavy@adder=han-carlson,0,389,2915.30,-0.867,-9.361,5252.57,0.8,ok,,,,
rr_arbiter16,logic,rr_arbiter16,orfs_speed@adder=han-carlson,0,405,3051.68,-0.723,-6.382,5286.14,0.4,ok,,,,
rr_arbiter16,logic,rr_arbiter16,yosys_default@adder=han-carlson,0,387,2951.58,-0.466,-1.704,5002.39,0.4,ok,,,,
rr_arbiter16,logic,rr_arbiter16,delay_map@adder=sklansky,0,581,3749.85,0.069,0.000,4163.75,0.4,ok,,,,
rr_arbiter16,logic,rr_arbiter16,delay_map_resyn@adder=sklansky,0,563,3744.84,-0.089,-0.089,4236.21,0.4,ok,,,,
rr_arbiter16,logic,rr_arbiter16,delay_choice_deep_v3@adder=sklansky,0,393,3065.44,-0.430,-4.196,4809.73,0.4,ok,,,,
rr_arbiter16,logic,rr_arbiter16,delay_choice_deep_bb@adder=sklansky,0,379,3015.39,-0.688,-4.314,4988.13,0.4,ok,,,,
rr_arbiter16,logic,rr_arbiter16,balanced_resyn@adder=sklansky,0,403,3050.43,-0.611,-3.239,4919.13,0.4,ok,,,,
rr_arbiter16,logic,rr_arbiter16,delay_syn2@adder=sklansky,0,399,3124.25,-0.730,-9.802,5197.22,0.4,ok,,,,
rr_arbiter16,logic,rr_arbiter16,area_max@adder=han-carlson,0,382,3052.93,-0.893,-12.558,5191.48,0.7,ok,,,,
rr_arbiter16,logic,rr_arbiter16,delay_choice_deep@adder=sklansky,0,405,3051.68,-0.723,-6.382,5286.14,0.4,ok,,,,
rr_arbiter16,logic,rr_arbiter16,delay_choice_deep_v2@adder=sklansky,0,405,3051.68,-0.723,-6.382,5286.14,0.5,ok,,,,
rr_arbiter16,logic,rr_arbiter16,delay_choice_deep_v4@adder=sklansky,0,379,3015.39,-0.688,-4.314,4988.13,0.4,ok,,,,
rr_arbiter16,logic,rr_arbiter16,area_safe@adder=sklansky,0,387,3039.16,-0.479,-1.261,4870.92,0.4,ok,,,,
rr_arbiter16,logic,rr_arbiter16,balanced_resyn2x@adder=sklansky,0,406,2991.62,-0.831,-6.071,5128.38,0.6,ok,,,,
rr_arbiter16,logic,rr_arbiter16,delay_aggressive@adder=han-carlson,0,395,2870.25,-0.694,-7.449,5291.87,1.0,ok,,,,
rr_arbiter16,logic,rr_arbiter16,orfs_area@adder=sklansky,0,446,3133.00,-0.429,-2.427,4765.38,0.4,ok,,,,
rr_arbiter16,logic,rr_arbiter16,area_classic@adder=sklansky,0,389,3123.00,-0.513,-6.246,5016.10,0.4,ok,,,,
rr_arbiter16,logic,rr_arbiter16,delay_triple@adder=sklansky,0,387,3044.17,-0.653,-7.099,5121.29,0.7,ok,,,,
rr_arbiter16,logic,rr_arbiter16,orfs_speed@adder=sklansky,0,405,3051.68,-0.723,-6.382,5286.14,0.4,ok,,,,
rr_arbiter16,logic,rr_arbiter16,area_lut6@adder=sklansky,0,404,2989.12,-0.983,-12.796,5232.68,0.5,ok,,,,
rr_arbiter16,logic,rr_arbiter16,yosys_default@adder=sklansky,0,387,2951.58,-0.466,-1.704,5002.39,0.4,ok,,,,
rr_arbiter16,logic,rr_arbiter16,delay_map@booth,0,581,3749.85,0.069,0.000,4163.75,0.4,ok,,,,
rr_arbiter16,logic,rr_arbiter16,delay_iter_heavy@adder=sklansky,0,389,2915.30,-0.867,-9.361,5252.57,0.8,ok,,,,
rr_arbiter16,logic,rr_arbiter16,delay_choice_deep_v3@booth,0,393,3065.44,-0.430,-4.196,4809.73,0.4,ok,,,,
rr_arbiter16,logic,rr_arbiter16,delay_map_resyn@booth,0,563,3744.84,-0.089,-0.089,4236.21,0.4,ok,,,,
rr_arbiter16,logic,rr_arbiter16,balanced_resyn@booth,0,403,3050.43,-0.611,-3.239,4919.13,0.4,ok,,,,
rr_arbiter16,logic,rr_arbiter16,delay_choice_deep@booth,0,405,3051.68,-0.723,-6.382,5286.14,0.4,ok,,,,
rr_arbiter16,logic,rr_arbiter16,area_max@adder=sklansky,0,382,3052.93,-0.893,-12.558,5191.48,0.7,ok,,,,
rr_arbiter16,logic,rr_arbiter16,delay_aggressive@adder=sklansky,0,395,2870.25,-0.694,-7.449,5291.87,0.9,ok,,,,
rr_arbiter16,logic,rr_arbiter16,delay_syn2@booth,0,399,3124.25,-0.730,-9.802,5197.22,0.4,ok,,,,
rr_arbiter16,logic,rr_arbiter16,delay_choice_deep_bb@booth,0,379,3015.39,-0.688,-4.314,4988.13,0.4,ok,,,,
rr_arbiter16,logic,rr_arbiter16,delay_choice_deep_v2@booth,0,405,3051.68,-0.723,-6.382,5286.14,0.5,ok,,,,
rr_arbiter16,logic,rr_arbiter16,delay_choice_deep_v4@booth,0,379,3015.39,-0.688,-4.314,4988.13,0.4,ok,,,,
rr_arbiter16,logic,rr_arbiter16,delay_triple@booth,0,387,3044.17,-0.653,-7.099,5121.29,0.7,ok,,,,
rr_arbiter16,logic,rr_arbiter16,area_safe@booth,0,387,3039.16,-0.479,-1.261,4870.92,0.4,ok,,,,
rr_arbiter16,logic,rr_arbiter16,orfs_area@booth,0,446,3133.00,-0.429,-2.427,4765.38,0.4,ok,,,,
rr_arbiter16,logic,rr_arbiter16,balanced_resyn2x@booth,0,406,2991.62,-0.831,-6.071,5128.38,0.6,ok,,,,
rr_arbiter16,logic,rr_arbiter16,area_classic@booth,0,389,3123.00,-0.513,-6.246,5016.10,0.4,ok,,,,
rr_arbiter16,logic,rr_arbiter16,orfs_speed@booth,0,405,3051.68,-0.723,-6.382,5286.14,0.4,ok,,,,
rr_arbiter16,logic,rr_arbiter16,area_lut6@booth,0,404,2989.12,-0.983,-12.796,5232.68,0.5,ok,,,,
rr_arbiter16,logic,rr_arbiter16,delay_iter_heavy@booth,0,389,2915.30,-0.867,-9.361,5252.57,0.8,ok,,,,
rr_arbiter16,logic,rr_arbiter16,delay_map@booth+adder=kogge-stone,0,564,3523.38,0.022,0.000,4169.90,0.4,ok,,,,
rr_arbiter16,logic,rr_arbiter16,yosys_default@booth,0,387,2951.58,-0.466,-1.704,5002.39,0.4,ok,,,,
rr_arbiter16,logic,rr_arbiter16,delay_choice_deep_v3@booth+adder=kogge-stone,0,396,3016.64,-0.484,-2.471,4907.49,0.4,ok,,,,
rr_arbiter16,logic,rr_arbiter16,delay_map_resyn@booth+adder=kogge-stone,0,563,3744.84,-0.089,-0.089,4236.21,0.4,ok,,,,
rr_arbiter16,logic,rr_arbiter16,balanced_resyn@booth+adder=kogge-stone,0,403,3050.43,-0.611,-3.239,4919.13,0.4,ok,,,,
rr_arbiter16,logic,rr_arbiter16,delay_choice_deep@booth+adder=kogge-stone,0,406,2991.62,-1.131,-15.306,5565.31,0.4,ok,,,,
rr_arbiter16,logic,rr_arbiter16,area_max@booth,0,382,3052.93,-0.893,-12.558,5191.48,0.7,ok,,,,
rr_arbiter16,logic,rr_arbiter16,delay_syn2@booth+adder=kogge-stone,0,402,3099.22,-1.059,-11.362,5303.47,0.4,ok,,,,
rr_arbiter16,logic,rr_arbiter16,delay_choice_deep_bb@booth+adder=kogge-stone,0,372,3012.89,-0.569,-3.895,4961.02,0.4,ok,,,,
rr_arbiter16,logic,rr_arbiter16,delay_aggressive@booth,0,395,2870.25,-0.694,-7.449,5291.87,1.0,ok,,,,
rr_arbiter16,logic,rr_arbiter16,delay_choice_deep_v2@booth+adder=kogge-stone,0,406,2991.62,-1.131,-15.306,5565.31,0.5,ok,,,,
rr_arbiter16,logic,rr_arbiter16,delay_triple@booth+adder=kogge-stone,0,393,2985.36,-0.604,-3.779,5067.47,0.6,ok,,,,
rr_arbiter16,logic,rr_arbiter16,balanced_resyn2x@booth+adder=kogge-stone,0,406,2991.62,-0.831,-6.071,5128.38,0.5,ok,,,,
rr_arbiter16,logic,rr_arbiter16,delay_choice_deep_v4@booth+adder=kogge-stone,0,372,3012.89,-0.569,-3.895,4961.02,0.4,ok,,,,
rr_arbiter16,logic,rr_arbiter16,area_classic@booth+adder=kogge-stone,0,389,3123.00,-0.513,-6.246,5016.10,0.4,ok,,,,
rr_arbiter16,logic,rr_arbiter16,orfs_area@booth+adder=kogge-stone,0,466,3308.17,-0.841,-6.829,5121.17,0.4,ok,,,,
rr_arbiter16,logic,rr_arbiter16,area_safe@booth+adder=kogge-stone,0,384,3120.49,-0.713,-8.228,4972.91,0.5,ok,,,,
rr_arbiter16,logic,rr_arbiter16,delay_iter_heavy@booth+adder=kogge-stone,0,386,2919.05,-1.095,-9.740,5602.79,0.7,ok,,,,
rr_arbiter16,logic,rr_arbiter16,orfs_speed@booth+adder=kogge-stone,0,406,2991.62,-1.131,-15.306,5565.31,0.4,ok,,,,
rr_arbiter16,logic,rr_arbiter16,area_lut6@booth+adder=kogge-stone,0,400,3072.95,-0.778,-9.219,4899.04,0.5,ok,,,,
rr_arbiter16,logic,rr_arbiter16,yosys_default@booth+adder=kogge-stone,0,392,2907.79,-0.444,-2.531,4812.59,0.3,ok,,,,
rr_arbiter16,logic,rr_arbiter16,area_max@booth+adder=kogge-stone,0,382,3052.93,-0.893,-12.558,5191.48,0.6,ok,,,,
rr_arbiter16,logic,rr_arbiter16,delay_aggressive@booth+adder=kogge-stone,0,395,2870.25,-0.694,-7.449,5291.87,0.9,ok,,,,
uart,control,uart,delay_map,0,466,4038.87,0.300,0.000,2262.69,0.2,ok,,,,
uart,control,uart,delay_choice_deep_v3,0,394,3817.41,0.035,0.000,2539.59,0.3,ok,,,,
uart,control,uart,balanced_resyn,0,393,3679.78,-0.134,-0.737,2716.65,0.3,ok,,,,
uart,control,uart,delay_map_resyn,0,444,3941.28,0.124,0.000,2461.36,0.3,ok,,,,
uart,control,uart,delay_syn2,0,392,3479.59,-0.296,-1.748,3262.30,0.2,ok,,,,
uart,control,uart,delay_choice_deep_bb,0,369,3458.32,-1.546,-8.875,4453.62,0.2,ok,,,,
uart,control,uart,delay_choice_deep,0,392,3783.63,-0.101,-0.866,2611.57,0.3,ok,,,,
uart,control,uart,delay_choice_deep_v2,0,392,3783.63,-0.101,-0.866,2611.57,0.3,ok,,,,
uart,control,uart,delay_choice_deep_v4,0,378,3447.06,-1.546,-6.250,4453.70,0.3,ok,,,,
uart,control,uart,area_safe,0,379,3418.28,-1.373,-8.607,4214.09,0.3,ok,,,,
uart,control,uart,area_classic,0,370,3370.73,-1.169,-13.304,4004.52,0.3,ok,,,,
uart,control,uart,orfs_area,0,418,3920.01,0.097,0.000,2508.37,0.3,ok,,,,
uart,control,uart,area_lut6,0,375,3407.02,-1.629,-13.236,4457.46,0.3,ok,,,,
uart,control,uart,balanced_resyn2x,0,396,3619.72,-0.266,-1.005,2911.59,0.4,ok,,,,
uart,control,uart,delay_triple,0,389,3768.61,0.049,0.000,2672.22,0.4,ok,,,,
uart,control,uart,area_max,0,363,3353.22,-1.545,-18.130,4451.44,0.4,ok,,,,
uart,control,uart,delay_iter_heavy,0,391,3764.86,0.054,0.000,2672.09,0.5,ok,,,,
uart,control,uart,orfs_speed,0,392,3783.63,-0.101,-0.866,2611.57,0.3,ok,,,,
uart,control,uart,delay_aggressive,0,361,3354.47,-1.545,-9.791,4451.30,0.5,ok,,,,
uart,control,uart,yosys_default,0,381,3490.85,-1.461,-5.591,4270.83,0.3,ok,,,,
uart,control,uart,delay_map@adder=kogge-stone,0,484,4072.66,0.293,0.000,2236.04,0.3,ok,,,,
uart,control,uart,balanced_resyn@adder=kogge-stone,0,400,3638.49,-0.157,-1.362,2878.85,0.3,ok,,,,
uart,control,uart,delay_map_resyn@adder=kogge-stone,0,440,3953.79,0.159,0.000,2408.89,0.3,ok,,,,
uart,control,uart,delay_choice_deep_v3@adder=kogge-stone,0,418,4110.19,0.205,0.000,2327.05,0.3,ok,,,,
uart,control,uart,delay_syn2@adder=kogge-stone,0,400,3718.57,0.020,0.000,2729.30,0.3,ok,,,,
uart,control,uart,delay_choice_deep@adder=kogge-stone,0,420,4115.20,0.268,0.000,2288.33,0.4,ok,,,,
uart,control,uart,delay_choice_deep_bb@adder=kogge-stone,0,387,3861.20,0.136,0.000,2551.56,0.3,ok,,,,
uart,control,uart,balanced_resyn2x@adder=kogge-stone,0,402,3623.48,-0.276,-2.472,2887.59,0.4,ok,,,,
uart,control,uart,area_safe@adder=kogge-stone,0,379,3407.02,-1.372,-8.009,4212.82,0.3,ok,,,,
uart,control,uart,delay_triple@adder=kogge-stone,0,409,3960.05,0.192,0.000,2311.88,0.4,ok,,,,
uart,control,uart,delay_choice_deep_v2@adder=kogge-stone,0,420,4115.20,0.268,0.000,2288.33,0.4,ok,,,,
uart,control,uart,delay_choice_deep_v4@adder=kogge-stone,0,389,4088.92,0.077,0.000,2395.62,0.3,ok,,,,
uart,control,uart,delay_iter_heavy@adder=kogge-stone,0,409,3960.05,0.192,0.000,2311.88,0.5,ok,,,,
uart,control,uart,area_classic@adder=kogge-stone,0,370,3393.25,-0.948,-5.091,3752.99,0.3,ok,,,,
uart,control,uart,orfs_area@adder=kogge-stone,0,422,3952.54,0.092,0.000,2508.37,0.3,ok,,,,
uart,control,uart,area_lut6@adder=kogge-stone,0,374,3403.26,-1.629,-11.952,4457.46,0.3,ok,,,,
uart,control,uart,orfs_speed@adder=kogge-stone,0,420,4115.20,0.268,0.000,2288.33,0.3,ok,,,,
uart,control,uart,yosys_default@adder=kogge-stone,0,376,3464.57,-1.450,-8.295,4209.32,0.3,ok,,,,
uart,control,uart,delay_map_resyn@adder=han-carlson,0,441,3988.83,0.110,0.000,2389.43,0.3,ok,,,,
uart,control,uart,delay_map@adder=han-carlson,0,477,4042.63,0.284,0.000,2221.60,0.3,ok,,,,
uart,control,uart,delay_aggressive@adder=kogge-stone,0,358,3350.71,-1.545,-12.563,4451.30,0.6,ok,,,,
uart,control,uart,area_max@adder=kogge-stone,0,368,3356.97,-0.973,-10.078,3777.31,0.4,ok,,,,
uart,control,uart,delay_choice_deep_v3@adder=han-carlson,0,398,3888.73,0.229,0.000,2390.58,0.3,ok,,,,
uart,control,uart,balanced_resyn@adder=han-carlson,0,402,3798.64,-0.069,-0.522,2632.13,0.4,ok,,,,
uart,control,uart,delay_syn2@adder=han-carlson,0,388,3465.82,-0.300,-2.335,3264.38,0.3,ok,,,,
uart,control,uart,delay_choice_deep@adder=han-carlson,0,405,3923.76,0.164,0.000,2362.07,0.4,ok,,,,
uart,control,uart,balanced_resyn2x@adder=han-carlson,0,407,3778.62,0.073,0.000,2550.97,0.4,ok,,,,
uart,control,uart,delay_triple@adder=han-carlson,0,402,3679.78,0.082,0.000,2524.55,0.5,ok,,,,
uart,control,uart,delay_choice_deep_bb@adder=han-carlson,0,369,3458.32,-1.546,-8.875,4453.62,0.4,ok,,,,
uart,control,uart,delay_choice_deep_v2@adder=han-carlson,0,405,3923.76,0.164,0.000,2362.07,0.5,ok,,,,
uart,control,uart,area_safe@adder=han-carlson,0,379,3418.28,-1.373,-8.607,4214.09,0.4,ok,,,,
uart,control,uart,delay_iter_heavy@adder=han-carlson,0,395,3824.92,0.009,0.000,2486.90,0.5,ok,,,,
uart,control,uart,delay_choice_deep_v4@adder=han-carlson,0,387,4022.61,0.187,0.000,2436.93,0.4,ok,,,,
uart,control,uart,area_classic@adder=han-carlson,0,368,3375.74,-1.165,-10.703,4003.88,0.4,ok,,,,
uart,control,uart,orfs_area@adder=han-carlson,0,421,3928.77,0.092,0.000,2508.38,0.4,ok,,,,
uart,control,uart,area_lut6@adder=han-carlson,0,375,3407.02,-1.629,-13.236,4457.46,0.4,ok,,,,
uart,control,uart,orfs_speed@adder=han-carlson,0,405,3923.76,0.164,0.000,2362.07,0.3,ok,,,,
uart,control,uart,yosys_default@adder=han-carlson,0,381,3490.85,-1.461,-5.591,4270.83,0.3,ok,,,,
uart,control,uart,delay_map@adder=sklansky,0,483,4105.19,0.294,0.000,2195.97,0.3,ok,,,,
uart,control,uart,area_max@adder=han-carlson,0,368,3356.97,-0.973,-10.078,3777.31,0.5,ok,,,,
uart,control,uart,delay_map_resyn@adder=sklansky,0,448,4048.88,0.135,0.000,2345.78,0.4,ok,,,,
uart,control,uart,delay_aggressive@adder=han-carlson,0,358,3350.71,-1.545,-12.563,4451.30,0.6,ok,,,,
uart,control,uart,delay_choice_deep_v3@adder=sklansky,0,408,3950.04,0.282,0.000,2241.97,0.4,ok,,,,
uart,control,uart,balanced_resyn@adder=sklansky,0,404,3846.19,-0.069,-0.555,2561.56,0.4,ok,,,,
uart,control,uart,delay_choice_deep@adder=sklansky,1,409,3940.03,0.312,0.000,2314.68,0.4,ok,,0.310,0.000,3940.03
uart,control,uart,delay_syn2@adder=sklansky,0,383,3434.54,-0.660,-6.660,3564.39,0.4,ok,,,,
uart,control,uart,delay_choice_deep_bb@adder=sklansky,0,374,3495.85,-1.075,-6.174,3926.66,0.4,ok,,,,
uart,control,uart,delay_choice_deep_v4@adder=sklansky,0,381,3692.29,0.102,0.000,2773.05,0.3,ok,,,,
uart,control,uart,balanced_resyn2x@adder=sklansky,0,404,3812.41,-0.212,-1.867,2644.07,0.4,ok,,,,
uart,control,uart,delay_choice_deep_v2@adder=sklansky,0,409,3940.03,0.312,0.000,2314.68,0.4,ok,,,,
uart,control,uart,orfs_area@adder=sklansky,0,420,3811.16,-0.103,-0.103,2598.47,0.3,ok,,,,
uart,control,uart,area_safe@adder=sklansky,0,374,3404.52,-1.372,-8.604,4213.79,0.4,ok,,,,
uart,control,uart,delay_triple@adder=sklansky,0,398,4010.10,0.307,0.000,2294.07,0.5,ok,,,,
uart,control,uart,area_classic@adder=sklansky,0,373,3380.74,-1.133,-9.893,4026.38,0.4,ok,,,,
uart,control,uart,area_lut6@adder=sklansky,0,371,3390.75,-1.715,-13.571,4469.35,0.4,ok,,,,
uart,control,uart,delay_iter_heavy@adder=sklansky,0,399,3986.32,0.153,0.000,2294.07,0.6,ok,,,,
uart,control,uart,yosys_default@adder=sklansky,0,376,3455.81,-1.472,-7.016,4230.33,0.3,ok,,,,
uart,control,uart,delay_map@booth,0,466,4038.87,0.300,0.000,2262.69,0.3,ok,,,,
uart,control,uart,orfs_speed@adder=sklansky,0,409,3856.20,0.228,0.000,2351.19,0.4,ok,,,,
uart,control,uart,delay_aggressive@adder=sklansky,0,362,3335.70,-1.615,-9.945,4449.30,0.6,ok,,,,
uart,control,uart,area_max@adder=sklansky,0,365,3341.96,-1.700,-17.955,4456.02,0.5,ok,,,,
uart,control,uart,delay_map_resyn@booth,0,444,3941.28,0.124,0.000,2461.36,0.4,ok,,,,
uart,control,uart,delay_choice_deep_v3@booth,0,394,3817.41,0.035,0.000,2539.59,0.4,ok,,,,
uart,control,uart,delay_choice_deep@booth,0,392,3783.63,-0.101,-0.866,2611.57,0.3,ok,,,,
uart,control,uart,delay_syn2@booth,0,392,3479.59,-0.296,-1.748,3262.30,0.3,ok,,,,
uart,control,uart,delay_choice_deep_bb@booth,0,369,3458.32,-1.546,-8.875,4453.62,0.3,ok,,,,
uart,control,uart,balanced_resyn@booth,0,393,3679.78,-0.134,-0.737,2716.65,0.4,ok,,,,
uart,control,uart,delay_choice_deep_v2@booth,0,392,3783.63,-0.101,-0.866,2611.57,0.4,ok,,,,
uart,control,uart,balanced_resyn2x@booth,0,396,3619.72,-0.266,-1.005,2911.59,0.4,ok,,,,
uart,control,uart,delay_choice_deep_v4@booth,0,378,3447.06,-1.546,-6.250,4453.70,0.3,ok,,,,
uart,control,uart,delay_triple@booth,0,389,3768.61,0.049,0.000,2672.22,0.5,ok,,,,
uart,control,uart,area_classic@booth,0,370,3370.73,-1.169,-13.304,4004.52,0.3,ok,,,,
uart,control,uart,area_safe@booth,0,379,3418.28,-1.373,-8.607,4214.09,0.4,ok,,,,
uart,control,uart,orfs_area@booth,0,418,3920.01,0.097,0.000,2508.37,0.3,ok,,,,
uart,control,uart,delay_iter_heavy@booth,0,391,3764.86,0.054,0.000,2672.09,0.6,ok,,,,
uart,control,uart,area_lut6@booth,0,375,3407.02,-1.629,-13.236,4457.46,0.4,ok,,,,
uart,control,uart,orfs_speed@booth,0,392,3783.63,-0.101,-0.866,2611.57,0.3,ok,,,,
uart,control,uart,yosys_default@booth,0,381,3490.85,-1.461,-5.591,4270.83,0.3,ok,,,,
uart,control,uart,delay_map@booth+adder=kogge-stone,0,484,4072.66,0.293,0.000,2236.04,0.3,ok,,,,
uart,control,uart,delay_aggressive@booth,0,361,3354.47,-1.545,-9.791,4451.30,0.6,ok,,,,
uart,control,uart,delay_map_resyn@booth+adder=kogge-stone,0,440,3953.79,0.159,0.000,2408.89,0.3,ok,,,,
uart,control,uart,delay_choice_deep_v3@booth+adder=kogge-stone,0,418,4110.19,0.205,0.000,2327.05,0.4,ok,,,,
uart,control,uart,area_max@booth,0,363,3353.22,-1.545,-18.130,4451.44,0.5,ok,,,,
uart,control,uart,balanced_resyn@booth+adder=kogge-stone,0,400,3638.49,-0.157,-1.362,2878.85,0.4,ok,,,,
uart,control,uart,delay_syn2@booth+adder=kogge-stone,0,400,3718.57,0.020,0.000,2729.30,0.3,ok,,,,
uart,control,uart,delay_choice_deep_bb@booth+adder=kogge-stone,0,387,3861.20,0.136,0.000,2551.56,0.3,ok,,,,
uart,control,uart,delay_triple@booth+adder=kogge-stone,0,409,3960.05,0.192,0.000,2311.88,0.5,ok,,,,
uart,control,uart,delay_choice_deep@booth+adder=kogge-stone,0,420,4115.20,0.268,0.000,2288.33,0.4,ok,,,,
uart,control,uart,balanced_resyn2x@booth+adder=kogge-stone,0,402,3623.48,-0.276,-2.472,2887.59,0.4,ok,,,,
uart,control,uart,area_safe@booth+adder=kogge-stone,0,379,3407.02,-1.372,-8.009,4212.82,0.4,ok,,,,
uart,control,uart,delay_choice_deep_v2@booth+adder=kogge-stone,0,420,4115.20,0.268,0.000,2288.33,0.5,ok,,,,
uart,control,uart,orfs_area@booth+adder=kogge-stone,0,422,3952.54,0.092,0.000,2508.37,0.3,ok,,,,
uart,control,uart,delay_choice_deep_v4@booth+adder=kogge-stone,0,389,4088.92,0.077,0.000,2395.62,0.4,ok,,,,
uart,control,uart,delay_iter_heavy@booth+adder=kogge-stone,0,409,3960.05,0.192,0.000,2311.88,0.6,ok,,,,
uart,control,uart,orfs_speed@booth+adder=kogge-stone,0,420,4115.20,0.268,0.000,2288.33,0.3,ok,,,,
uart,control,uart,area_classic@booth+adder=kogge-stone,0,370,3393.25,-0.948,-5.091,3752.99,0.4,ok,,,,
uart,control,uart,area_lut6@booth+adder=kogge-stone,0,374,3403.26,-1.629,-11.952,4457.46,0.4,ok,,,,
uart,control,uart,yosys_default@booth+adder=kogge-stone,0,376,3464.57,-1.450,-8.295,4209.32,0.3,ok,,,,
uart,control,uart,delay_aggressive@booth+adder=kogge-stone,0,358,3350.71,-1.545,-12.563,4451.30,0.6,ok,,,,
uart,control,uart,area_max@booth+adder=kogge-stone,0,368,3356.97,-0.973,-10.078,3777.31,0.5,ok,,,,
spi_master,control,spi_master,delay_map_resyn,0,555,5283.82,0.334,0.000,2198.32,0.3,ok,,,,
spi_master,control,spi_master,delay_map,0,551,5231.27,0.333,0.000,2244.79,0.3,ok,,,,
spi_master,control,spi_master,delay_syn2,0,495,4681.99,0.143,0.000,2567.09,0.3,ok,,,,
spi_master,control,spi_master,area_lut6,0,476,4805.86,0.126,0.000,2475.74,0.3,ok,,,,
spi_master,control,spi_master,balanced_resyn,0,498,4839.64,-0.258,-6.514,2782.56,0.3,ok,,,,
spi_master,control,spi_master,delay_choice_deep_v3,0,496,4973.52,-0.506,-14.026,3015.15,0.3,ok,,,,
spi_master,control,spi_master,delay_choice_deep,0,477,4715.77,-0.378,-6.795,2898.60,0.3,ok,,,,
spi_master,control,spi_master,area_safe,0,485,4870.92,0.103,0.000,2438.18,0.3,ok,,,,
spi_master,control,spi_master,delay_choice_deep_v4,0,495,4956.00,-0.486,-13.699,3026.15,0.3,ok,,,,
spi_master,control,spi_master,orfs_area,0,508,5163.70,-0.110,-0.220,2447.55,0.3,ok,,,,
spi_master,control,spi_master,delay_choice_deep_v2,0,477,4715.77,-0.378,-6.795,2898.60,0.4,ok,,,,
spi_master,control,spi_master,delay_choice_deep_bb,0,495,4956.00,-0.486,-13.699,3026.15,0.4,ok,,,,
spi_master,control,spi_master,area_classic,0,488,4837.14,-0.291,-4.551,2842.04,0.4,ok,,,,
spi_master,control,spi_master,balanced_resyn2x,0,491,4863.41,-0.068,-0.211,2626.00,0.5,ok,,,,
spi_master,control,spi_master,delay_triple,0,477,4670.73,-0.374,-7.016,2926.46,0.5,ok,,,,
spi_master,control,spi_master,orfs_speed,0,477,4715.77,-0.378,-6.795,2898.60,0.3,ok,,,,
spi_master,control,spi_master,yosys_default,0,484,4774.58,0.017,0.000,2671.17,0.3,ok,,,,
spi_master,control,spi_master,area_max,0,482,4792.10,0.001,0.000,2679.62,0.5,ok,,,,
spi_master,control,spi_master,delay_map@adder=kogge-stone,0,550,5241.28,0.303,0.000,2241.50,0.3,ok,,,,
spi_master,control,spi_master,delay_iter_heavy,0,479,4685.74,-0.375,-7.236,2953.10,0.6,ok,,,,
spi_master,control,spi_master,delay_map_resyn@adder=kogge-stone,0,556,5261.30,0.291,0.000,2234.57,0.3,ok,,,,
spi_master,control,spi_master,balanced_resyn@adder=kogge-stone,0,476,4825.88,-0.258,-6.514,2782.56,0.4,ok,,,,
spi_master,control,spi_master,delay_choice_deep_v3@adder=kogge-stone,0,500,4986.03,-0.222,-3.071,2708.99,0.4,ok,,,,
spi_master,control,spi_master,delay_choice_deep@adder=kogge-stone,0,480,4898.45,-0.333,-5.829,2879.90,0.4,ok,,,,
spi_master,control,spi_master,delay_syn2@adder=kogge-stone,0,502,4729.54,-0.022,-0.022,2577.91,0.3,ok,,,,
spi_master,control,spi_master,delay_aggressive,0,479,4868.42,0.203,0.000,2422.74,0.8,ok,,,,
spi_master,control,spi_master,delay_choice_deep_bb@adder=kogge-stone,0,497,4949.75,-0.719,-17.114,3104.44,0.4,ok,,,,
spi_master,control,spi_master,delay_choice_deep_v2@adder=kogge-stone,0,480,4898.45,-0.333,-5.829,2879.90,0.5,ok,,,,
spi_master,control,spi_master,balanced_resyn2x@adder=kogge-stone,0,489,4900.95,-0.055,-0.110,2623.70,0.5,ok,,,,
spi_master,control,spi_master,delay_triple@adder=kogge-stone,0,481,4702.01,-0.366,-7.929,2980.44,0.6,ok,,,,
spi_master,control,spi_master,area_safe@adder=kogge-stone,0,484,4810.86,0.006,0.000,2445.47,0.4,ok,,,,
spi_master,control,spi_master,orfs_area@adder=kogge-stone,0,521,5260.04,-0.087,-0.578,2519.52,0.4,ok,,,,
spi_master,control,spi_master,delay_iter_heavy@adder=kogge-stone,0,482,4685.74,-0.373,-6.615,2943.10,0.6,ok,,,,
spi_master,control,spi_master,delay_choice_deep_v4@adder=kogge-stone,0,505,4915.96,-0.761,-15.916,3065.75,0.4,ok,,,,
spi_master,control,spi_master,orfs_speed@adder=kogge-stone,0,480,4838.39,-0.379,-6.485,2926.86,0.4,ok,,,,
spi_master,control,spi_master,yosys_default@adder=kogge-stone,0,485,4561.88,0.070,0.000,2661.95,0.3,ok,,,,
spi_master,control,spi_master,area_lut6@adder=kogge-stone,0,479,4732.04,-0.066,-1.456,2805.87,0.4,ok,,,,
spi_master,control,spi_master,area_classic@adder=kogge-stone,0,488,4837.14,-0.291,-4.551,2842.04,0.5,ok,,,,
spi_master,control,spi_master,delay_map@adder=han-carlson,0,559,5235.02,0.285,0.000,2268.04,0.4,ok,,,,
spi_master,control,spi_master,delay_map_resyn@adder=han-carlson,0,555,5283.82,0.334,0.000,2198.32,0.4,ok,,,,
spi_master,control,spi_master,delay_choice_deep_v3@adder=han-carlson,0,482,4904.70,-0.499,-13.729,3004.26,0.4,ok,,,,
spi_master,control,spi_master,area_max@adder=kogge-stone,0,482,4792.10,0.001,0.000,2679.62,0.6,ok,,,,
spi_master,control,spi_master,balanced_resyn@adder=han-carlson,0,498,4839.64,-0.258,-6.514,2782.56,0.4,ok,,,,
spi_master,control,spi_master,delay_syn2@adder=han-carlson,0,495,4681.99,0.143,0.000,2567.09,0.4,ok,,,,
spi_master,control,spi_master,delay_choice_deep@adder=han-carlson,0,484,4738.29,-0.349,-6.587,2932.99,0.4,ok,,,,
spi_master,control,spi_master,delay_aggressive@adder=kogge-stone,0,479,4868.42,0.203,0.000,2422.74,0.9,ok,,,,
spi_master,control,spi_master,delay_choice_deep_bb@adder=han-carlson,0,495,4956.00,-0.486,-13.699,3026.15,0.5,ok,,,,
spi_master,control,spi_master,delay_choice_deep_v2@adder=han-carlson,0,484,4738.29,-0.349,-6.587,2932.99,0.5,ok,,,,
spi_master,control,spi_master,delay_triple@adder=han-carlson,0,479,4685.74,-0.373,-6.752,2916.33,0.7,ok,,,,
spi_master,control,spi_master,area_safe@adder=han-carlson,0,487,4907.21,0.199,0.000,2420.21,0.4,ok,,,,
spi_master,control,spi_master,orfs_area@adder=han-carlson,0,508,5163.70,-0.110,-0.220,2447.55,0.4,ok,,,,
spi_master,control,spi_master,delay_choice_deep_v4@adder=han-carlson,0,495,4956.00,-0.486,-13.699,3026.15,0.5,ok,,,,
spi_master,control,spi_master,area_lut6@adder=han-carlson,0,480,5024.82,0.070,0.000,2448.66,0.4,ok,,,,
spi_master,control,spi_master,area_classic@adder=han-carlson,0,488,4837.14,-0.291,-4.551,2842.04,0.5,ok,,,,
spi_master,control,spi_master,orfs_speed@adder=han-carlson,0,484,4713.27,-0.373,-6.730,2956.73,0.4,ok,,,,
spi_master,control,spi_master,balanced_resyn2x@adder=han-carlson,0,491,4863.41,-0.068,-0.211,2626.00,0.7,ok,,,,
spi_master,control,spi_master,delay_iter_heavy@adder=han-carlson,0,481,4680.74,-0.373,-6.862,2898.57,0.8,ok,,,,
spi_master,control,spi_master,yosys_default@adder=han-carlson,0,486,4554.37,0.018,0.000,2673.11,0.4,ok,,,,
spi_master,control,spi_master,delay_map@adder=sklansky,1,550,5202.49,0.334,0.000,2255.89,0.3,ok,,0.320,0.000,5202.49
spi_master,control,spi_master,delay_map_resyn@adder=sklansky,0,555,5283.82,0.334,0.000,2198.32,0.4,ok,,,,
spi_master,control,spi_master,area_max@adder=han-carlson,0,482,4792.10,0.001,0.000,2679.62,0.7,ok,,,,
spi_master,control,spi_master,delay_choice_deep_v3@adder=sklansky,0,478,4864.67,-0.493,-13.361,3039.76,0.5,ok,,,,
spi_master,control,spi_master,delay_syn2@adder=sklansky,0,495,4681.99,0.143,0.000,2567.09,0.3,ok,,,,
spi_master,control,spi_master,balanced_resyn@adder=sklansky,0,498,4839.64,-0.258,-6.514,2782.56,0.4,ok,,,,
spi_master,control,spi_master,delay_choice_deep@adder=sklansky,0,478,4715.77,-0.361,-6.823,2930.45,0.4,ok,,,,
spi_master,control,spi_master,delay_aggressive@adder=han-carlson,0,479,4868.42,0.203,0.000,2422.74,0.9,ok,,,,
spi_master,control,spi_master,delay_choice_deep_v2@adder=sklansky,0,478,4715.77,-0.361,-6.823,2930.45,0.4,ok,,,,
spi_master,control,spi_master,delay_choice_deep_bb@adder=sklansky,0,495,4956.00,-0.486,-13.699,3026.15,0.4,ok,,,,
spi_master,control,spi_master,area_safe@adder=sklansky,0,484,4853.40,0.203,0.000,2404.03,0.4,ok,,,,
spi_master,control,spi_master,delay_choice_deep_v4@adder=sklansky,0,495,4956.00,-0.486,-13.699,3026.15,0.4,ok,,,,
spi_master,control,spi_master,delay_triple@adder=sklansky,0,479,4666.98,-0.374,-6.867,2911.69,0.6,ok,,,,
spi_master,control,spi_master,orfs_area@adder=sklansky,0,508,5163.70,-0.110,-0.220,2447.55,0.4,ok,,,,
spi_master,control,spi_master,area_classic@adder=sklansky,0,488,4837.14,-0.291,-4.551,2842.04,0.5,ok,,,,
spi_master,control,spi_master,orfs_speed@adder=sklansky,0,478,4687.00,-0.386,-6.983,2954.19,0.3,ok,,,,
spi_master,control,spi_master,area_lut6@adder=sklansky,0,478,4646.96,-0.478,-14.005,3045.14,0.5,ok,,,,
spi_master,control,spi_master,balanced_resyn2x@adder=sklansky,0,491,4863.41,-0.068,-0.211,2626.00,0.7,ok,,,,
spi_master,control,spi_master,yosys_default@adder=sklansky,0,483,4561.88,0.098,0.000,2719.70,0.4,ok,,,,
spi_master,control,spi_master,delay_map@booth,0,551,5231.27,0.333,0.000,2244.79,0.4,ok,,,,
spi_master,control,spi_master,delay_iter_heavy@adder=sklansky,0,479,4685.74,-0.373,-6.781,2907.25,0.8,ok,,,,
spi_master,control,spi_master,delay_map_resyn@booth,0,555,5283.82,0.334,0.000,2198.32,0.4,ok,,,,
spi_master,control,spi_master,delay_choice_deep_v3@booth,0,496,4973.52,-0.506,-14.026,3015.15,0.5,ok,,,,
spi_master,control,spi_master,balanced_resyn@booth,0,498,4839.64,-0.258,-6.514,2782.56,0.4,ok,,,,
spi_master,control,spi_master,delay_choice_deep@booth,0,477,4715.77,-0.378,-6.795,2898.60,0.4,ok,,,,
spi_master,control,spi_master,delay_syn2@booth,0,495,4681.99,0.143,0.000,2567.09,0.4,ok,,,,
spi_master,control,spi_master,area_max@adder=sklansky,0,482,4792.10,0.001,0.000,2679.62,0.6,ok,,,,
spi_master,control,spi_master,delay_choice_deep_v2@booth,0,477,4715.77,-0.378,-6.795,2898.60,0.5,ok,,,,
spi_master,control,spi_master,delay_aggressive@adder=sklansky,0,479,4868.42,0.203,0.000,2422.74,0.9,ok,,,,
spi_master,control,spi_master,delay_triple@booth,0,477,4670.73,-0.374,-7.016,2926.46,0.6,ok,,,,
spi_master,control,spi_master,delay_choice_deep_bb@booth,0,495,4956.00,-0.486,-13.699,3026.15,0.4,ok,,,,
spi_master,control,spi_master,area_safe@booth,0,485,4870.92,0.103,0.000,2438.18,0.4,ok,,,,
spi_master,control,spi_master,delay_choice_deep_v4@booth,0,495,4956.00,-0.486,-13.699,3026.15,0.5,ok,,,,
spi_master,control,spi_master,orfs_area@booth,0,508,5163.70,-0.110,-0.220,2447.55,0.4,ok,,,,
spi_master,control,spi_master,balanced_resyn2x@booth,0,491,4863.41,-0.068,-0.211,2626.00,0.6,ok,,,,
spi_master,control,spi_master,area_lut6@booth,0,476,4805.86,0.126,0.000,2475.74,0.4,ok,,,,
spi_master,control,spi_master,orfs_speed@booth,0,477,4715.77,-0.378,-6.795,2898.60,0.3,ok,,,,
spi_master,control,spi_master,area_classic@booth,0,488,4837.14,-0.291,-4.551,2842.04,0.5,ok,,,,
spi_master,control,spi_master,yosys_default@booth,0,484,4774.58,0.017,0.000,2671.17,0.3,ok,,,,
spi_master,control,spi_master,delay_map@booth+adder=kogge-stone,0,550,5241.28,0.303,0.000,2241.50,0.3,ok,,,,
spi_master,control,spi_master,delay_iter_heavy@booth,0,479,4685.74,-0.375,-7.236,2953.10,0.8,ok,,,,
spi_master,control,spi_master,delay_map_resyn@booth+adder=kogge-stone,0,556,5261.30,0.291,0.000,2234.57,0.4,ok,,,,
spi_master,control,spi_master,delay_choice_deep_v3@booth+adder=kogge-stone,0,500,4986.03,-0.222,-3.071,2708.99,0.5,ok,,,,
spi_master,control,spi_master,area_max@booth,0,482,4792.10,0.001,0.000,2679.62,0.7,ok,,,,
spi_master,control,spi_master,delay_choice_deep@booth+adder=kogge-stone,0,480,4898.45,-0.333,-5.829,2879.90,0.4,ok,,,,
spi_master,control,spi_master,balanced_resyn@booth+adder=kogge-stone,0,476,4825.88,-0.258,-6.514,2782.56,0.4,ok,,,,
spi_master,control,spi_master,delay_syn2@booth+adder=kogge-stone,0,502,4729.54,-0.022,-0.022,2577.91,0.4,ok,,,,
spi_master,control,spi_master,delay_aggressive@booth,0,479,4868.42,0.203,0.000,2422.74,0.9,ok,,,,
spi_master,control,spi_master,delay_choice_deep_bb@booth+adder=kogge-stone,0,497,4949.75,-0.719,-17.114,3104.44,0.4,ok,,,,
spi_master,control,spi_master,delay_choice_deep_v2@booth+adder=kogge-stone,0,480,4898.45,-0.333,-5.829,2879.90,0.5,ok,,,,
spi_master,control,spi_master,orfs_area@booth+adder=kogge-stone,0,521,5260.04,-0.087,-0.578,2519.52,0.4,ok,,,,
spi_master,control,spi_master,delay_triple@booth+adder=kogge-stone,0,481,4702.01,-0.366,-7.929,2980.44,0.6,ok,,,,
spi_master,control,spi_master,area_safe@booth+adder=kogge-stone,0,484,4810.86,0.006,0.000,2445.47,0.4,ok,,,,
spi_master,control,spi_master,delay_choice_deep_v4@booth+adder=kogge-stone,0,505,4915.96,-0.761,-15.916,3065.75,0.4,ok,,,,
spi_master,control,spi_master,area_classic@booth+adder=kogge-stone,0,488,4837.14,-0.291,-4.551,2842.04,0.4,ok,,,,
spi_master,control,spi_master,area_lut6@booth+adder=kogge-stone,0,479,4732.04,-0.066,-1.456,2805.87,0.4,ok,,,,
spi_master,control,spi_master,balanced_resyn2x@booth+adder=kogge-stone,0,489,4900.95,-0.055,-0.110,2623.70,0.6,ok,,,,
spi_master,control,spi_master,delay_iter_heavy@booth+adder=kogge-stone,0,482,4685.74,-0.373,-6.615,2943.10,0.7,ok,,,,
spi_master,control,spi_master,yosys_default@booth+adder=kogge-stone,0,485,4561.88,0.070,0.000,2661.95,0.3,ok,,,,
spi_master,control,spi_master,orfs_speed@booth+adder=kogge-stone,0,480,4838.39,-0.379,-6.485,2926.86,0.4,ok,,,,
spi_master,control,spi_master,area_max@booth+adder=kogge-stone,0,482,4792.10,0.001,0.000,2679.62,0.6,ok,,,,
spi_master,control,spi_master,delay_aggressive@booth+adder=kogge-stone,0,479,4868.42,0.203,0.000,2422.74,0.8,ok,,,,
apb_timer,peripheral,apb_timer,delay_syn2,0,1333,11648.67,-0.973,-19.295,3820.10,0.4,ok,,,,
apb_timer,peripheral,apb_timer,delay_map,0,1506,11312.10,-0.439,-4.380,3283.93,0.4,ok,,,,
apb_timer,peripheral,apb_timer,delay_choice_deep_v3,0,1334,11347.13,-0.065,-3.265,3857.16,0.4,ok,,,,
apb_timer,peripheral,apb_timer,orfs_area,0,1417,12050.31,-0.836,-23.923,3391.99,0.4,ok,,,,
apb_timer,peripheral,apb_timer,delay_map_resyn,0,1499,11302.09,-0.275,-6.758,3768.46,0.5,ok,,,,
apb_timer,peripheral,apb_timer,delay_choice_deep,0,1343,11305.84,-0.079,-3.853,3749.27,0.5,ok,,,,
apb_timer,peripheral,apb_timer,delay_choice_deep_bb,0,1344,11352.14,-2.579,-96.265,6362.06,0.5,ok,,,,
apb_timer,peripheral,apb_timer,delay_choice_deep_v4,0,1351,11507.29,-0.990,-36.055,4850.55,0.5,ok,,,,
apb_timer,peripheral,apb_timer,balanced_resyn,0,1352,11247.04,-1.357,-34.867,5115.02,0.5,ok,,,,
apb_timer,peripheral,apb_timer,delay_choice_deep_v2,0,1343,11305.84,-0.079,-3.853,3749.27,0.5,ok,,,,
apb_timer,peripheral,apb_timer,area_safe,0,1264,10707.77,-5.154,-142.360,8933.40,0.6,ok,,,,
apb_timer,peripheral,apb_timer,area_classic,0,1391,11287.08,-3.462,-117.683,7199.03,0.6,ok,,,,
apb_timer,peripheral,apb_timer,area_lut6,0,1298,10802.86,-5.032,-154.481,8698.45,0.7,ok,,,,
apb_timer,peripheral,apb_timer,balanced_resyn2x,0,1340,11207.00,-1.540,-40.671,5300.31,0.9,ok,,,,
apb_timer,peripheral,apb_timer,orfs_speed,0,1343,11294.58,-0.079,-3.853,3787.87,0.5,ok,,,,
apb_timer,peripheral,apb_timer,yosys_default,0,1312,11033.08,-4.377,-144.266,8118.30,0.5,ok,,,,
apb_timer,peripheral,apb_timer,delay_triple,0,1334,11195.74,-0.080,-1.620,3989.01,0.9,ok,,,,
apb_timer,peripheral,apb_timer,delay_choice_deep_v3@adder=kogge-stone,0,1339,11747.52,-0.019,-0.530,3365.76,0.6,ok,,,,
apb_timer,peripheral,apb_timer,delay_map@adder=kogge-stone,0,1593,11871.39,-0.119,-2.519,2937.18,0.7,ok,,,,
apb_timer,peripheral,apb_timer,area_max,0,1325,10951.75,-3.553,-133.528,7233.15,1.1,ok,,,,
apb_timer,peripheral,apb_timer,delay_map_resyn@adder=kogge-stone,0,1622,12011.52,-0.583,-9.239,3022.93,0.7,ok,,,,
apb_timer,peripheral,apb_timer,delay_choice_deep@adder=kogge-stone,0,1324,11968.98,-0.029,-0.551,3189.75,0.6,ok,,,,
apb_timer,peripheral,apb_timer,delay_iter_heavy,0,1327,11144.44,-0.289,-8.806,4229.01,1.2,ok,,,,
apb_timer,peripheral,apb_timer,balanced_resyn@adder=kogge-stone,0,1378,11506.04,-0.042,-1.082,3631.13,0.7,ok,,,,
apb_timer,peripheral,apb_timer,delay_syn2@adder=kogge-stone,0,1326,11848.86,-0.979,-54.850,4583.28,0.6,ok,,,,
apb_timer,peripheral,apb_timer,delay_choice_deep_v2@adder=kogge-stone,0,1324,11968.98,-0.029,-0.551,3189.75,0.7,ok,,,,
apb_timer,peripheral,apb_timer,delay_choice_deep_bb@adder=kogge-stone,0,1291,11395.93,-0.078,-0.424,3842.96,0.7,ok,,,,
apb_timer,peripheral,apb_timer,delay_triple@adder=kogge-stone,0,1341,11399.68,-0.080,-1.715,3574.18,1.1,ok,,,,
apb_timer,peripheral,apb_timer,delay_aggressive,0,1323,10994.29,-2.662,-96.693,6390.28,1.6,ok,,,,
apb_timer,peripheral,apb_timer,delay_choice_deep_v4@adder=kogge-stone,0,1300,11377.16,-0.367,-24.395,4103.37,0.7,ok,,,,
apb_timer,peripheral,apb_timer,orfs_area@adder=kogge-stone,0,1489,12368.11,-0.716,-12.089,3403.78,0.6,ok,,,,
apb_timer,peripheral,apb_timer,balanced_resyn2x@adder=kogge-stone,0,1314,11285.82,-0.433,-5.014,4186.93,1.1,ok,,,,
apb_timer,peripheral,apb_timer,area_safe@adder=kogge-stone,0,1299,10862.92,-5.523,-187.525,9309.59,0.8,ok,,,,
apb_timer,peripheral,apb_timer,yosys_default@adder=kogge-stone,0,1285,10904.21,-5.289,-192.469,9123.81,0.6,ok,,,,
apb_timer,peripheral,apb_timer,orfs_speed@adder=kogge-stone,0,1324,11866.38,0.046,0.000,3204.58,0.6,ok,,,,
apb_timer,peripheral,apb_timer,area_classic@adder=kogge-stone,0,1298,11304.59,-4.902,-186.224,8556.56,0.8,ok,,,,
apb_timer,peripheral,apb_timer,delay_iter_heavy@adder=kogge-stone,0,1331,11255.80,-0.080,-1.781,3717.00,1.3,ok,,,,
apb_timer,peripheral,apb_timer,delay_choice_deep_v3@adder=han-carlson,0,1291,11402.19,-0.181,-3.352,3885.00,0.6,ok,,,,
apb_timer,peripheral,apb_timer,delay_map@adder=han-carlson,1,1496,11663.69,0.106,0.000,3039.34,0.7,ok,,0.090,0.000,11663.69
apb_timer,peripheral,apb_timer,area_lut6@adder=kogge-stone,0,1277,10830.39,-5.596,-241.000,9237.74,0.8,ok,,,,
apb_timer,peripheral,apb_timer,delay_map_resyn@adder=han-carlson,0,1520,11474.76,-0.581,-8.531,3194.40,0.8,ok,,,,
apb_timer,peripheral,apb_timer,delay_choice_deep@adder=han-carlson,0,1289,11407.19,-0.114,-1.548,3722.08,0.7,ok,,,,
apb_timer,peripheral,apb_timer,delay_syn2@adder=han-carlson,0,1319,11591.12,-0.973,-17.564,3568.91,0.6,ok,,,,
apb_timer,peripheral,apb_timer,balanced_resyn@adder=han-carlson,0,1283,11164.46,-0.263,-1.877,4066.46,0.7,ok,,,,
apb_timer,peripheral,apb_timer,delay_choice_deep_v2@adder=han-carlson,0,1289,11407.19,-0.114,-1.548,3722.08,0.7,ok,,,,
apb_timer,peripheral,apb_timer,delay_choice_deep_bb@adder=han-carlson,0,1336,11437.22,-0.249,-8.637,3802.73,0.6,ok,,,,
apb_timer,peripheral,apb_timer,delay_choice_deep_v4@adder=han-carlson,0,1316,11471.00,0.008,0.000,3528.09,0.6,ok,,,,
apb_timer,peripheral,apb_timer,area_max@adder=kogge-stone,0,1288,10970.52,-4.983,-193.218,8701.05,1.3,ok,,,,
apb_timer,peripheral,apb_timer,orfs_area@adder=han-carlson,0,1474,12242.99,-0.739,-15.979,3403.52,0.5,ok,,,,
apb_timer,peripheral,apb_timer,area_safe@adder=han-carlson,0,1289,10772.83,-4.806,-144.382,8778.86,0.7,ok,,,,
apb_timer,peripheral,apb_timer,delay_triple@adder=han-carlson,0,1341,11168.21,-0.080,-1.360,3558.62,1.2,ok,,,,
apb_timer,peripheral,apb_timer,balanced_resyn2x@adder=han-carlson,0,1279,11068.12,-0.080,-2.248,3825.19,1.0,ok,,,,
apb_timer,peripheral,apb_timer,area_classic@adder=han-carlson,0,1322,10946.75,-2.252,-68.791,5923.46,0.8,ok,,,,
apb_timer,peripheral,apb_timer,orfs_speed@adder=han-carlson,0,1289,11407.19,-0.114,-1.548,3722.08,0.6,ok,,,,
apb_timer,peripheral,apb_timer,delay_iter_heavy@adder=han-carlson,0,1323,11043.09,-0.080,-2.742,3733.81,1.3,ok,,,,
apb_timer,peripheral,apb_timer,delay_aggressive@adder=kogge-stone,0,1288,10882.94,-4.402,-165.345,8341.20,1.8,ok,,,,
apb_timer,peripheral,apb_timer,area_lut6@adder=han-carlson,0,1307,10840.40,-5.036,-189.504,8902.39,0.8,ok,,,,
apb_timer,peripheral,apb_timer,yosys_default@adder=han-carlson,0,1323,11043.09,-4.467,-138.637,8010.02,0.6,ok,,,,
apb_timer,peripheral,apb_timer,delay_map@adder=sklansky,0,1498,11450.98,-0.524,-7.922,3100.76,0.6,ok,,,,
apb_timer,peripheral,apb_timer,delay_choice_deep_v3@adder=sklansky,0,1326,11553.58,-0.065,-1.772,3744.07,0.6,ok,,,,
apb_timer,peripheral,apb_timer,delay_map_resyn@adder=sklansky,0,1535,11358.39,-0.812,-15.461,3120.35,0.6,ok,,,,
apb_timer,peripheral,apb_timer,delay_choice_deep@adder=sklansky,0,1339,11389.67,-0.075,-1.553,3794.60,0.6,ok,,,,
apb_timer,peripheral,apb_timer,balanced_resyn@adder=sklansky,0,1308,11363.40,-0.005,-0.137,3283.43,0.7,ok,,,,
apb_timer,peripheral,apb_timer,area_max@adder=han-carlson,0,1334,11011.81,-2.990,-108.796,6880.64,1.2,ok,,,,
apb_timer,peripheral,apb_timer,delay_choice_deep_v2@adder=sklansky,0,1339,11389.67,-0.075,-1.553,3794.60,0.7,ok,,,,
apb_timer,peripheral,apb_timer,delay_syn2@adder=sklansky,0,1347,11543.57,-1.362,-61.193,5120.14,0.6,ok,,,,
apb_timer,peripheral,apb_timer,delay_choice_deep_bb@adder=sklansky,0,1328,11274.56,-2.696,-101.043,6562.03,0.6,ok,,,,
apb_timer,peripheral,apb_timer,delay_triple@adder=sklansky,0,1312,11181.97,-0.079,-1.778,3906.87,1.0,ok,,,,
apb_timer,peripheral,apb_timer,delay_choice_deep_v4@adder=sklansky,0,1307,11234.52,-1.032,-28.608,4689.00,0.6,ok,,,,
apb_timer,peripheral,apb_timer,orfs_area@adder=sklansky,0,1431,12041.55,-0.961,-24.983,3550.04,0.6,ok,,,,
apb_timer,peripheral,apb_timer,delay_aggressive@adder=han-carlson,0,1317,10887.94,-2.622,-98.596,6606.35,1.6,ok,,,,
apb_timer,peripheral,apb_timer,balanced_resyn2x@adder=sklansky,0,1298,11208.25,-0.079,-2.159,3594.43,0.9,ok,,,,
apb_timer,peripheral,apb_timer,orfs_speed@adder=sklansky,0,1339,11342.13,-0.075,-1.561,3827.78,0.5,ok,,,,
apb_timer,peripheral,apb_timer,area_safe@adder=sklansky,0,1296,10932.99,-3.554,-139.159,7154.39,0.7,ok,,,,
apb_timer,peripheral,apb_timer,area_classic@adder=sklansky,0,1330,11393.43,-4.602,-187.119,8126.46,0.7,ok,,,,
apb_timer,peripheral,apb_timer,area_lut6@adder=sklansky,0,1328,10960.51,-4.523,-192.860,8277.18,0.7,ok,,,,
apb_timer,peripheral,apb_timer,delay_map@booth,0,1506,11312.10,-0.439,-4.380,3283.93,0.5,ok,,,,
apb_timer,peripheral,apb_timer,delay_iter_heavy@adder=sklansky,0,1326,11153.20,-0.080,-3.158,3922.02,1.2,ok,,,,
apb_timer,peripheral,apb_timer,yosys_default@adder=sklansky,0,1305,11013.06,-4.661,-168.264,8257.82,0.6,ok,,,,
apb_timer,peripheral,apb_timer,delay_choice_deep_v3@booth,0,1334,11347.13,-0.065,-3.265,3857.16,0.5,ok,,,,
apb_timer,peripheral,apb_timer,delay_map_resyn@booth,0,1499,11302.09,-0.275,-6.758,3768.46,0.6,ok,,,,
apb_timer,peripheral,apb_timer,delay_choice_deep@booth,0,1343,11305.84,-0.079,-3.853,3749.27,0.6,ok,,,,
apb_timer,peripheral,apb_timer,delay_syn2@booth,0,1333,11648.67,-0.973,-19.295,3820.10,0.5,ok,,,,
apb_timer,peripheral,apb_timer,balanced_resyn@booth,0,1352,11247.04,-1.357,-34.867,5115.02,0.6,ok,,,,
apb_timer,peripheral,apb_timer,delay_choice_deep_bb@booth,0,1344,11352.14,-2.579,-96.265,6362.06,0.6,ok,,,,
apb_timer,peripheral,apb_timer,orfs_area@booth,0,1417,12050.31,-0.836,-23.923,3391.99,0.5,ok,,,,
apb_timer,peripheral,apb_timer,area_max@adder=sklansky,0,1310,11035.58,-5.114,-193.167,8814.22,1.2,ok,,,,
apb_timer,peripheral,apb_timer,delay_choice_deep_v2@booth,0,1343,11305.84,-0.079,-3.853,3749.27,0.7,ok,,,,
apb_timer,peripheral,apb_timer,area_safe@booth,0,1264,10707.77,-5.154,-142.360,8933.40,0.7,ok,,,,
apb_timer,peripheral,apb_timer,delay_choice_deep_v4@booth,0,1351,11507.29,-0.990,-36.055,4850.55,0.6,ok,,,,
apb_timer,peripheral,apb_timer,orfs_speed@booth,0,1343,11294.58,-0.079,-3.853,3787.87,0.5,ok,,,,
apb_timer,peripheral,apb_timer,delay_triple@booth,0,1334,11195.74,-0.080,-1.620,3989.01,1.1,ok,,,,
apb_timer,peripheral,apb_timer,area_classic@booth,0,1391,11287.08,-3.462,-117.683,7199.03,0.7,ok,,,,
apb_timer,peripheral,apb_timer,delay_aggressive@adder=sklansky,0,1286,11080.63,-5.111,-183.015,8741.29,1.7,ok,,,,
apb_timer,peripheral,apb_timer,area_lut6@booth,0,1298,10802.86,-5.032,-154.481,8698.45,0.7,ok,,,,
apb_timer,peripheral,apb_timer,balanced_resyn2x@booth,0,1340,11207.00,-1.540,-40.671,5300.31,1.1,ok,,,,
apb_timer,peripheral,apb_timer,yosys_default@booth,0,1312,11033.08,-4.377,-144.266,8118.30,0.5,ok,,,,
apb_timer,peripheral,apb_timer,delay_iter_heavy@booth,0,1327,11144.44,-0.289,-8.806,4229.01,1.3,ok,,,,
apb_timer,peripheral,apb_timer,delay_map@booth+adder=kogge-stone,0,1593,11871.39,-0.119,-2.519,2937.18,0.6,ok,,,,
apb_timer,peripheral,apb_timer,delay_map_resyn@booth+adder=kogge-stone,0,1622,12011.52,-0.583,-9.239,3022.93,0.7,ok,,,,
apb_timer,peripheral,apb_timer,delay_choice_deep_v3@booth+adder=kogge-stone,0,1339,11747.52,-0.019,-0.530,3365.76,0.6,ok,,,,
apb_timer,peripheral,apb_timer,area_max@booth,0,1325,10951.75,-3.553,-133.528,7233.15,1.0,ok,,,,
apb_timer,peripheral,apb_timer,delay_syn2@booth+adder=kogge-stone,0,1326,11848.86,-0.979,-54.850,4583.28,0.6,ok,,,,
apb_timer,peripheral,apb_timer,balanced_resyn@booth+adder=kogge-stone,0,1378,11506.04,-0.042,-1.082,3631.13,0.7,ok,,,,
apb_timer,peripheral,apb_timer,delay_choice_deep@booth+adder=kogge-stone,0,1324,11968.98,-0.029,-0.551,3189.75,0.7,ok,,,,
apb_timer,peripheral,apb_timer,delay_choice_deep_bb@booth+adder=kogge-stone,0,1291,11395.93,-0.078,-0.424,3842.96,0.6,ok,,,,
apb_timer,peripheral,apb_timer,delay_choice_deep_v2@booth+adder=kogge-stone,0,1324,11968.98,-0.029,-0.551,3189.75,0.6,ok,,,,
apb_timer,peripheral,apb_timer,delay_choice_deep_v4@booth+adder=kogge-stone,0,1300,11377.16,-0.367,-24.395,4103.37,0.6,ok,,,,
apb_timer,peripheral,apb_timer,delay_aggressive@booth,0,1323,10994.29,-2.662,-96.693,6390.28,1.5,ok,,,,
apb_timer,peripheral,apb_timer,orfs_area@booth+adder=kogge-stone,0,1489,12368.11,-0.716,-12.089,3403.78,0.5,ok,,,,
apb_timer,peripheral,apb_timer,area_safe@booth+adder=kogge-stone,0,1299,10862.92,-5.523,-187.525,9309.59,0.7,ok,,,,
apb_timer,peripheral,apb_timer,delay_triple@booth+adder=kogge-stone,0,1341,11399.68,-0.080,-1.715,3574.18,1.0,ok,,,,
apb_timer,peripheral,apb_timer,orfs_speed@booth+adder=kogge-stone,0,1324,11866.38,0.046,0.000,3204.58,0.5,ok,,,,
apb_timer,peripheral,apb_timer,yosys_default@booth+adder=kogge-stone,0,1285,10904.21,-5.289,-192.469,9123.81,0.5,ok,,,,
apb_timer,peripheral,apb_timer,area_classic@booth+adder=kogge-stone,0,1298,11304.59,-4.902,-186.224,8556.56,0.8,ok,,,,
apb_timer,peripheral,apb_timer,balanced_resyn2x@booth+adder=kogge-stone,0,1314,11285.82,-0.433,-5.014,4186.93,1.1,ok,,,,
apb_timer,peripheral,apb_timer,delay_iter_heavy@booth+adder=kogge-stone,0,1331,11255.80,-0.080,-1.781,3717.00,1.2,ok,,,,
apb_timer,peripheral,apb_timer,area_lut6@booth+adder=kogge-stone,0,1277,10830.39,-5.596,-241.000,9237.74,0.8,ok,,,,
apb_timer,peripheral,apb_timer,area_max@booth+adder=kogge-stone,0,1288,10970.52,-4.983,-193.218,8701.05,1.1,ok,,,,
apb_timer,peripheral,apb_timer,delay_aggressive@booth+adder=kogge-stone,0,1288,10882.94,-4.402,-165.345,8341.20,1.5,ok,,,,
fifo_sync,memory,fifo_sync,delay_map,0,2901,26683.09,-0.395,-35.862,2849.29,0.5,ok,,,,
fifo_sync,memory,fifo_sync,orfs_area,0,2566,28484.82,-0.596,-226.987,2831.78,0.7,ok,,,,
fifo_sync,memory,fifo_sync,delay_syn2,0,2455,28548.63,-0.819,-324.578,2943.18,0.7,ok,,,,
fifo_sync,memory,fifo_sync,delay_map_resyn,1,2965,26810.71,-0.135,-3.971,2659.52,0.7,ok,,0.020,0.000,26994.64
fifo_sync,memory,fifo_sync,delay_choice_deep_bb,0,2406,26248.92,-0.867,-307.690,3243.73,0.7,ok,,,,
fifo_sync,memory,fifo_sync,delay_choice_deep_v3,0,2405,27333.72,-1.068,-445.584,3243.98,0.8,ok,,,,
fifo_sync,memory,fifo_sync,delay_choice_deep_v4,0,2411,26241.42,-0.950,-307.951,3201.21,0.8,ok,,,,
fifo_sync,memory,fifo_sync,balanced_resyn,0,2404,26835.74,-0.766,-278.747,2920.78,1.0,ok,,,,
fifo_sync,memory,fifo_sync,area_safe,0,2392,26898.30,-0.680,-289.919,2911.73,1.0,ok,,,,
fifo_sync,memory,fifo_sync,delay_choice_deep,0,2407,26426.60,-1.302,-416.343,3478.64,1.0,ok,,,,
fifo_sync,memory,fifo_sync,area_classic,0,2363,26952.10,-0.786,-319.885,2983.40,1.0,ok,,,,
fifo_sync,memory,fifo_sync,delay_choice_deep_v2,0,2407,26426.60,-1.302,-416.343,3478.64,1.2,ok,,,,
fifo_sync,memory,fifo_sync,orfs_speed,0,2407,26410.33,-1.302,-423.466,3488.63,0.9,ok,,,,
fifo_sync,memory,fifo_sync,balanced_resyn2x,0,2404,26730.64,-0.814,-326.042,2974.60,1.4,ok,,,,
fifo_sync,memory,fifo_sync,delay_map@adder=kogge-stone,0,2909,27704.07,-0.283,-35.531,2762.51,0.7,ok,,,,
fifo_sync,memory,fifo_sync,yosys_default,0,2421,26656.82,-1.111,-399.662,3295.10,0.9,ok,,,,
fifo_sync,memory,fifo_sync,delay_map_resyn@adder=kogge-stone,0,2967,27521.40,-0.272,-16.653,2663.02,1.0,ok,,,,
fifo_sync,memory,fifo_sync,area_lut6,0,2382,27948.05,-0.602,-229.472,2821.82,1.7,ok,,,,
fifo_sync,memory,fifo_sync,delay_choice_deep_v3@adder=kogge-stone,0,2408,27163.55,-0.892,-371.973,3134.09,1.1,ok,,,,
fifo_sync,memory,fifo_sync,balanced_resyn@adder=kogge-stone,0,2401,26615.53,-0.762,-321.156,2973.23,1.0,ok,,,,
fifo_sync,memory,fifo_sync,area_max,0,2376,26760.67,-0.847,-331.280,2979.97,1.9,ok,,,,
fifo_sync,memory,fifo_sync,delay_choice_deep@adder=kogge-stone,0,2407,27072.21,-0.871,-410.845,3202.18,1.1,ok,,,,
fifo_sync,memory,fifo_sync,delay_triple,0,2405,26628.04,-1.106,-319.695,3262.09,2.2,ok,,,,
fifo_sync,memory,fifo_sync,delay_choice_deep_bb@adder=kogge-stone,0,2409,27321.20,-0.758,-289.292,3026.52,1.0,ok,,,,
fifo_sync,memory,fifo_sync,delay_choice_deep_v2@adder=kogge-stone,0,2407,27072.21,-0.871,-410.845,3202.18,1.4,ok,,,,
fifo_sync,memory,fifo_sync,balanced_resyn2x@adder=kogge-stone,0,2404,26731.89,-0.814,-325.528,2974.60,1.5,ok,,,,
fifo_sync,memory,fifo_sync,delay_iter_heavy,0,2404,26849.50,-1.100,-405.819,3286.12,2.5,ok,,,,
fifo_sync,memory,fifo_sync,delay_choice_deep_v4@adder=kogge-stone,0,2414,27899.26,-0.839,-333.738,3031.22,0.9,ok,,,,
fifo_sync,memory,fifo_sync,orfs_area@adder=kogge-stone,0,2567,28728.80,-0.619,-227.552,2814.38,0.9,ok,,,,
fifo_sync,memory,fifo_sync,delay_triple@adder=kogge-stone,0,2406,26980.88,-0.846,-284.067,3031.05,1.9,ok,,,,
fifo_sync,memory,fifo_sync,delay_syn2@adder=kogge-stone,0,2461,27719.08,-1.223,-491.070,3367.86,1.5,ok,,,,
fifo_sync,memory,fifo_sync,area_classic@adder=kogge-stone,0,2361,26870.77,-0.788,-310.845,2942.43,1.1,ok,,,,
fifo_sync,memory,fifo_sync,area_safe@adder=kogge-stone,0,2383,28083.18,-0.917,-363.972,3061.00,1.4,ok,,,,
fifo_sync,memory,fifo_sync,orfs_speed@adder=kogge-stone,0,2407,27019.66,-0.853,-364.074,3210.27,0.9,ok,,,,
fifo_sync,memory,fifo_sync,delay_map@adder=han-carlson,0,2923,27070.96,-0.322,-34.510,2770.53,0.7,ok,,,,
fifo_sync,memory,fifo_sync,yosys_default@adder=kogge-stone,0,2418,26283.96,-0.932,-344.749,3351.21,0.7,ok,,,,
fifo_sync,memory,fifo_sync,area_lut6@adder=kogge-stone,0,2383,26964.61,-0.863,-324.584,3005.13,1.4,ok,,,,
fifo_sync,memory,fifo_sync,delay_iter_heavy@adder=kogge-stone,0,2404,26562.98,-1.042,-310.938,3158.09,2.3,ok,,,,
fifo_sync,memory,fifo_sync,delay_map_resyn@adder=han-carlson,0,2967,27512.64,-0.245,-16.050,2663.02,0.9,ok,,,,
fifo_sync,memory,fifo_sync,delay_aggressive,0,2385,26887.04,-0.759,-308.180,2940.50,3.3,ok,,,,
fifo_sync,memory,fifo_sync,delay_choice_deep_v3@adder=han-carlson,0,2405,26758.16,-1.058,-385.968,3179.56,1.0,ok,,,,
fifo_sync,memory,fifo_sync,balanced_resyn@adder=han-carlson,0,2401,26618.03,-0.762,-321.037,2944.56,1.0,ok,,,,
fifo_sync,memory,fifo_sync,delay_choice_deep@adder=han-carlson,0,2407,27073.47,-1.032,-421.465,3207.18,1.0,ok,,,,
fifo_sync,memory,fifo_sync,delay_choice_deep_bb@adder=han-carlson,0,2406,26175.10,-0.854,-294.007,3219.80,0.8,ok,,,,
fifo_sync,memory,fifo_sync,delay_choice_deep_v4@adder=han-carlson,0,2411,26316.49,-1.053,-340.953,3243.69,0.8,ok,,,,
fifo_sync,memory,fifo_sync,area_max@adder=kogge-stone,0,2380,26766.92,-0.731,-293.343,2961.93,1.9,ok,,,,
fifo_sync,memory,fifo_sync,delay_choice_deep_v2@adder=han-carlson,0,2407,27073.47,-1.032,-421.465,3207.18,1.1,ok,,,,
fifo_sync,memory,fifo_sync,area_safe@adder=han-carlson,0,2384,27009.65,-0.921,-362.756,3014.65,1.2,ok,,,,
fifo_sync,memory,fifo_sync,delay_syn2@adder=han-carlson,0,2455,29663.45,-0.703,-267.870,2914.10,1.3,ok,,,,
fifo_sync,memory,fifo_sync,orfs_area@adder=han-carlson,0,2566,28606.19,-0.596,-234.518,2831.60,0.9,ok,,,,
fifo_sync,memory,fifo_sync,balanced_resyn2x@adder=han-carlson,0,2404,26699.36,-0.808,-331.048,2963.62,1.4,ok,,,,
fifo_sync,memory,fifo_sync,orfs_speed@adder=han-carlson,0,2407,27042.19,-1.012,-421.618,3228.83,0.8,ok,,,,
fifo_sync,memory,fifo_sync,delay_map@adder=sklansky,0,2920,26678.09,-0.425,-43.144,2868.04,0.6,ok,,,,
fifo_sync,memory,fifo_sync,yosys_default@adder=han-carlson,0,2415,27112.25,-0.874,-335.665,3079.94,0.7,ok,,,,
fifo_sync,memory,fifo_sync,area_classic@adder=han-carlson,0,2361,26824.48,-0.770,-325.699,2967.94,1.1,ok,,,,
fifo_sync,memory,fifo_sync,delay_triple@adder=han-carlson,0,2401,26728.13,-0.928,-266.642,3065.52,1.8,ok,,,,
fifo_sync,memory,fifo_sync,delay_aggressive@adder=kogge-stone,0,2390,26887.04,-0.826,-296.631,2907.58,3.0,ok,,,,
fifo_sync,memory,fifo_sync,delay_map_resyn@adder=sklansky,0,2967,27521.40,-0.272,-16.653,2663.02,0.9,ok,,,,
fifo_sync,memory,fifo_sync,delay_choice_deep_v3@adder=sklansky,0,2407,27244.88,-0.900,-363.362,3103.60,1.0,ok,,,,
fifo_sync,memory,fifo_sync,area_lut6@adder=han-carlson,0,2375,27080.97,-0.883,-339.465,2986.82,1.5,ok,,,,
fifo_sync,memory,fifo_sync,balanced_resyn@adder=sklansky,0,2401,26615.53,-0.762,-321.156,2973.23,0.8,ok,,,,
fifo_sync,memory,fifo_sync,delay_iter_heavy@adder=han-carlson,0,2405,27846.71,-1.005,-348.230,3131.43,2.3,ok,,,,
fifo_sync,memory,fifo_sync,delay_choice_deep@adder=sklansky,0,2407,26919.57,-1.012,-380.684,3178.16,0.9,ok,,,,
fifo_sync,memory,fifo_sync,area_max@adder=han-carlson,0,2380,26311.48,-0.892,-343.172,3220.48,1.7,ok,,,,
fifo_sync,memory,fifo_sync,delay_syn2@adder=sklansky,0,2452,28787.61,-0.867,-305.892,2942.36,0.9,ok,,,,
fifo_sync,memory,fifo_sync,delay_choice_deep_v4@adder=sklansky,0,2411,26257.68,-0.950,-311.735,3201.21,0.8,ok,,,,
fifo_sync,memory,fifo_sync,delay_choice_deep_bb@adder=sklansky,0,2406,26108.79,-0.820,-262.916,3203.54,0.9,ok,,,,
fifo_sync,memory,fifo_sync,delay_choice_deep_v2@adder=sklansky,0,2407,26919.57,-1.012,-380.684,3178.16,1.0,ok,,,,
fifo_sync,memory,fifo_sync,area_safe@adder=sklansky,0,2380,26698.11,-1.008,-386.397,3050.70,1.0,ok,,,,
fifo_sync,memory,fifo_sync,orfs_area@adder=sklansky,0,2566,28583.66,-0.669,-233.877,2858.59,0.8,ok,,,,
fifo_sync,memory,fifo_sync,area_classic@adder=sklansky,0,2361,26870.77,-0.788,-310.845,2942.43,1.0,ok,,,,
fifo_sync,memory,fifo_sync,balanced_resyn2x@adder=sklansky,0,2404,26731.89,-0.814,-325.528,2974.60,1.3,ok,,,,
fifo_sync,memory,fifo_sync,delay_triple@adder=sklansky,0,2401,26739.40,-0.853,-261.234,3065.52,1.7,ok,,,,
fifo_sync,memory,fifo_sync,orfs_speed@adder=sklansky,0,2407,26844.50,-1.035,-381.547,3229.27,0.7,ok,,,,
fifo_sync,memory,fifo_sync,delay_map@booth,0,2901,26683.09,-0.395,-35.862,2849.29,0.6,ok,,,,
fifo_sync,memory,fifo_sync,yosys_default@adder=sklansky,0,2426,27121.01,-0.825,-313.279,3049.02,0.8,ok,,,,
fifo_sync,memory,fifo_sync,delay_map_resyn@booth,0,2965,26810.71,-0.135,-3.971,2659.52,0.8,ok,,,,
fifo_sync,memory,fifo_sync,delay_choice_deep_v3@booth,0,2405,27333.72,-1.068,-445.584,3243.98,1.0,ok,,,,
fifo_sync,memory,fifo_sync,delay_aggressive@adder=han-carlson,0,2385,26913.31,-0.778,-307.614,2942.27,3.2,ok,,,,
fifo_sync,memory,fifo_sync,area_lut6@adder=sklansky,0,2370,27062.20,-0.883,-341.644,2986.82,1.4,ok,,,,
fifo_sync,memory,fifo_sync,balanced_resyn@booth,0,2404,26835.74,-0.766,-278.747,2920.78,1.1,ok,,,,
fifo_sync,memory,fifo_sync,delay_syn2@booth,0,2455,28548.63,-0.819,-324.578,2943.18,0.8,ok,,,,
fifo_sync,memory,fifo_sync,delay_iter_heavy@adder=sklansky,0,2405,28577.41,-1.005,-355.062,3108.76,2.4,ok,,,,
fifo_sync,memory,fifo_sync,delay_choice_deep_bb@booth,0,2406,26248.92,-0.867,-307.690,3243.73,0.9,ok,,,,
fifo_sync,memory,fifo_sync,delay_choice_deep@booth,0,2407,26426.60,-1.302,-416.343,3478.64,1.1,ok,,,,
fifo_sync,memory,fifo_sync,delay_choice_deep_v4@booth,0,2411,26241.42,-0.950,-307.951,3201.21,0.8,ok,,,,
fifo_sync,memory,fifo_sync,delay_choice_deep_v2@booth,0,2407,26426.60,-1.302,-416.343,3478.64,1.3,ok,,,,
fifo_sync,memory,fifo_sync,balanced_resyn2x@booth,0,2404,26730.64,-0.814,-326.042,2974.60,1.3,ok,,,,
fifo_sync,memory,fifo_sync,area_max@adder=sklansky,0,2380,26766.92,-0.731,-293.343,2961.93,2.0,ok,,,,
fifo_sync,memory,fifo_sync,area_safe@booth,0,2392,26898.30,-0.680,-289.919,2911.73,1.1,ok,,,,
fifo_sync,memory,fifo_sync,orfs_area@booth,0,2566,28484.82,-0.596,-226.987,2831.78,0.8,ok,,,,
fifo_sync,memory,fifo_sync,area_classic@booth,0,2363,26952.10,-0.786,-319.885,2983.40,1.0,ok,,,,
fifo_sync,memory,fifo_sync,delay_map@booth+adder=kogge-stone,0,2909,27704.07,-0.283,-35.531,2762.51,0.7,ok,,,,
fifo_sync,memory,fifo_sync,delay_aggressive@adder=sklansky,0,2390,26887.04,-0.826,-296.631,2907.58,2.8,ok,,,,
fifo_sync,memory,fifo_sync,orfs_speed@booth,0,2407,26410.33,-1.302,-423.466,3488.63,0.8,ok,,,,
fifo_sync,memory,fifo_sync,delay_triple@booth,0,2405,26628.04,-1.106,-319.695,3262.09,2.0,ok,,,,
fifo_sync,memory,fifo_sync,yosys_default@booth,0,2421,26656.82,-1.111,-399.662,3295.10,0.9,ok,,,,
fifo_sync,memory,fifo_sync,delay_map_resyn@booth+adder=kogge-stone,0,2967,27521.40,-0.272,-16.653,2663.02,0.9,ok,,,,
fifo_sync,memory,fifo_sync,delay_choice_deep_v3@booth+adder=kogge-stone,0,2408,27163.55,-0.892,-371.973,3134.09,1.0,ok,,,,
fifo_sync,memory,fifo_sync,delay_iter_heavy@booth,0,2404,26849.50,-1.100,-405.819,3286.12,2.4,ok,,,,
fifo_sync,memory,fifo_sync,balanced_resyn@booth+adder=kogge-stone,0,2401,26615.53,-0.762,-321.156,2973.23,0.9,ok,,,,
fifo_sync,memory,fifo_sync,area_lut6@booth,0,2382,27948.05,-0.602,-229.472,2821.82,1.7,ok,,,,
fifo_sync,memory,fifo_sync,delay_choice_deep@booth+adder=kogge-stone,0,2407,27072.21,-0.871,-410.845,3202.18,1.1,ok,,,,
fifo_sync,memory,fifo_sync,delay_choice_deep_bb@booth+adder=kogge-stone,0,2409,27321.20,-0.758,-289.292,3026.52,0.8,ok,,,,
fifo_sync,memory,fifo_sync,area_max@booth,0,2376,26760.67,-0.847,-331.280,2979.97,1.7,ok,,,,
fifo_sync,memory,fifo_sync,delay_choice_deep_v4@booth+adder=kogge-stone,0,2414,27899.26,-0.839,-333.738,3031.22,0.9,ok,,,,
fifo_sync,memory,fifo_sync,balanced_resyn2x@booth+adder=kogge-stone,0,2404,26731.89,-0.814,-325.528,2974.60,1.3,ok,,,,
fifo_sync,memory,fifo_sync,delay_choice_deep_v2@booth+adder=kogge-stone,0,2407,27072.21,-0.871,-410.845,3202.18,1.3,ok,,,,
fifo_sync,memory,fifo_sync,orfs_area@booth+adder=kogge-stone,0,2567,28728.80,-0.619,-227.552,2814.38,0.9,ok,,,,
fifo_sync,memory,fifo_sync,delay_triple@booth+adder=kogge-stone,0,2406,26980.88,-0.846,-284.067,3031.05,1.7,ok,,,,
fifo_sync,memory,fifo_sync,area_classic@booth+adder=kogge-stone,0,2361,26870.77,-0.788,-310.845,2942.43,1.0,ok,,,,
fifo_sync,memory,fifo_sync,delay_syn2@booth+adder=kogge-stone,0,2461,27719.08,-1.223,-491.070,3367.86,1.4,ok,,,,
fifo_sync,memory,fifo_sync,area_safe@booth+adder=kogge-stone,0,2383,28083.18,-0.917,-363.972,3061.00,1.2,ok,,,,
fifo_sync,memory,fifo_sync,orfs_speed@booth+adder=kogge-stone,0,2407,27019.66,-0.853,-364.074,3210.27,0.8,ok,,,,
fifo_sync,memory,fifo_sync,yosys_default@booth+adder=kogge-stone,0,2418,26283.96,-0.932,-344.749,3351.21,0.7,ok,,,,
fifo_sync,memory,fifo_sync,delay_aggressive@booth,0,2385,26887.04,-0.759,-308.180,2940.50,2.9,ok,,,,
fifo_sync,memory,fifo_sync,area_lut6@booth+adder=kogge-stone,0,2383,26964.61,-0.863,-324.584,3005.13,1.2,ok,,,,
fifo_sync,memory,fifo_sync,delay_iter_heavy@booth+adder=kogge-stone,0,2404,26562.98,-1.042,-310.938,3158.09,2.1,ok,,,,
fifo_sync,memory,fifo_sync,area_max@booth+adder=kogge-stone,0,2380,26766.92,-0.731,-293.343,2961.93,1.7,ok,,,,
fifo_sync,memory,fifo_sync,delay_aggressive@booth+adder=kogge-stone,0,2390,26887.04,-0.826,-296.631,2907.58,2.5,ok,,,,
zx16_core_ahb,cpu,zx16_core_ahb,delay_map,0,3679,22246.34,0.741,0.000,5651.79,1.4,ok,,,,
zx16_core_ahb,cpu,zx16_core_ahb,delay_syn2,0,2943,20587.24,-0.579,-29.404,6711.47,1.4,ok,,,,
zx16_core_ahb,cpu,zx16_core_ahb,delay_choice_deep_v3,0,2891,19890.33,-0.916,-50.595,7143.65,1.4,ok,,,,
zx16_core_ahb,cpu,zx16_core_ahb,delay_choice_deep_bb,0,2880,20052.98,-0.955,-77.350,7235.53,1.4,ok,,,,
zx16_core_ahb,cpu,zx16_core_ahb,delay_choice_deep_v4,0,2888,19969.15,-1.315,-121.298,7568.33,1.6,ok,,,,
zx16_core_ahb,cpu,zx16_core_ahb,delay_choice_deep,0,2884,20300.72,-0.724,-40.306,6976.38,1.6,ok,,,,
zx16_core_ahb,cpu,zx16_core_ahb,delay_choice_deep_v2,0,2884,20347.01,-0.715,-39.785,6976.15,1.6,ok,,,,
zx16_core_ahb,cpu,zx16_core_ahb,delay_map_resyn,0,3357,20475.89,0.032,0.000,6367.04,1.7,ok,,,,
zx16_core_ahb,cpu,zx16_core_ahb,orfs_area,0,3169,22372.71,-0.005,-0.011,6243.24,1.7,ok,,,,
zx16_core_ahb,cpu,zx16_core_ahb,balanced_resyn,0,2963,20895.04,-0.763,-58.294,6884.93,1.9,ok,,,,
zx16_core_ahb,cpu,zx16_core_ahb,area_classic,0,2832,19595.04,-1.107,-80.216,7398.87,2.0,ok,,,,
zx16_core_ahb,cpu,zx16_core_ahb,area_lut6,0,2828,19640.09,-1.223,-77.937,7565.35,2.0,ok,,,,
zx16_core_ahb,cpu,zx16_core_ahb,area_safe,0,2794,19260.97,-1.667,-133.133,8010.36,2.1,ok,,,,
zx16_core_ahb,cpu,zx16_core_ahb,orfs_speed,0,2884,20201.88,-0.724,-52.470,7050.13,1.5,ok,,,,
zx16_core_ahb,cpu,zx16_core_ahb,yosys_default,0,2830,19652.60,-2.028,-154.242,8189.96,1.5,ok,,,,
zx16_core_ahb,cpu,zx16_core_ahb,balanced_resyn2x,0,2886,19752.69,-1.042,-69.275,7299.69,2.9,ok,,,,
zx16_core_ahb,cpu,zx16_core_ahb,delay_triple,0,2853,20679.83,-0.408,-4.629,6365.56,3.1,ok,,,,
zx16_core_ahb,cpu,zx16_core_ahb,delay_choice_deep_v3@adder=kogge-stone,0,2994,20333.25,-1.016,-67.314,7127.18,1.5,ok,,,,
zx16_core_ahb,cpu,zx16_core_ahb,delay_map@adder=kogge-stone,0,3849,23137.19,0.621,0.000,5753.39,1.7,ok,,,,
zx16_core_ahb,cpu,zx16_core_ahb,delay_map_resyn@adder=kogge-stone,0,3426,21596.96,0.627,0.000,5700.80,1.9,ok,,,,
zx16_core_ahb,cpu,zx16_core_ahb,delay_choice_deep@adder=kogge-stone,0,2932,20658.56,-0.440,-19.681,6681.86,1.8,ok,,,,
zx16_core_ahb,cpu,zx16_core_ahb,area_max,0,2781,19307.27,-1.034,-66.439,7417.54,3.6,ok,,,,
zx16_core_ahb,cpu,zx16_core_ahb,delay_iter_heavy,0,2845,20519.68,-0.173,-2.058,6398.06,3.6,ok,,,,
zx16_core_ahb,cpu,zx16_core_ahb,balanced_resyn@adder=kogge-stone,0,3012,21256.64,-0.226,-4.454,6489.88,2.0,ok,,,,
zx16_core_ahb,cpu,zx16_core_ahb,delay_syn2@adder=kogge-stone,0,3153,22248.84,-0.104,-0.934,6206.59,1.6,ok,,,,
zx16_core_ahb,cpu,zx16_core_ahb,delay_choice_deep_bb@adder=kogge-stone,0,2999,21917.27,-0.282,-2.245,6274.35,1.6,ok,,,,
zx16_core_ahb,cpu,zx16_core_ahb,delay_choice_deep_v2@adder=kogge-stone,0,2932,20747.40,-0.374,-13.592,6651.74,1.9,ok,,,,
zx16_core_ahb,cpu,zx16_core_ahb,delay_choice_deep_v4@adder=kogge-stone,0,3009,21715.83,-0.255,-2.068,6262.20,1.8,ok,,,,
zx16_core_ahb,cpu,zx16_core_ahb,delay_triple@adder=kogge-stone,0,2910,20966.36,-0.546,-8.798,6558.16,3.1,ok,,,,
zx16_core_ahb,cpu,zx16_core_ahb,delay_aggressive,0,2812,19294.76,-1.079,-57.695,7353.07,4.9,ok,,,,
zx16_core_ahb,cpu,zx16_core_ahb,area_safe@adder=kogge-stone,0,2878,19677.62,-1.461,-102.225,7610.11,2.1,ok,,,,
zx16_core_ahb,cpu,zx16_core_ahb,orfs_area@adder=kogge-stone,0,3282,22615.44,0.051,0.000,6260.41,1.9,ok,,,,
zx16_core_ahb,cpu,zx16_core_ahb,orfs_speed@adder=kogge-stone,0,2932,20437.10,-0.672,-43.990,6856.79,1.5,ok,,,,
zx16_core_ahb,cpu,zx16_core_ahb,delay_choice_deep_v3@adder=han-carlson,0,2945,20091.77,-0.982,-60.866,7151.63,1.4,ok,,,,
zx16_core_ahb,cpu,zx16_core_ahb,balanced_resyn2x@adder=kogge-stone,0,3015,20990.13,-0.515,-17.484,6593.17,3.2,ok,,,,
zx16_core_ahb,cpu,zx16_core_ahb,yosys_default@adder=kogge-stone,0,2912,20111.79,-1.076,-65.264,7315.21,1.5,ok,,,,
zx16_core_ahb,cpu,zx16_core_ahb,delay_map@adder=han-carlson,0,3765,22657.98,0.742,0.000,5661.28,1.5,ok,,,,
zx16_core_ahb,cpu,zx16_core_ahb,area_classic@adder=kogge-stone,0,2898,19924.11,-1.454,-105.040,7611.65,2.1,ok,,,,
zx16_core_ahb,cpu,zx16_core_ahb,area_lut6@adder=kogge-stone,0,2830,19661.36,-1.361,-75.493,7637.49,2.2,ok,,,,
zx16_core_ahb,cpu,zx16_core_ahb,delay_iter_heavy@adder=kogge-stone,0,2954,21057.70,-0.619,-10.612,6545.62,3.9,ok,,,,
zx16_core_ahb,cpu,zx16_core_ahb,delay_map_resyn@adder=han-carlson,1,3299,21046.44,0.770,0.000,5596.54,2.0,ok,,0.750,0.000,21046.44
zx16_core_ahb,cpu,zx16_core_ahb,delay_choice_deep@adder=han-carlson,0,2876,20388.30,-0.546,-25.671,6750.09,1.7,ok,,,,
zx16_core_ahb,cpu,zx16_core_ahb,delay_syn2@adder=han-carlson,0,3054,21346.72,-0.323,-9.229,6514.60,1.4,ok,,,,
zx16_core_ahb,cpu,zx16_core_ahb,balanced_resyn@adder=han-carlson,0,2936,20321.99,-0.492,-9.609,6621.66,1.8,ok,,,,
zx16_core_ahb,cpu,zx16_core_ahb,delay_choice_deep_bb@adder=han-carlson,0,2950,20836.23,-0.195,-0.901,6480.21,1.6,ok,,,,
zx16_core_ahb,cpu,zx16_core_ahb,area_max@adder=kogge-stone,0,2848,19879.07,-1.200,-84.991,7348.23,3.3,ok,,,,
zx16_core_ahb,cpu,zx16_core_ahb,delay_choice_deep_v2@adder=han-carlson,0,2876,20434.60,-0.520,-25.919,6740.94,1.8,ok,,,,
zx16_core_ahb,cpu,zx16_core_ahb,delay_choice_deep_v4@adder=han-carlson,0,2969,21659.52,-0.020,-0.099,6176.61,1.6,ok,,,,
zx16_core_ahb,cpu,zx16_core_ahb,orfs_area@adder=han-carlson,0,3214,22664.24,-0.149,-2.102,6277.14,1.7,ok,,,,
zx16_core_ahb,cpu,zx16_core_ahb,delay_triple@adder=han-carlson,0,2832,20429.59,-0.342,-7.043,6487.92,3.2,ok,,,,
zx16_core_ahb,cpu,zx16_core_ahb,orfs_speed@adder=han-carlson,0,2876,20294.46,-0.663,-43.246,6874.78,1.4,ok,,,,
zx16_core_ahb,cpu,zx16_core_ahb,area_classic@adder=han-carlson,0,2826,19259.72,-1.784,-137.366,8039.33,1.9,ok,,,,
zx16_core_ahb,cpu,zx16_core_ahb,area_safe@adder=han-carlson,0,2825,19606.30,-1.519,-108.848,7685.81,2.0,ok,,,,
zx16_core_ahb,cpu,zx16_core_ahb,area_lut6@adder=han-carlson,0,2783,19361.07,-1.371,-84.803,7711.45,2.2,ok,,,,
zx16_core_ahb,cpu,zx16_core_ahb,balanced_resyn2x@adder=han-carlson,0,2994,21232.86,-0.370,-9.576,6506.26,2.8,ok,,,,
zx16_core_ahb,cpu,zx16_core_ahb,yosys_default@adder=han-carlson,0,2832,19243.46,-1.983,-152.688,8267.93,1.4,ok,,,,
zx16_core_ahb,cpu,zx16_core_ahb,delay_iter_heavy@adder=han-carlson,0,2884,20179.35,-0.608,-18.088,6593.79,3.8,ok,,,,
zx16_core_ahb,cpu,zx16_core_ahb,delay_map@adder=sklansky,0,3723,22400.23,0.701,0.000,5705.70,1.5,ok,,,,
zx16_core_ahb,cpu,zx16_core_ahb,delay_aggressive@adder=kogge-stone,0,2842,19721.41,-0.747,-41.469,6981.16,5.2,ok,,,,
zx16_core_ahb,cpu,zx16_core_ahb,delay_choice_deep_v3@adder=sklansky,0,2920,20274.44,-0.509,-24.798,6704.12,1.4,ok,,,,
zx16_core_ahb,cpu,zx16_core_ahb,delay_map_resyn@adder=sklansky,0,3371,21083.97,0.388,0.000,5990.40,2.0,ok,,,,
zx16_core_ahb,cpu,zx16_core_ahb,delay_choice_deep@adder=sklansky,0,2896,20422.09,-0.566,-25.576,6799.62,1.6,ok,,,,
zx16_core_ahb,cpu,zx16_core_ahb,balanced_resyn@adder=sklansky,0,2955,20920.06,-0.256,-10.725,6576.18,1.8,ok,,,,
zx16_core_ahb,cpu,zx16_core_ahb,delay_syn2@adder=sklansky,0,2975,20970.11,-0.375,-15.388,6608.41,1.5,ok,,,,
zx16_core_ahb,cpu,zx16_core_ahb,delay_choice_deep_bb@adder=sklansky,0,2953,20549.71,-0.769,-33.748,6941.79,1.6,ok,,,,
zx16_core_ahb,cpu,zx16_core_ahb,delay_choice_deep_v2@adder=sklansky,0,2896,20432.10,-0.597,-29.072,6769.01,1.6,ok,,,,
zx16_core_ahb,cpu,zx16_core_ahb,area_max@adder=han-carlson,0,2757,19431.14,-1.167,-77.489,7405.23,3.3,ok,,,,
zx16_core_ahb,cpu,zx16_core_ahb,delay_choice_deep_v4@adder=sklansky,0,2951,20912.56,-0.421,-9.578,6447.02,1.5,ok,,,,
zx16_core_ahb,cpu,zx16_core_ahb,delay_triple@adder=sklansky,0,2889,20858.76,-0.325,-4.453,6379.27,3.0,ok,,,,
zx16_core_ahb,cpu,zx16_core_ahb,area_classic@adder=sklansky,0,2804,19112.08,-1.745,-125.836,8014.57,1.9,ok,,,,
zx16_core_ahb,cpu,zx16_core_ahb,area_safe@adder=sklansky,0,2845,19376.08,-2.149,-161.153,8251.17,1.9,ok,,,,
zx16_core_ahb,cpu,zx16_core_ahb,balanced_resyn2x@adder=sklansky,0,2935,20210.63,-0.823,-49.464,6996.62,2.8,ok,,,,
zx16_core_ahb,cpu,zx16_core_ahb,orfs_area@adder=sklansky,0,3200,22785.60,-0.202,-1.785,6184.37,1.8,ok,,,,
zx16_core_ahb,cpu,zx16_core_ahb,orfs_speed@adder=sklansky,0,2896,20377.04,-0.614,-35.601,6847.99,1.4,ok,,,,
zx16_core_ahb,cpu,zx16_core_ahb,yosys_default@adder=sklansky,0,2845,19416.12,-1.649,-150.269,7939.15,1.4,ok,,,,
zx16_core_ahb,cpu,zx16_core_ahb,delay_map@booth,0,3679,22246.34,0.741,0.000,5651.79,1.4,ok,,,,
zx16_core_ahb,cpu,zx16_core_ahb,delay_aggressive@adder=han-carlson,0,2793,19479.93,-1.159,-74.216,7388.12,4.9,ok,,,,
zx16_core_ahb,cpu,zx16_core_ahb,delay_choice_deep_v3@booth,0,2891,19890.33,-0.916,-50.595,7143.65,1.4,ok,,,,
zx16_core_ahb,cpu,zx16_core_ahb,area_lut6@adder=sklansky,0,2863,19414.87,-1.639,-109.389,7843.84,2.2,ok,,,,
zx16_core_ahb,cpu,zx16_core_ahb,delay_map_resyn@booth,0,3357,20475.89,0.032,0.000,6367.04,1.7,ok,,,,
zx16_core_ahb,cpu,zx16_core_ahb,delay_iter_heavy@adder=sklansky,0,2878,20230.65,-0.699,-9.745,6579.71,3.9,ok,,,,
zx16_core_ahb,cpu,zx16_core_ahb,delay_syn2@booth,0,2943,20587.24,-0.579,-29.404,6711.47,1.4,ok,,,,
zx16_core_ahb,cpu,zx16_core_ahb,balanced_resyn@booth,0,2963,20895.04,-0.763,-58.294,6884.93,1.8,ok,,,,
zx16_core_ahb,cpu,zx16_core_ahb,delay_choice_deep@booth,0,2884,20300.72,-0.724,-40.306,6976.38,1.6,ok,,,,
zx16_core_ahb,cpu,zx16_core_ahb,delay_choice_deep_bb@booth,0,2880,20052.98,-0.955,-77.350,7235.53,1.5,ok,,,,
zx16_core_ahb,cpu,zx16_core_ahb,delay_choice_deep_v2@booth,0,2884,20347.01,-0.715,-39.785,6976.15,1.7,ok,,,,
zx16_core_ahb,cpu,zx16_core_ahb,area_max@adder=sklansky,0,2743,18859.34,-1.843,-136.400,8155.15,3.3,ok,,,,
zx16_core_ahb,cpu,zx16_core_ahb,delay_choice_deep_v4@booth,0,2888,19969.15,-1.315,-121.298,7568.33,1.4,ok,,,,
zx16_core_ahb,cpu,zx16_core_ahb,delay_triple@booth,0,2853,20679.83,-0.408,-4.629,6365.56,3.0,ok,,,,
zx16_core_ahb,cpu,zx16_core_ahb,orfs_area@booth,0,3169,22372.71,-0.005,-0.011,6243.24,1.7,ok,,,,
zx16_core_ahb,cpu,zx16_core_ahb,area_safe@booth,0,2794,19260.97,-1.667,-133.133,8010.36,2.0,ok,,,,
zx16_core_ahb,cpu,zx16_core_ahb,area_classic@booth,0,2832,19595.04,-1.107,-80.216,7398.87,1.9,ok,,,,
zx16_core_ahb,cpu,zx16_core_ahb,orfs_speed@booth,0,2884,20201.88,-0.724,-52.470,7050.13,1.4,ok,,,,
zx16_core_ahb,cpu,zx16_core_ahb,area_lut6@booth,0,2828,19640.09,-1.223,-77.937,7565.35,2.1,ok,,,,
zx16_core_ahb,cpu,zx16_core_ahb,delay_aggressive@adder=sklansky,0,2762,19180.90,-1.338,-71.603,7498.49,4.8,ok,,,,
zx16_core_ahb,cpu,zx16_core_ahb,yosys_default@booth,0,2830,19652.60,-2.028,-154.242,8189.96,1.4,ok,,,,
zx16_core_ahb,cpu,zx16_core_ahb,delay_iter_heavy@booth,0,2845,20519.68,-0.173,-2.058,6398.06,3.6,ok,,,,
zx16_core_ahb,cpu,zx16_core_ahb,balanced_resyn2x@booth,0,2886,19752.69,-1.042,-69.275,7299.69,2.9,ok,,,,
zx16_core_ahb,cpu,zx16_core_ahb,delay_map@booth+adder=kogge-stone,0,3849,23137.19,0.621,0.000,5753.39,1.5,ok,,,,
zx16_core_ahb,cpu,zx16_core_ahb,delay_choice_deep_v3@booth+adder=kogge-stone,0,2994,20333.25,-1.016,-67.314,7127.18,1.4,ok,,,,
zx16_core_ahb,cpu,zx16_core_ahb,delay_map_resyn@booth+adder=kogge-stone,0,3426,21596.96,0.627,0.000,5700.80,1.8,ok,,,,
zx16_core_ahb,cpu,zx16_core_ahb,balanced_resyn@booth+adder=kogge-stone,0,3012,21256.64,-0.226,-4.454,6489.88,1.9,ok,,,,
zx16_core_ahb,cpu,zx16_core_ahb,delay_choice_deep@booth+adder=kogge-stone,0,2932,20658.56,-0.440,-19.681,6681.86,1.7,ok,,,,
zx16_core_ahb,cpu,zx16_core_ahb,delay_syn2@booth+adder=kogge-stone,0,3153,22248.84,-0.104,-0.934,6206.59,1.5,ok,,,,
zx16_core_ahb,cpu,zx16_core_ahb,area_max@booth,0,2781,19307.27,-1.034,-66.439,7417.54,3.3,ok,,,,
zx16_core_ahb,cpu,zx16_core_ahb,delay_choice_deep_v2@booth+adder=kogge-stone,0,2932,20747.40,-0.374,-13.592,6651.74,1.8,ok,,,,
zx16_core_ahb,cpu,zx16_core_ahb,delay_choice_deep_bb@booth+adder=kogge-stone,0,2999,21917.27,-0.282,-2.245,6274.35,1.7,ok,,,,
zx16_core_ahb,cpu,zx16_core_ahb,delay_choice_deep_v4@booth+adder=kogge-stone,0,3009,21715.83,-0.255,-2.068,6262.20,1.6,ok,,,,
zx16_core_ahb,cpu,zx16_core_ahb,area_safe@booth+adder=kogge-stone,0,2878,19677.62,-1.461,-102.225,7610.11,1.9,ok,,,,
zx16_core_ahb,cpu,zx16_core_ahb,delay_aggressive@booth,0,2812,19294.76,-1.079,-57.695,7353.07,4.4,ok,,,,
zx16_core_ahb,cpu,zx16_core_ahb,orfs_area@booth+adder=kogge-stone,0,3282,22615.44,0.051,0.000,6260.41,1.8,ok,,,,
zx16_core_ahb,cpu,zx16_core_ahb,delay_triple@booth+adder=kogge-stone,0,2910,20966.36,-0.546,-8.798,6558.16,3.0,ok,,,,
zx16_core_ahb,cpu,zx16_core_ahb,area_classic@booth+adder=kogge-stone,0,2898,19924.11,-1.454,-105.040,7611.65,1.9,ok,,,,
zx16_core_ahb,cpu,zx16_core_ahb,orfs_speed@booth+adder=kogge-stone,0,2932,20437.10,-0.672,-43.990,6856.79,1.4,ok,,,,
zx16_core_ahb,cpu,zx16_core_ahb,balanced_resyn2x@booth+adder=kogge-stone,0,3015,20990.13,-0.515,-17.484,6593.17,2.8,ok,,,,
zx16_core_ahb,cpu,zx16_core_ahb,area_lut6@booth+adder=kogge-stone,0,2830,19661.36,-1.361,-75.493,7637.49,2.0,ok,,,,
zx16_core_ahb,cpu,zx16_core_ahb,yosys_default@booth+adder=kogge-stone,0,2912,20111.79,-1.076,-65.264,7315.21,1.4,ok,,,,
zx16_core_ahb,cpu,zx16_core_ahb,delay_iter_heavy@booth+adder=kogge-stone,0,2954,21057.70,-0.619,-10.612,6545.62,3.6,ok,,,,
zx16_core_ahb,cpu,zx16_core_ahb,area_max@booth+adder=kogge-stone,0,2848,19879.07,-1.200,-84.991,7348.23,3.1,ok,,,,
zx16_core_ahb,cpu,zx16_core_ahb,delay_aggressive@booth+adder=kogge-stone,0,2842,19721.41,-0.747,-41.469,6981.16,4.1,ok,,,,
zxip,soc_ip,zxip_top,orfs_area,0,18202,164851.86,-2.213,-31.690,4762.85,6.5,ok,,,,
zxip,soc_ip,zxip_top,delay_choice_deep_v3,0,18186,161253.40,-1.238,-14.822,4946.96,7.1,ok,,,,
zxip,soc_ip,zxip_top,delay_syn2,0,18278,161454.85,-1.996,-26.909,5277.95,7.3,ok,,,,
zxip,soc_ip,zxip_top,delay_map,0,23146,162605.95,-1.875,-24.963,4432.04,7.5,ok,,,,
zxip,soc_ip,zxip_top,delay_choice_deep_bb,0,18083,159854.56,-1.377,-18.583,5492.03,8.0,ok,,,,
zxip,soc_ip,zxip_top,delay_choice_deep_v4,0,18052,160383.82,-1.996,-27.220,5340.56,8.0,ok,,,,
zxip,soc_ip,zxip_top,delay_choice_deep,0,18305,161153.31,-2.322,-32.219,4965.22,8.1,ok,,,,
zxip,soc_ip,zxip_top,delay_choice_deep_v2,0,18305,161153.31,-2.322,-32.219,4965.22,8.8,ok,,,,
zxip,soc_ip,zxip_top,balanced_resyn,0,18211,156725.31,-1.865,-26.723,5334.71,9.4,ok,,,,
zxip,soc_ip,zxip_top,delay_map_resyn,0,22474,159163.90,-1.429,-19.792,4541.92,9.4,ok,,,,
zxip,soc_ip,zxip_top,area_safe,0,18382,157633.68,-1.879,-25.486,5760.43,10.0,ok,,,,
zxip,soc_ip,zxip_top,area_classic,0,18381,157921.46,-1.879,-25.801,5455.29,10.4,ok,,,,
zxip,soc_ip,zxip_top,area_lut6,0,18286,157088.16,-1.908,-25.738,6028.01,11.9,ok,,,,
zxip,soc_ip,zxip_top,orfs_speed,0,18305,160806.73,-2.322,-32.219,5108.59,7.6,ok,,,,
zxip,soc_ip,zxip_top,yosys_default,0,17998,158558.32,-1.936,-27.433,5879.73,7.5,ok,,,,
zxip,soc_ip,zxip_top,delay_map@adder=kogge-stone,0,23269,164898.15,-1.875,-25.110,4305.25,7.6,ok,,,,
zxip,soc_ip,zxip_top,delay_triple,0,18031,158832.33,-2.016,-28.249,4811.74,15.0,ok,,,,
zxip,soc_ip,zxip_top,delay_choice_deep_v3@adder=kogge-stone,0,18109,160372.56,-1.375,-17.133,5215.58,7.2,ok,,,,
zxip,soc_ip,zxip_top,balanced_resyn2x,0,17916,156191.05,-1.877,-26.319,5416.32,15.3,ok,,,,
zxip,soc_ip,zxip_top,area_max,0,18052,157987.77,-1.880,-25.848,5424.97,16.5,ok,,,,
zxip,soc_ip,zxip_top,delay_map_resyn@adder=kogge-stone,0,23055,161596.23,-1.713,-22.546,4361.38,9.1,ok,,,,
zxip,soc_ip,zxip_top,delay_choice_deep@adder=kogge-stone,0,18237,160202.40,-1.947,-27.006,5363.51,7.8,ok,,,,
zxip,soc_ip,zxip_top,delay_iter_heavy,0,17707,157572.37,-2.030,-27.133,5059.71,17.4,ok,,,,
zxip,soc_ip,zxip_top,delay_syn2@adder=kogge-stone,0,18183,161478.62,-1.976,-26.967,4964.82,7.3,ok,,,,
zxip,soc_ip,zxip_top,balanced_resyn@adder=kogge-stone,0,18644,158059.09,-1.864,-26.953,5057.80,9.5,ok,,,,
zxip,soc_ip,zxip_top,delay_choice_deep_v2@adder=kogge-stone,0,18237,160202.40,-1.947,-27.006,5363.51,8.4,ok,,,,
zxip,soc_ip,zxip_top,delay_choice_deep_bb@adder=kogge-stone,0,17806,160322.51,-1.323,-17.876,4989.27,7.7,ok,,,,
zxip,soc_ip,zxip_top,orfs_area@adder=kogge-stone,0,18062,163282.85,-1.955,-27.463,5041.06,6.6,ok,,,,
zxip,soc_ip,zxip_top,delay_aggressive,0,18191,156581.42,-1.875,-25.694,6335.98,21.9,ok,,,,
zxip,soc_ip,zxip_top,delay_triple@adder=kogge-stone,0,17774,158911.16,-2.017,-28.280,4933.45,14.4,ok,,,,
zxip,soc_ip,zxip_top,balanced_resyn2x@adder=kogge-stone,0,17885,158182.96,-1.909,-27.052,5250.84,13.7,ok,,,,
zxip,soc_ip,zxip_top,delay_choice_deep_v4@adder=kogge-stone,0,18083,160749.17,-1.984,-27.065,4961.34,8.5,ok,,,,
zxip,soc_ip,zxip_top,orfs_speed@adder=kogge-stone,0,18237,160202.40,-1.947,-27.006,5363.51,7.7,ok,,,,
zxip,soc_ip,zxip_top,yosys_default@adder=kogge-stone,0,17890,159325.31,-1.936,-26.690,5384.20,7.5,ok,,,,
zxip,soc_ip,zxip_top,area_safe@adder=kogge-stone,0,18093,158514.53,-1.906,-26.105,5712.57,10.1,ok,,,,
zxip,soc_ip,zxip_top,delay_map@adder=han-carlson,0,23222,162866.20,-1.935,-25.706,4303.99,7.5,ok,,,,
zxip,soc_ip,zxip_top,area_classic@adder=kogge-stone,0,18165,158812.31,-1.867,-25.177,5466.95,10.1,ok,,,,
zxip,soc_ip,zxip_top,delay_choice_deep_v3@adder=han-carlson,0,18053,161309.71,-1.238,-14.837,4989.11,7.1,ok,,,,
zxip,soc_ip,zxip_top,area_lut6@adder=kogge-stone,0,17924,157673.72,-1.869,-25.223,5630.85,11.1,ok,,,,
zxip,soc_ip,zxip_top,delay_iter_heavy@adder=kogge-stone,0,17808,158592.10,-1.937,-26.573,5033.07,18.4,ok,,,,
zxip,soc_ip,zxip_top,delay_map_resyn@adder=han-carlson,0,22843,161277.18,-1.613,-22.909,4423.98,8.8,ok,,,,
zxip,soc_ip,zxip_top,delay_choice_deep@adder=han-carlson,0,18474,161262.16,-1.948,-27.571,5119.32,8.0,ok,,,,
zxip,soc_ip,zxip_top,delay_syn2@adder=han-carlson,0,18403,161743.88,-2.006,-27.438,5381.38,7.1,ok,,,,
zxip,soc_ip,zxip_top,balanced_resyn@adder=han-carlson,0,18675,157786.33,-1.867,-27.044,5270.45,9.2,ok,,,,
zxip,soc_ip,zxip_top,delay_choice_deep_v2@adder=han-carlson,0,18474,161362.26,-1.948,-27.571,5113.04,8.4,ok,,,,
zxip,soc_ip,zxip_top,orfs_area@adder=han-carlson,0,18433,163127.70,-1.955,-27.456,5014.22,6.5,ok,,,,
zxip,soc_ip,zxip_top,delay_choice_deep_bb@adder=han-carlson,0,18043,160855.52,-1.325,-17.638,5255.83,8.1,ok,,,,
zxip,soc_ip,zxip_top,delay_triple@adder=han-carlson,0,17774,158699.71,-1.958,-27.688,5101.26,14.2,ok,,,,
zxip,soc_ip,zxip_top,delay_choice_deep_v4@adder=han-carlson,0,18012,160066.02,-1.996,-27.269,5229.44,7.7,ok,,,,
zxip,soc_ip,zxip_top,orfs_speed@adder=han-carlson,0,18474,161203.36,-1.948,-27.571,5187.10,7.2,ok,,,,
zxip,soc_ip,zxip_top,area_max@adder=kogge-stone,0,17937,158390.66,-1.878,-26.135,5327.47,17.4,ok,,,,
zxip,soc_ip,zxip_top,area_safe@adder=han-carlson,0,18429,158010.29,-1.923,-25.803,5567.94,10.3,ok,,,,
zxip,soc_ip,zxip_top,area_classic@adder=han-carlson,0,17970,158404.42,-1.869,-25.067,5567.13,10.5,ok,,,,
zxip,soc_ip,zxip_top,balanced_resyn2x@adder=han-carlson,0,18029,157912.70,-1.878,-26.335,5159.70,13.5,ok,,,,
zxip,soc_ip,zxip_top,delay_aggressive@adder=kogge-stone,0,17956,156802.89,-1.903,-25.780,5551.29,22.4,ok,,,,
zxip,soc_ip,zxip_top,delay_iter_heavy@adder=han-carlson,0,17735,158348.12,-1.958,-27.652,5075.84,17.3,ok,,,,
zxip,soc_ip,zxip_top,area_lut6@adder=han-carlson,0,18280,157531.08,-1.923,-25.634,6042.19,10.8,ok,,,,
zxip,soc_ip,zxip_top,yosys_default@adder=han-carlson,0,18050,159362.84,-1.931,-27.852,5634.35,7.2,ok,,,,
zxip,soc_ip,zxip_top,delay_map@adder=sklansky,0,22590,160590.27,-1.803,-23.706,4420.61,7.3,ok,,,,
zxip,soc_ip,zxip_top,delay_choice_deep_v3@adder=sklansky,1,18096,161348.50,-1.237,-15.322,4861.02,7.1,ok,,-0.470,-5.290,161572.46
zxip,soc_ip,zxip_top,delay_map_resyn@adder=sklansky,0,22700,160403.84,-1.375,-19.479,4495.97,8.7,ok,,,,
zxip,soc_ip,zxip_top,delay_choice_deep@adder=sklansky,0,18355,160352.54,-1.946,-27.768,5093.35,7.8,ok,,,,
zxip,soc_ip,zxip_top,balanced_resyn@adder=sklansky,0,18567,157641.19,-1.863,-26.971,5119.17,9.0,ok,,,,
zxip,soc_ip,zxip_top,delay_choice_deep_v2@adder=sklansky,0,18355,160352.54,-1.946,-27.768,5093.35,44.5,ok,,,,
zxip,soc_ip,zxip_top,delay_syn2@adder=sklansky,0,18551,162135.50,-1.940,-27.258,5169.40,43.4,ok,,,,
zxip,soc_ip,zxip_top,area_max@adder=han-carlson,0,18163,157853.89,-1.877,-25.679,5505.46,52.3,ok,,,,
zxip,soc_ip,zxip_top,delay_choice_deep_bb@adder=sklansky,0,18022,160158.60,-1.579,-19.982,5620.49,44.0,ok,,,,
zxip,soc_ip,zxip_top,orfs_area@adder=sklansky,0,18083,164869.37,-2.213,-31.714,4879.19,42.9,ok,,,,
zxip,soc_ip,zxip_top,delay_choice_deep_v4@adder=sklansky,0,17967,160267.46,-1.996,-27.250,5098.82,43.6,ok,,,,
zxip,soc_ip,zxip_top,delay_triple@adder=sklansky,0,17732,159012.51,-1.935,-26.849,5127.31,50.4,ok,,,,
zxip,soc_ip,zxip_top,area_safe@adder=sklansky,0,18327,157604.91,-1.932,-25.845,5777.86,46.0,ok,,,,
zxip,soc_ip,zxip_top,orfs_speed@adder=sklansky,0,18355,160330.02,-1.946,-27.768,5120.27,43.1,ok,,,,
zxip,soc_ip,zxip_top,delay_aggressive@adder=han-carlson,0,18091,157478.53,-1.877,-25.638,5556.96,58.3,ok,,,,
zxip,soc_ip,zxip_top,area_classic@adder=sklansky,0,18376,158316.84,-1.879,-25.555,5881.82,45.8,ok,,,,
zxip,soc_ip,zxip_top,yosys_default@adder=sklansky,0,18004,158777.28,-1.957,-27.411,5970.59,42.9,ok,,,,
zxip,soc_ip,zxip_top,balanced_resyn2x@adder=sklansky,0,18124,157292.11,-1.878,-26.262,5350.82,49.8,ok,,,,
zxip,soc_ip,zxip_top,area_lut6@adder=sklansky,0,18007,157175.74,-1.908,-26.489,5832.32,46.5,ok,,,,
zxip,soc_ip,zxip_top,delay_map@booth,0,23146,162605.95,-1.875,-24.963,4432.04,42.9,ok,,,,
zxip,soc_ip,zxip_top,delay_choice_deep_v3@booth,0,18186,161253.40,-1.238,-14.822,4946.96,6.4,ok,,,,
zxip,soc_ip,zxip_top,delay_iter_heavy@adder=sklansky,0,17697,158221.75,-1.934,-26.291,5064.77,53.3,ok,,,,
zxip,soc_ip,zxip_top,delay_map_resyn@booth,0,22474,159163.90,-1.429,-19.792,4541.92,8.2,ok,,,,
zxip,soc_ip,zxip_top,delay_choice_deep@booth,0,18305,161153.31,-2.322,-32.219,4965.22,8.2,ok,,,,
zxip,soc_ip,zxip_top,balanced_resyn@booth,0,18211,156725.31,-1.865,-26.723,5334.71,9.2,ok,,,,
zxip,soc_ip,zxip_top,delay_syn2@booth,0,18278,161454.85,-1.996,-26.909,5277.95,8.3,ok,,,,
zxip,soc_ip,zxip_top,area_max@adder=sklansky,0,18208,157785.08,-1.903,-25.975,5616.39,53.2,ok,,,,
zxip,soc_ip,zxip_top,delay_choice_deep_bb@booth,0,18083,159854.56,-1.377,-18.583,5492.03,9.1,ok,,,,
zxip,soc_ip,zxip_top,delay_choice_deep_v2@booth,0,18305,161153.31,-2.322,-32.219,4965.22,9.4,ok,,,,
zxip,soc_ip,zxip_top,orfs_area@booth,0,18202,164851.86,-2.213,-31.690,4762.85,7.7,ok,,,,
zxip,soc_ip,zxip_top,delay_choice_deep_v4@booth,0,18052,160383.82,-1.996,-27.220,5340.56,9.2,ok,,,,
zxip,soc_ip,zxip_top,delay_triple@booth,0,18031,158832.33,-2.016,-28.249,4811.74,15.5,ok,,,,
zxip,soc_ip,zxip_top,area_safe@booth,0,18382,157633.68,-1.879,-25.486,5760.43,11.2,ok,,,,
zxip,soc_ip,zxip_top,delay_aggressive@adder=sklansky,0,17895,157671.22,-1.878,-25.932,6104.41,59.0,ok,,,,
zxip,soc_ip,zxip_top,orfs_speed@booth,0,18305,160806.73,-2.322,-32.219,5108.59,8.4,ok,,,,
zxip,soc_ip,zxip_top,area_classic@booth,0,18381,157921.46,-1.879,-25.801,5455.29,11.1,ok,,,,
zxip,soc_ip,zxip_top,yosys_default@booth,0,17998,158558.32,-1.936,-27.433,5879.73,8.0,ok,,,,
zxip,soc_ip,zxip_top,area_lut6@booth,0,18286,157088.16,-1.908,-25.738,6028.01,12.2,ok,,,,
zxip,soc_ip,zxip_top,delay_map@booth+adder=kogge-stone,0,23269,164898.15,-1.875,-25.110,4305.25,7.8,ok,,,,
zxip,soc_ip,zxip_top,balanced_resyn2x@booth,0,17916,156191.05,-1.877,-26.319,5416.32,15.5,ok,,,,
zxip,soc_ip,zxip_top,delay_iter_heavy@booth,0,17707,157572.37,-2.030,-27.133,5059.71,18.7,ok,,,,
zxip,soc_ip,zxip_top,delay_choice_deep_v3@booth+adder=kogge-stone,0,18109,160372.56,-1.375,-17.133,5215.58,7.2,ok,,,,
zxip,soc_ip,zxip_top,delay_map_resyn@booth+adder=kogge-stone,0,23055,161596.23,-1.713,-22.546,4361.38,9.4,ok,,,,
zxip,soc_ip,zxip_top,delay_choice_deep@booth+adder=kogge-stone,0,18237,160202.40,-1.947,-27.006,5363.51,8.3,ok,,,,
zxip,soc_ip,zxip_top,balanced_resyn@booth+adder=kogge-stone,0,18644,158059.09,-1.864,-26.953,5057.80,9.7,ok,,,,
zxip,soc_ip,zxip_top,delay_syn2@booth+adder=kogge-stone,0,18183,161478.62,-1.976,-26.967,4964.82,7.6,ok,,,,
zxip,soc_ip,zxip_top,delay_choice_deep_v2@booth+adder=kogge-stone,0,18237,160202.40,-1.947,-27.006,5363.51,8.3,ok,,,,
zxip,soc_ip,zxip_top,delay_choice_deep_bb@booth+adder=kogge-stone,0,17806,160322.51,-1.323,-17.876,4989.27,8.2,ok,,,,
zxip,soc_ip,zxip_top,area_max@booth,0,18052,157987.77,-1.880,-25.848,5424.97,17.8,ok,,,,
zxip,soc_ip,zxip_top,orfs_area@booth+adder=kogge-stone,0,18062,163282.85,-1.955,-27.463,5041.06,6.3,ok,,,,
zxip,soc_ip,zxip_top,delay_choice_deep_v4@booth+adder=kogge-stone,0,18083,160749.17,-1.984,-27.065,4961.34,7.8,ok,,,,
zxip,soc_ip,zxip_top,area_safe@booth+adder=kogge-stone,0,18093,158514.53,-1.906,-26.105,5712.57,9.6,ok,,,,
zxip,soc_ip,zxip_top,area_classic@booth+adder=kogge-stone,0,18165,158812.31,-1.867,-25.177,5466.95,9.5,ok,,,,
zxip,soc_ip,zxip_top,delay_aggressive@booth,0,18191,156581.42,-1.875,-25.694,6335.98,23.7,ok,,,,
zxip,soc_ip,zxip_top,orfs_speed@booth+adder=kogge-stone,0,18237,160202.40,-1.947,-27.006,5363.51,6.5,ok,,,,
zxip,soc_ip,zxip_top,delay_triple@booth+adder=kogge-stone,0,17774,158911.16,-2.017,-28.280,4933.45,15.0,ok,,,,
zxip,soc_ip,zxip_top,balanced_resyn2x@booth+adder=kogge-stone,0,17885,158182.96,-1.909,-27.052,5250.84,12.9,ok,,,,
zxip,soc_ip,zxip_top,yosys_default@booth+adder=kogge-stone,0,17890,159325.31,-1.936,-26.690,5384.20,6.4,ok,,,,
zxip,soc_ip,zxip_top,area_lut6@booth+adder=kogge-stone,0,17924,157673.72,-1.869,-25.223,5630.85,9.8,ok,,,,
zxip,soc_ip,zxip_top,delay_iter_heavy@booth+adder=kogge-stone,0,17808,158592.10,-1.937,-26.573,5033.07,16.5,ok,,,,
zxip,soc_ip,zxip_top,area_max@booth+adder=kogge-stone,0,17937,158390.66,-1.878,-26.135,5327.47,13.7,ok,,,,
zxip,soc_ip,zxip_top,delay_aggressive@booth+adder=kogge-stone,0,17956,156802.89,-1.903,-25.780,5551.29,19.3,ok,,,,
ms_psram_ahb,soc_ip,ms_psram_ahb,orfs_area,0,3090,28030.63,-0.798,-2.424,3578.21,1.1,ok,,,,
ms_psram_ahb,soc_ip,ms_psram_ahb,delay_syn2,0,2926,26638.05,-1.518,-7.501,4545.51,1.2,ok,,,,
ms_psram_ahb,soc_ip,ms_psram_ahb,delay_choice_deep_v3,0,2998,28192.04,-0.817,-2.450,3556.19,1.2,ok,,,,
ms_psram_ahb,soc_ip,ms_psram_ahb,delay_choice_deep,0,2917,26940.84,-1.134,-4.884,3978.04,1.3,ok,,,,
ms_psram_ahb,soc_ip,ms_psram_ahb,delay_map,0,3468,26845.75,-1.679,-5.037,3163.53,1.3,ok,,,,
ms_psram_ahb,soc_ip,ms_psram_ahb,delay_choice_deep_v4,0,2811,26265.19,-0.652,-2.067,4862.23,1.3,ok,,,,
ms_psram_ahb,soc_ip,ms_psram_ahb,balanced_resyn,0,2737,25557.01,-0.572,-1.754,4025.08,1.3,ok,,,,
ms_psram_ahb,soc_ip,ms_psram_ahb,delay_map_resyn,0,3130,25126.60,-0.633,-1.899,3368.08,1.3,ok,,,,
ms_psram_ahb,soc_ip,ms_psram_ahb,delay_choice_deep_bb,0,2796,25928.62,-0.754,-2.827,6971.49,1.4,ok,,,,
ms_psram_ahb,soc_ip,ms_psram_ahb,delay_choice_deep_v2,0,2917,26940.84,-1.134,-4.884,3978.04,1.5,ok,,,,
ms_psram_ahb,soc_ip,ms_psram_ahb,area_safe,0,2698,25182.90,-0.327,-0.982,5190.51,1.5,ok,,,,
ms_psram_ahb,soc_ip,ms_psram_ahb,area_classic,0,2717,25146.62,-0.192,-0.576,4829.22,1.5,ok,,,,
ms_psram_ahb,soc_ip,ms_psram_ahb,area_lut6,0,2606,25069.04,-0.912,-3.332,7359.92,1.7,ok,,,,
ms_psram_ahb,soc_ip,ms_psram_ahb,balanced_resyn2x,1,2685,25149.12,0.117,0.000,4685.35,2.1,ok,,0.100,0.000,25149.12
ms_psram_ahb,soc_ip,ms_psram_ahb,area_max,0,2674,24986.46,-0.397,-1.191,6084.75,2.3,ok,,,,
ms_psram_ahb,soc_ip,ms_psram_ahb,yosys_default,0,2882,26013.70,-0.697,-2.090,5168.93,1.2,ok,,,,
ms_psram_ahb,soc_ip,ms_psram_ahb,delay_triple,0,2853,26332.76,-0.637,-1.940,3760.94,2.4,ok,,,,
ms_psram_ahb,soc_ip,ms_psram_ahb,orfs_speed,0,2917,26905.80,-1.134,-4.884,4029.61,1.3,ok,,,,
ms_psram_ahb,soc_ip,ms_psram_ahb,delay_map@adder=kogge-stone,0,3540,27015.91,-1.421,-4.261,3115.86,1.4,ok,,,,
ms_psram_ahb,soc_ip,ms_psram_ahb,delay_choice_deep_v3@adder=kogge-stone,0,3074,28527.36,-1.423,-4.375,3540.21,1.3,ok,,,,
ms_psram_ahb,soc_ip,ms_psram_ahb,delay_iter_heavy,0,2815,26133.81,-1.296,-5.959,3687.56,2.7,ok,,,,
ms_psram_ahb,soc_ip,ms_psram_ahb,delay_syn2@adder=kogge-stone,0,2922,26939.59,-1.383,-5.820,3928.24,1.2,ok,,,,
ms_psram_ahb,soc_ip,ms_psram_ahb,delay_map_resyn@adder=kogge-stone,0,3165,25154.12,-0.862,-2.587,3483.21,1.5,ok,,,,
ms_psram_ahb,soc_ip,ms_psram_ahb,balanced_resyn@adder=kogge-stone,0,2783,25605.81,-0.746,-2.601,3963.58,1.5,ok,,,,
ms_psram_ahb,soc_ip,ms_psram_ahb,delay_choice_deep@adder=kogge-stone,0,2915,27317.45,-0.683,-2.050,3603.86,1.6,ok,,,,
ms_psram_ahb,soc_ip,ms_psram_ahb,delay_aggressive,0,2634,25065.29,-0.180,-0.541,5196.04,3.2,ok,,,,
ms_psram_ahb,soc_ip,ms_psram_ahb,delay_choice_deep_v2@adder=kogge-stone,0,2915,27317.45,-0.683,-2.050,3603.86,1.7,ok,,,,
ms_psram_ahb,soc_ip,ms_psram_ahb,delay_choice_deep_bb@adder=kogge-stone,0,2851,27177.32,-0.118,-0.355,3387.93,1.5,ok,,,,
ms_psram_ahb,soc_ip,ms_psram_ahb,orfs_area@adder=kogge-stone,0,3129,28317.16,-0.835,-2.505,3484.17,1.2,ok,,,,
ms_psram_ahb,soc_ip,ms_psram_ahb,balanced_resyn2x@adder=kogge-stone,0,2686,25324.29,-0.672,-2.418,4517.81,2.2,ok,,,,
ms_psram_ahb,soc_ip,ms_psram_ahb,delay_choice_deep_v4@adder=kogge-stone,0,2830,26850.75,-0.213,-0.640,3984.64,1.3,ok,,,,
ms_psram_ahb,soc_ip,ms_psram_ahb,delay_triple@adder=kogge-stone,0,2840,26527.94,-0.386,-1.157,3596.70,2.5,ok,,,,
ms_psram_ahb,soc_ip,ms_psram_ahb,area_safe@adder=kogge-stone,0,2722,25298.01,-0.554,-1.995,5664.62,1.6,ok,,,,
ms_psram_ahb,soc_ip,ms_psram_ahb,yosys_default@adder=kogge-stone,0,2906,26182.61,-0.597,-1.853,5088.80,1.2,ok,,,,
ms_psram_ahb,soc_ip,ms_psram_ahb,area_classic@adder=kogge-stone,0,2717,25234.20,-0.420,-1.361,6395.85,1.6,ok,,,,
ms_psram_ahb,soc_ip,ms_psram_ahb,orfs_speed@adder=kogge-stone,0,2915,27269.90,-0.683,-2.050,3668.10,1.5,ok,,,,
ms_psram_ahb,soc_ip,ms_psram_ahb,delay_map@adder=han-carlson,0,3517,27302.44,-1.380,-4.140,3066.28,1.4,ok,,,,
ms_psram_ahb,soc_ip,ms_psram_ahb,delay_map_resyn@adder=han-carlson,0,3136,25174.14,-0.657,-1.971,3415.04,1.5,ok,,,,
ms_psram_ahb,soc_ip,ms_psram_ahb,delay_choice_deep_v3@adder=han-carlson,0,3073,28225.82,-1.308,-3.924,3639.99,1.4,ok,,,,
ms_psram_ahb,soc_ip,ms_psram_ahb,area_lut6@adder=kogge-stone,0,2756,25749.70,-0.868,-4.034,7058.87,1.9,ok,,,,
ms_psram_ahb,soc_ip,ms_psram_ahb,balanced_resyn@adder=han-carlson,0,2732,25384.35,-0.589,-1.821,3987.97,1.4,ok,,,,
ms_psram_ahb,soc_ip,ms_psram_ahb,delay_iter_heavy@adder=kogge-stone,0,2806,26636.80,-0.386,-1.157,3563.16,3.3,ok,,,,
ms_psram_ahb,soc_ip,ms_psram_ahb,area_max@adder=kogge-stone,0,2700,25044.02,-1.668,-10.776,7878.59,2.3,ok,,,,
ms_psram_ahb,soc_ip,ms_psram_ahb,delay_syn2@adder=han-carlson,0,2892,27104.75,-1.314,-5.347,3832.78,1.3,ok,,,,
ms_psram_ahb,soc_ip,ms_psram_ahb,delay_choice_deep_v2@adder=han-carlson,0,2904,27423.80,-0.825,-2.476,3269.46,1.4,ok,,,,
ms_psram_ahb,soc_ip,ms_psram_ahb,delay_choice_deep@adder=han-carlson,0,2904,27426.30,-0.825,-2.476,3269.46,1.5,ok,,,,
ms_psram_ahb,soc_ip,ms_psram_ahb,delay_aggressive@adder=kogge-stone,0,2649,25084.06,-0.179,-0.536,5633.88,3.3,ok,,,,
ms_psram_ahb,soc_ip,ms_psram_ahb,delay_choice_deep_bb@adder=han-carlson,0,2763,26150.08,-0.834,-2.503,4803.78,1.5,ok,,,,
ms_psram_ahb,soc_ip,ms_psram_ahb,delay_triple@adder=han-carlson,0,2808,26158.84,-0.352,-1.056,3606.05,2.4,ok,,,,
ms_psram_ahb,soc_ip,ms_psram_ahb,orfs_area@adder=han-carlson,0,3039,28273.37,-0.703,-2.268,4093.60,1.2,ok,,,,
ms_psram_ahb,soc_ip,ms_psram_ahb,area_safe@adder=han-carlson,0,2763,25374.34,-0.377,-1.131,5368.81,1.6,ok,,,,
ms_psram_ahb,soc_ip,ms_psram_ahb,delay_choice_deep_v4@adder=han-carlson,0,2874,27282.42,-0.591,-1.823,3704.08,1.5,ok,,,,
ms_psram_ahb,soc_ip,ms_psram_ahb,balanced_resyn2x@adder=han-carlson,0,2658,25267.98,-0.415,-1.244,4393.98,2.0,ok,,,,
ms_psram_ahb,soc_ip,ms_psram_ahb,area_classic@adder=han-carlson,0,2710,25211.68,-0.371,-1.262,6214.07,1.6,ok,,,,
ms_psram_ahb,soc_ip,ms_psram_ahb,yosys_default@adder=han-carlson,0,2896,26181.36,-0.764,-2.292,5025.49,1.3,ok,,,,
ms_psram_ahb,soc_ip,ms_psram_ahb,orfs_speed@adder=han-carlson,0,2904,27341.22,-0.825,-2.476,3330.70,1.4,ok,,,,
ms_psram_ahb,soc_ip,ms_psram_ahb,delay_iter_heavy@adder=han-carlson,0,2793,26286.46,-0.691,-2.072,3244.86,2.8,ok,,,,
ms_psram_ahb,soc_ip,ms_psram_ahb,area_lut6@adder=han-carlson,0,2628,25224.19,-4.162,-31.772,10448.15,1.8,ok,,,,
ms_psram_ahb,soc_ip,ms_psram_ahb,delay_map@adder=sklansky,0,3538,26798.20,-1.582,-4.746,3225.65,1.4,ok,,,,
ms_psram_ahb,soc_ip,ms_psram_ahb,delay_map_resyn@adder=sklansky,0,3080,24687.43,-0.633,-1.899,3536.12,1.3,ok,,,,
ms_psram_ahb,soc_ip,ms_psram_ahb,delay_choice_deep_v3@adder=sklansky,0,3000,28029.38,-1.342,-4.349,3952.49,1.3,ok,,,,
ms_psram_ahb,soc_ip,ms_psram_ahb,area_max@adder=han-carlson,0,2654,25132.85,-6.081,-67.716,12138.84,2.3,ok,,,,
ms_psram_ahb,soc_ip,ms_psram_ahb,balanced_resyn@adder=sklansky,0,2735,25381.84,-0.025,-0.076,4319.27,1.5,ok,,,,
ms_psram_ahb,soc_ip,ms_psram_ahb,delay_syn2@adder=sklansky,0,2909,26618.03,-1.551,-7.958,4700.05,1.3,ok,,,,
ms_psram_ahb,soc_ip,ms_psram_ahb,delay_choice_deep_bb@adder=sklansky,0,2788,25951.14,-0.726,-2.179,6009.24,1.3,ok,,,,
ms_psram_ahb,soc_ip,ms_psram_ahb,delay_choice_deep@adder=sklansky,0,2886,26899.55,-1.236,-3.711,4173.10,1.5,ok,,,,
ms_psram_ahb,soc_ip,ms_psram_ahb,delay_choice_deep_v2@adder=sklansky,0,2886,26899.55,-1.236,-3.711,4173.10,1.5,ok,,,,
ms_psram_ahb,soc_ip,ms_psram_ahb,delay_choice_deep_v4@adder=sklansky,0,2805,26306.48,-0.588,-1.764,4654.34,1.3,ok,,,,
ms_psram_ahb,soc_ip,ms_psram_ahb,orfs_area@adder=sklansky,0,3068,27979.33,-0.985,-3.159,3674.12,1.2,ok,,,,
ms_psram_ahb,soc_ip,ms_psram_ahb,area_safe@adder=sklansky,0,2774,25061.54,-0.345,-1.035,5895.22,1.5,ok,,,,
ms_psram_ahb,soc_ip,ms_psram_ahb,delay_aggressive@adder=han-carlson,0,2719,24991.47,-0.608,-1.823,5113.78,3.5,ok,,,,
ms_psram_ahb,soc_ip,ms_psram_ahb,balanced_resyn2x@adder=sklansky,0,2672,25226.69,-0.347,-1.042,4569.62,1.9,ok,,,,
ms_psram_ahb,soc_ip,ms_psram_ahb,area_classic@adder=sklansky,0,2697,25057.78,-0.191,-0.571,5276.36,1.5,ok,,,,
ms_psram_ahb,soc_ip,ms_psram_ahb,delay_triple@adder=sklansky,0,2767,26152.58,-0.224,-0.672,3924.47,2.4,ok,,,,
ms_psram_ahb,soc_ip,ms_psram_ahb,orfs_speed@adder=sklansky,0,2886,26879.53,-1.236,-3.711,4196.47,1.3,ok,,,,
ms_psram_ahb,soc_ip,ms_psram_ahb,area_lut6@adder=sklansky,0,2606,24987.72,-4.593,-43.295,11102.04,1.6,ok,,,,
ms_psram_ahb,soc_ip,ms_psram_ahb,yosys_default@adder=sklansky,0,2835,25765.96,-0.877,-3.038,6310.44,1.4,ok,,,,
ms_psram_ahb,soc_ip,ms_psram_ahb,delay_iter_heavy@adder=sklansky,0,2786,26063.75,-0.346,-1.157,3772.30,2.9,ok,,,,
ms_psram_ahb,soc_ip,ms_psram_ahb,delay_map@booth,0,3468,26845.75,-1.679,-5.037,3163.53,1.3,ok,,,,
ms_psram_ahb,soc_ip,ms_psram_ahb,delay_map_resyn@booth,0,3130,25126.60,-0.633,-1.899,3368.08,1.3,ok,,,,
ms_psram_ahb,soc_ip,ms_psram_ahb,delay_choice_deep_v3@booth,0,2998,28192.04,-0.817,-2.450,3556.19,1.4,ok,,,,
ms_psram_ahb,soc_ip,ms_psram_ahb,delay_choice_deep@booth,0,2917,26940.84,-1.134,-4.884,3978.04,1.3,ok,,,,
ms_psram_ahb,soc_ip,ms_psram_ahb,balanced_resyn@booth,0,2737,25557.01,-0.572,-1.754,4025.08,1.4,ok,,,,
ms_psram_ahb,soc_ip,ms_psram_ahb,delay_syn2@booth,0,2926,26638.05,-1.518,-7.501,4545.51,1.3,ok,,,,
ms_psram_ahb,soc_ip,ms_psram_ahb,delay_choice_deep_bb@booth,0,2796,25928.62,-0.754,-2.827,6971.49,1.4,ok,,,,
ms_psram_ahb,soc_ip,ms_psram_ahb,area_max@adder=sklansky,0,2652,24888.87,-2.468,-14.437,8676.26,2.6,ok,,,,
ms_psram_ahb,soc_ip,ms_psram_ahb,delay_choice_deep_v2@booth,0,2917,26940.84,-1.134,-4.884,3978.04,1.6,ok,,,,
ms_psram_ahb,soc_ip,ms_psram_ahb,delay_aggressive@adder=sklansky,0,2618,25060.28,-0.230,-0.689,4690.38,3.3,ok,,,,
ms_psram_ahb,soc_ip,ms_psram_ahb,delay_triple@booth,0,2853,26332.76,-0.637,-1.940,3760.94,2.2,ok,,,,
ms_psram_ahb,soc_ip,ms_psram_ahb,area_safe@booth,0,2698,25182.90,-0.327,-0.982,5190.51,1.5,ok,,,,
ms_psram_ahb,soc_ip,ms_psram_ahb,delay_choice_deep_v4@booth,0,2811,26265.19,-0.652,-2.067,4862.23,1.3,ok,,,,
ms_psram_ahb,soc_ip,ms_psram_ahb,orfs_area@booth,0,3090,28030.63,-0.798,-2.424,3578.21,1.2,ok,,,,
ms_psram_ahb,soc_ip,ms_psram_ahb,balanced_resyn2x@booth,0,2685,25149.12,0.117,0.000,4685.35,2.1,ok,,,,
ms_psram_ahb,soc_ip,ms_psram_ahb,area_classic@booth,0,2717,25146.62,-0.192,-0.576,4829.22,1.4,ok,,,,
ms_psram_ahb,soc_ip,ms_psram_ahb,orfs_speed@booth,0,2917,26905.80,-1.134,-4.884,4029.61,1.2,ok,,,,
ms_psram_ahb,soc_ip,ms_psram_ahb,delay_iter_heavy@booth,0,2815,26133.81,-1.296,-5.959,3687.56,2.9,ok,,,,
ms_psram_ahb,soc_ip,ms_psram_ahb,yosys_default@booth,0,2882,26013.70,-0.697,-2.090,5168.93,1.3,ok,,,,
ms_psram_ahb,soc_ip,ms_psram_ahb,area_lut6@booth,0,2606,25069.04,-0.912,-3.332,7359.92,1.7,ok,,,,
ms_psram_ahb,soc_ip,ms_psram_ahb,delay_map@booth+adder=kogge-stone,0,3540,27015.91,-1.421,-4.261,3115.86,1.3,ok,,,,
ms_psram_ahb,soc_ip,ms_psram_ahb,delay_choice_deep_v3@booth+adder=kogge-stone,0,3074,28527.36,-1.423,-4.375,3540.21,1.4,ok,,,,
ms_psram_ahb,soc_ip,ms_psram_ahb,delay_map_resyn@booth+adder=kogge-stone,0,3165,25154.12,-0.862,-2.587,3483.21,1.5,ok,,,,
ms_psram_ahb,soc_ip,ms_psram_ahb,balanced_resyn@booth+adder=kogge-stone,0,2783,25605.81,-0.746,-2.601,3963.58,1.5,ok,,,,
ms_psram_ahb,soc_ip,ms_psram_ahb,area_max@booth,0,2674,24986.46,-0.397,-1.191,6084.75,2.3,ok,,,,
ms_psram_ahb,soc_ip,ms_psram_ahb,delay_syn2@booth+adder=kogge-stone,0,2922,26939.59,-1.383,-5.820,3928.24,1.3,ok,,,,
ms_psram_ahb,soc_ip,ms_psram_ahb,delay_choice_deep@booth+adder=kogge-stone,0,2915,27317.45,-0.683,-2.050,3603.86,1.5,ok,,,,
ms_psram_ahb,soc_ip,ms_psram_ahb,delay_choice_deep_bb@booth+adder=kogge-stone,0,2851,27177.32,-0.118,-0.355,3387.93,1.3,ok,,,,
ms_psram_ahb,soc_ip,ms_psram_ahb,delay_choice_deep_v2@booth+adder=kogge-stone,0,2915,27317.45,-0.683,-2.050,3603.86,1.6,ok,,,,
ms_psram_ahb,soc_ip,ms_psram_ahb,orfs_area@booth+adder=kogge-stone,0,3129,28317.16,-0.835,-2.505,3484.17,1.2,ok,,,,
ms_psram_ahb,soc_ip,ms_psram_ahb,delay_aggressive@booth,0,2634,25065.29,-0.180,-0.541,5196.04,3.6,ok,,,,
ms_psram_ahb,soc_ip,ms_psram_ahb,area_safe@booth+adder=kogge-stone,0,2722,25298.01,-0.554,-1.995,5664.62,1.6,ok,,,,
ms_psram_ahb,soc_ip,ms_psram_ahb,delay_choice_deep_v4@booth+adder=kogge-stone,0,2830,26850.75,-0.213,-0.640,3984.64,1.3,ok,,,,
ms_psram_ahb,soc_ip,ms_psram_ahb,balanced_resyn2x@booth+adder=kogge-stone,0,2686,25324.29,-0.672,-2.418,4517.81,2.0,ok,,,,
ms_psram_ahb,soc_ip,ms_psram_ahb,delay_triple@booth+adder=kogge-stone,0,2840,26527.94,-0.386,-1.157,3596.70,2.3,ok,,,,
ms_psram_ahb,soc_ip,ms_psram_ahb,area_classic@booth+adder=kogge-stone,0,2717,25234.20,-0.420,-1.361,6395.85,1.4,ok,,,,
ms_psram_ahb,soc_ip,ms_psram_ahb,orfs_speed@booth+adder=kogge-stone,0,2915,27269.90,-0.683,-2.050,3668.10,1.2,ok,,,,
ms_psram_ahb,soc_ip,ms_psram_ahb,area_lut6@booth+adder=kogge-stone,0,2756,25749.70,-0.868,-4.034,7058.87,1.6,ok,,,,
ms_psram_ahb,soc_ip,ms_psram_ahb,yosys_default@booth+adder=kogge-stone,0,2906,26182.61,-0.597,-1.853,5088.80,1.1,ok,,,,
ms_psram_ahb,soc_ip,ms_psram_ahb,delay_iter_heavy@booth+adder=kogge-stone,0,2806,26636.80,-0.386,-1.157,3563.16,2.8,ok,,,,
ms_psram_ahb,soc_ip,ms_psram_ahb,area_max@booth+adder=kogge-stone,0,2700,25044.02,-1.668,-10.776,7878.59,2.0,ok,,,,
ms_psram_ahb,soc_ip,ms_psram_ahb,delay_aggressive@booth+adder=kogge-stone,0,2649,25084.06,-0.179,-0.536,5633.88,3.0,ok,,,,
uart_apb_sys,soc_ip,uart_apb_sys,delay_syn2,0,1898,16240.58,3.457,0.000,4049.34,0.7,ok,,,,
uart_apb_sys,soc_ip,uart_apb_sys,delay_map,0,2099,17460.50,4.119,0.000,2398.00,0.8,ok,,,,
uart_apb_sys,soc_ip,uart_apb_sys,delay_choice_deep_v4,0,1898,16016.61,3.087,0.000,5590.50,0.8,ok,,,,
uart_apb_sys,soc_ip,uart_apb_sys,delay_choice_deep_v3,0,1896,17285.33,3.866,0.000,2800.08,0.9,ok,,,,
uart_apb_sys,soc_ip,uart_apb_sys,delay_map_resyn,0,1986,16738.55,4.119,0.000,2541.25,0.9,ok,,,,
uart_apb_sys,soc_ip,uart_apb_sys,delay_choice_deep_bb,0,1879,15952.80,1.739,0.000,7106.37,0.9,ok,,,,
uart_apb_sys,soc_ip,uart_apb_sys,balanced_resyn,0,1920,16273.11,3.540,0.000,3250.69,1.0,ok,,,,
uart_apb_sys,soc_ip,uart_apb_sys,area_safe,0,1804,15732.59,-1.203,-2.838,9934.65,1.0,ok,,,,
uart_apb_sys,soc_ip,uart_apb_sys,area_classic,0,1802,15712.57,-0.431,-0.550,9109.56,1.0,ok,,,,
uart_apb_sys,soc_ip,uart_apb_sys,orfs_area,0,1961,17575.61,3.995,0.000,3042.44,1.0,ok,,,,
uart_apb_sys,soc_ip,uart_apb_sys,delay_choice_deep,0,1828,17138.94,3.968,0.000,2959.09,1.1,ok,,,,
uart_apb_sys,soc_ip,uart_apb_sys,area_lut6,0,1792,15619.98,-1.130,-2.805,9982.24,1.1,ok,,,,
uart_apb_sys,soc_ip,uart_apb_sys,delay_choice_deep_v2,0,1828,17138.94,3.968,0.000,2959.09,1.2,ok,,,,
uart_apb_sys,soc_ip,uart_apb_sys,balanced_resyn2x,0,1883,16041.64,3.542,0.000,3274.81,1.5,ok,,,,
uart_apb_sys,soc_ip,uart_apb_sys,area_max,0,1777,15594.96,-0.682,-1.705,9746.67,1.7,ok,,,,
uart_apb_sys,soc_ip,uart_apb_sys,orfs_speed,0,1828,16713.53,3.968,0.000,2990.58,1.0,ok,,,,
uart_apb_sys,soc_ip,uart_apb_sys,yosys_default,0,1801,15703.81,-1.130,-2.732,9965.85,1.0,ok,,,,
uart_apb_sys,soc_ip,uart_apb_sys,delay_map@adder=kogge-stone,0,2261,17641.92,4.119,0.000,2474.03,1.1,ok,,,,
uart_apb_sys,soc_ip,uart_apb_sys,delay_map_resyn@adder=kogge-stone,1,1994,17128.93,4.120,0.000,2472.65,1.2,ok,,4.120,0.000,17128.93
uart_apb_sys,soc_ip,uart_apb_sys,balanced_resyn@adder=kogge-stone,0,1919,16447.02,3.624,0.000,3227.79,1.1,ok,,,,
uart_apb_sys,soc_ip,uart_apb_sys,delay_syn2@adder=kogge-stone,0,1910,16358.19,3.453,0.000,3722.72,0.9,ok,,,,
uart_apb_sys,soc_ip,uart_apb_sys,delay_triple,0,1827,16489.56,3.968,0.000,2922.54,2.1,ok,,,,
uart_apb_sys,soc_ip,uart_apb_sys,delay_choice_deep_v3@adder=kogge-stone,0,1932,17188.99,3.697,0.000,2951.72,1.2,ok,,,,
uart_apb_sys,soc_ip,uart_apb_sys,delay_aggressive,0,1779,15606.22,0.105,0.000,8698.04,2.1,ok,,,,
uart_apb_sys,soc_ip,uart_apb_sys,delay_iter_heavy,0,1828,16917.48,3.971,0.000,2807.50,2.2,ok,,,,
uart_apb_sys,soc_ip,uart_apb_sys,delay_choice_deep_bb@adder=kogge-stone,0,1920,16647.22,3.903,0.000,2967.47,1.1,ok,,,,
uart_apb_sys,soc_ip,uart_apb_sys,delay_choice_deep@adder=kogge-stone,0,1897,16970.03,3.719,0.000,3489.79,1.4,ok,,,,
uart_apb_sys,soc_ip,uart_apb_sys,delay_choice_deep_v2@adder=kogge-stone,0,1897,16970.03,3.719,0.000,3489.79,1.5,ok,,,,
uart_apb_sys,soc_ip,uart_apb_sys,balanced_resyn2x@adder=kogge-stone,0,1913,16189.28,3.538,0.000,3309.40,1.6,ok,,,,
uart_apb_sys,soc_ip,uart_apb_sys,delay_choice_deep_v4@adder=kogge-stone,0,1931,16552.12,3.851,0.000,3036.52,1.1,ok,,,,
uart_apb_sys,soc_ip,uart_apb_sys,area_safe@adder=kogge-stone,0,1811,15693.80,-0.633,-0.918,9309.65,1.1,ok,,,,
uart_apb_sys,soc_ip,uart_apb_sys,orfs_area@adder=kogge-stone,0,1938,18129.89,3.998,0.000,2800.98,1.0,ok,,,,
uart_apb_sys,soc_ip,uart_apb_sys,yosys_default@adder=kogge-stone,0,1807,15697.56,-1.034,-2.469,9609.36,0.9,ok,,,,
uart_apb_sys,soc_ip,uart_apb_sys,area_classic@adder=kogge-stone,0,1795,15676.28,-0.010,-0.010,8720.35,1.2,ok,,,,
uart_apb_sys,soc_ip,uart_apb_sys,delay_triple@adder=kogge-stone,0,1884,17306.60,3.969,0.000,2911.79,2.2,ok,,,,
uart_apb_sys,soc_ip,uart_apb_sys,delay_map@adder=han-carlson,0,2252,17704.48,4.119,0.000,2424.57,1.0,ok,,,,
uart_apb_sys,soc_ip,uart_apb_sys,orfs_speed@adder=kogge-stone,0,1897,16971.28,3.719,0.000,3489.79,1.1,ok,,,,
uart_apb_sys,soc_ip,uart_apb_sys,delay_map_resyn@adder=han-carlson,0,1990,17405.44,4.120,0.000,2415.31,1.2,ok,,,,
uart_apb_sys,soc_ip,uart_apb_sys,area_lut6@adder=kogge-stone,0,1802,15648.76,-0.889,-1.456,9569.94,1.3,ok,,,,
uart_apb_sys,soc_ip,uart_apb_sys,delay_choice_deep_v3@adder=han-carlson,0,1921,17153.95,3.697,0.000,3008.16,1.2,ok,,,,
uart_apb_sys,soc_ip,uart_apb_sys,delay_iter_heavy@adder=kogge-stone,0,1891,16858.67,3.731,0.000,3211.51,2.5,ok,,,,
uart_apb_sys,soc_ip,uart_apb_sys,delay_aggressive@adder=kogge-stone,0,1775,15619.98,0.006,0.000,8683.72,2.2,ok,,,,
uart_apb_sys,soc_ip,uart_apb_sys,area_max@adder=kogge-stone,0,1776,15582.44,-0.901,-1.708,9563.08,1.6,ok,,,,
uart_apb_sys,soc_ip,uart_apb_sys,balanced_resyn@adder=han-carlson,0,1958,16488.31,3.701,0.000,3069.26,1.2,ok,,,,
uart_apb_sys,soc_ip,uart_apb_sys,delay_choice_deep@adder=han-carlson,0,1860,16537.11,3.719,0.000,3421.92,1.2,ok,,,,
uart_apb_sys,soc_ip,uart_apb_sys,delay_syn2@adder=han-carlson,0,1903,16528.35,3.666,0.000,3331.15,1.0,ok,,,,
uart_apb_sys,soc_ip,uart_apb_sys,delay_choice_deep_bb@adder=han-carlson,0,1907,16226.81,3.903,0.000,3552.36,1.1,ok,,,,
uart_apb_sys,soc_ip,uart_apb_sys,delay_choice_deep_v4@adder=han-carlson,0,1922,16360.69,3.837,0.000,3364.78,1.2,ok,,,,
uart_apb_sys,soc_ip,uart_apb_sys,delay_choice_deep_v2@adder=han-carlson,0,1860,16537.11,3.719,0.000,3421.92,1.5,ok,,,,
uart_apb_sys,soc_ip,uart_apb_sys,delay_triple@adder=han-carlson,0,1846,16692.26,3.785,0.000,2986.27,2.1,ok,,,,
uart_apb_sys,soc_ip,uart_apb_sys,area_safe@adder=han-carlson,0,1798,15671.28,-0.630,-0.904,9320.09,1.3,ok,,,,
uart_apb_sys,soc_ip,uart_apb_sys,balanced_resyn2x@adder=han-carlson,0,1897,16089.18,3.537,0.000,3344.69,1.6,ok,,,,
uart_apb_sys,soc_ip,uart_apb_sys,orfs_area@adder=han-carlson,0,1989,17790.81,3.665,0.000,2999.88,1.2,ok,,,,
uart_apb_sys,soc_ip,uart_apb_sys,area_classic@adder=han-carlson,0,1808,15747.60,0.607,0.000,8053.71,1.3,ok,,,,
uart_apb_sys,soc_ip,uart_apb_sys,area_lut6@adder=han-carlson,0,1805,15693.80,-0.752,-1.231,9451.03,1.3,ok,,,,
uart_apb_sys,soc_ip,uart_apb_sys,orfs_speed@adder=han-carlson,0,1860,16537.11,3.719,0.000,3421.92,1.2,ok,,,,
uart_apb_sys,soc_ip,uart_apb_sys,yosys_default@adder=han-carlson,0,1796,15688.80,-1.415,-4.020,10019.48,1.0,ok,,,,
uart_apb_sys,soc_ip,uart_apb_sys,delay_map@adder=sklansky,0,2243,17967.23,4.119,0.000,2397.06,1.0,ok,,,,
uart_apb_sys,soc_ip,uart_apb_sys,delay_map_resyn@adder=sklansky,0,1993,17072.62,4.120,0.000,2557.43,1.1,ok,,,,
uart_apb_sys,soc_ip,uart_apb_sys,delay_iter_heavy@adder=han-carlson,0,1858,17110.16,3.786,0.000,3054.11,2.6,ok,,,,
uart_apb_sys,soc_ip,uart_apb_sys,delay_choice_deep_v3@adder=sklansky,0,1910,17073.88,3.640,0.000,2944.01,1.3,ok,,,,
uart_apb_sys,soc_ip,uart_apb_sys,area_max@adder=han-carlson,0,1782,15637.50,-0.629,-1.085,9401.90,1.8,ok,,,,
uart_apb_sys,soc_ip,uart_apb_sys,delay_syn2@adder=sklansky,0,1907,16298.13,3.454,0.000,4326.17,0.8,ok,,,,
uart_apb_sys,soc_ip,uart_apb_sys,balanced_resyn@adder=sklansky,0,1946,15956.55,3.539,0.000,3942.93,1.1,ok,,,,
uart_apb_sys,soc_ip,uart_apb_sys,delay_aggressive@adder=han-carlson,0,1776,15632.49,0.239,0.000,8427.92,2.4,ok,,,,
uart_apb_sys,soc_ip,uart_apb_sys,delay_choice_deep_bb@adder=sklansky,0,1891,15995.34,2.679,0.000,6144.11,0.9,ok,,,,
uart_apb_sys,soc_ip,uart_apb_sys,delay_choice_deep@adder=sklansky,0,1865,17138.94,3.724,0.000,3023.28,1.2,ok,,,,
uart_apb_sys,soc_ip,uart_apb_sys,delay_choice_deep_v4@adder=sklansky,0,1909,16094.19,3.759,0.000,5068.57,0.9,ok,,,,
uart_apb_sys,soc_ip,uart_apb_sys,area_safe@adder=sklansky,0,1803,15711.32,-0.837,-1.485,9535.54,1.1,ok,,,,
uart_apb_sys,soc_ip,uart_apb_sys,orfs_area@adder=sklansky,0,1992,17596.88,3.685,0.000,3032.83,1.1,ok,,,,
uart_apb_sys,soc_ip,uart_apb_sys,delay_triple@adder=sklansky,0,1858,16634.70,3.732,0.000,2982.35,2.0,ok,,,,
uart_apb_sys,soc_ip,uart_apb_sys,delay_choice_deep_v2@adder=sklansky,0,1865,17138.94,3.724,0.000,3023.28,1.5,ok,,,,
uart_apb_sys,soc_ip,uart_apb_sys,balanced_resyn2x@adder=sklansky,0,1892,16183.02,3.623,0.000,3233.67,1.5,ok,,,,
uart_apb_sys,soc_ip,uart_apb_sys,area_classic@adder=sklansky,0,1801,15713.82,0.869,0.000,7733.21,1.3,ok,,,,
uart_apb_sys,soc_ip,uart_apb_sys,yosys_default@adder=sklansky,0,1791,15602.46,-1.121,-2.682,9914.29,0.8,ok,,,,
uart_apb_sys,soc_ip,uart_apb_sys,area_lut6@adder=sklansky,0,1804,15702.56,-0.917,-1.540,9618.23,1.2,ok,,,,
uart_apb_sys,soc_ip,uart_apb_sys,delay_map@booth,0,2099,17460.50,4.119,0.000,2398.00,0.8,ok,,,,
uart_apb_sys,soc_ip,uart_apb_sys,orfs_speed@adder=sklansky,0,1865,16843.65,3.724,0.000,3041.81,1.0,ok,,,,
uart_apb_sys,soc_ip,uart_apb_sys,delay_map_resyn@booth,0,1986,16738.55,4.119,0.000,2541.25,1.0,ok,,,,
uart_apb_sys,soc_ip,uart_apb_sys,delay_iter_heavy@adder=sklansky,0,1856,17075.13,3.968,0.000,3004.06,2.2,ok,,,,
uart_apb_sys,soc_ip,uart_apb_sys,delay_choice_deep_v3@booth,0,1896,17285.33,3.866,0.000,2800.08,1.1,ok,,,,
uart_apb_sys,soc_ip,uart_apb_sys,area_max@adder=sklansky,0,1782,15603.72,-0.064,-0.105,8879.09,1.6,ok,,,,
uart_apb_sys,soc_ip,uart_apb_sys,delay_syn2@booth,0,1898,16240.58,3.457,0.000,4049.34,0.8,ok,,,,
uart_apb_sys,soc_ip,uart_apb_sys,balanced_resyn@booth,0,1920,16273.11,3.540,0.000,3250.69,1.1,ok,,,,
uart_apb_sys,soc_ip,uart_apb_sys,delay_choice_deep_bb@booth,0,1879,15952.80,1.739,0.000,7106.37,1.0,ok,,,,
uart_apb_sys,soc_ip,uart_apb_sys,delay_choice_deep@booth,0,1828,17138.94,3.968,0.000,2959.09,1.2,ok,,,,
uart_apb_sys,soc_ip,uart_apb_sys,delay_choice_deep_v4@booth,0,1898,16016.61,3.087,0.000,5590.50,0.9,ok,,,,
uart_apb_sys,soc_ip,uart_apb_sys,delay_aggressive@adder=sklansky,0,1786,15621.23,1.297,0.000,7527.59,2.4,ok,,,,
uart_apb_sys,soc_ip,uart_apb_sys,area_safe@booth,0,1804,15732.59,-1.203,-2.838,9934.65,1.1,ok,,,,
uart_apb_sys,soc_ip,uart_apb_sys,orfs_area@booth,0,1961,17575.61,3.995,0.000,3042.44,1.1,ok,,,,
uart_apb_sys,soc_ip,uart_apb_sys,delay_choice_deep_v2@booth,0,1828,17138.94,3.968,0.000,2959.09,1.3,ok,,,,
uart_apb_sys,soc_ip,uart_apb_sys,area_classic@booth,0,1802,15712.57,-0.431,-0.550,9109.56,1.2,ok,,,,
uart_apb_sys,soc_ip,uart_apb_sys,balanced_resyn2x@booth,0,1883,16041.64,3.542,0.000,3274.81,1.5,ok,,,,
uart_apb_sys,soc_ip,uart_apb_sys,delay_triple@booth,0,1827,16489.56,3.968,0.000,2922.54,2.0,ok,,,,
uart_apb_sys,soc_ip,uart_apb_sys,orfs_speed@booth,0,1828,16713.53,3.968,0.000,2990.58,1.0,ok,,,,
uart_apb_sys,soc_ip,uart_apb_sys,yosys_default@booth,0,1801,15703.81,-1.130,-2.732,9965.85,0.9,ok,,,,
uart_apb_sys,soc_ip,uart_apb_sys,area_lut6@booth,0,1792,15619.98,-1.130,-2.805,9982.24,1.2,ok,,,,
uart_apb_sys,soc_ip,uart_apb_sys,delay_map@booth+adder=kogge-stone,0,2261,17641.92,4.119,0.000,2474.03,0.9,ok,,,,
uart_apb_sys,soc_ip,uart_apb_sys,delay_map_resyn@booth+adder=kogge-stone,0,1994,17128.93,4.120,0.000,2472.65,1.1,ok,,,,
uart_apb_sys,soc_ip,uart_apb_sys,delay_iter_heavy@booth,0,1828,16917.48,3.971,0.000,2807.50,2.4,ok,,,,
uart_apb_sys,soc_ip,uart_apb_sys,delay_choice_deep_v3@booth+adder=kogge-stone,0,1932,17188.99,3.697,0.000,2951.72,1.2,ok,,,,
uart_apb_sys,soc_ip,uart_apb_sys,area_max@booth,0,1777,15594.96,-0.682,-1.705,9746.67,1.7,ok,,,,
uart_apb_sys,soc_ip,uart_apb_sys,balanced_resyn@booth+adder=kogge-stone,0,1919,16447.02,3.624,0.000,3227.79,1.1,ok,,,,
uart_apb_sys,soc_ip,uart_apb_sys,delay_syn2@booth+adder=kogge-stone,0,1910,16358.19,3.453,0.000,3722.72,0.9,ok,,,,
uart_apb_sys,soc_ip,uart_apb_sys,delay_aggressive@booth,0,1779,15606.22,0.105,0.000,8698.04,2.3,ok,,,,
uart_apb_sys,soc_ip,uart_apb_sys,delay_choice_deep_bb@booth+adder=kogge-stone,0,1920,16647.22,3.903,0.000,2967.47,0.9,ok,,,,
uart_apb_sys,soc_ip,uart_apb_sys,delay_choice_deep@booth+adder=kogge-stone,0,1897,16970.03,3.719,0.000,3489.79,1.3,ok,,,,
uart_apb_sys,soc_ip,uart_apb_sys,delay_choice_deep_v4@booth+adder=kogge-stone,0,1931,16552.12,3.851,0.000,3036.52,0.9,ok,,,,
uart_apb_sys,soc_ip,uart_apb_sys,orfs_area@booth+adder=kogge-stone,0,1938,18129.89,3.998,0.000,2800.98,1.0,ok,,,,
uart_apb_sys,soc_ip,uart_apb_sys,area_safe@booth+adder=kogge-stone,0,1811,15693.80,-0.633,-0.918,9309.65,1.0,ok,,,,
uart_apb_sys,soc_ip,uart_apb_sys,delay_choice_deep_v2@booth+adder=kogge-stone,0,1897,16970.03,3.719,0.000,3489.79,1.4,ok,,,,
uart_apb_sys,soc_ip,uart_apb_sys,area_classic@booth+adder=kogge-stone,0,1795,15676.28,-0.010,-0.010,8720.35,1.1,ok,,,,
uart_apb_sys,soc_ip,uart_apb_sys,balanced_resyn2x@booth+adder=kogge-stone,0,1913,16189.28,3.538,0.000,3309.40,1.6,ok,,,,
uart_apb_sys,soc_ip,uart_apb_sys,area_lut6@booth+adder=kogge-stone,0,1802,15648.76,-0.889,-1.456,9569.94,1.1,ok,,,,
uart_apb_sys,soc_ip,uart_apb_sys,delay_triple@booth+adder=kogge-stone,0,1884,17306.60,3.969,0.000,2911.79,1.9,ok,,,,
uart_apb_sys,soc_ip,uart_apb_sys,yosys_default@booth+adder=kogge-stone,0,1807,15697.56,-1.034,-2.469,9609.36,0.8,ok,,,,
uart_apb_sys,soc_ip,uart_apb_sys,orfs_speed@booth+adder=kogge-stone,0,1897,16971.28,3.719,0.000,3489.79,0.9,ok,,,,
uart_apb_sys,soc_ip,uart_apb_sys,delay_iter_heavy@booth+adder=kogge-stone,0,1891,16858.67,3.731,0.000,3211.51,2.2,ok,,,,
uart_apb_sys,soc_ip,uart_apb_sys,area_max@booth+adder=kogge-stone,0,1776,15582.44,-0.901,-1.708,9563.08,1.4,ok,,,,
uart_apb_sys,soc_ip,uart_apb_sys,delay_aggressive@booth+adder=kogge-stone,0,1775,15619.98,0.006,0.000,8683.72,2.1,ok,,,,
